ISO-10303-21;
HEADER;
FILE_DESCRIPTION (( 'STEP AP214' ),
    '1' );
FILE_NAME ('BME280.STEP',
    '2026-01-27T15:55:05',
    ( '' ),
    ( '' ),
    'SwSTEP 2.0',
    'SolidWorks 2021',
    '' );
FILE_SCHEMA (( 'AUTOMOTIVE_DESIGN' ));
ENDSEC;

DATA;
#1 = CARTESIAN_POINT ( 'NONE',  ( 1.249999999999995115, 0.1300000000000000044, -1.250000000000000888 ) ) ;
#2 = ORIENTED_EDGE ( 'NONE', *, *, #351, .F. ) ;
#3 =( NAMED_UNIT ( * ) SI_UNIT ( $, .STERADIAN. ) SOLID_ANGLE_UNIT ( ) );
#4 = LINE ( 'NONE', #781, #1146 ) ;
#5 = CARTESIAN_POINT ( 'NONE',  ( -0.8292893218813423006, 0.8999999999999998002, 0.8500000000000033085 ) ) ;
#6 = CARTESIAN_POINT ( 'NONE',  ( -0.9878679656440307877, 0.2300000000000000933, 1.120710678118658210 ) ) ;
#7 = EDGE_LOOP ( 'NONE', ( #2365, #4869, #2095, #3847, #3964, #4140 ) ) ;
#8 = DIRECTION ( 'NONE',  ( -0.000000000000000000, 1.000000000000000000, -0.000000000000000000 ) ) ;
#9 = ORIENTED_EDGE ( 'NONE', *, *, #800, .T. ) ;
#10 = LINE ( 'NONE', #4223, #4915 ) ;
#11 = EDGE_CURVE ( 'NONE', #770, #4088, #3867, .T. ) ;
#12 = EDGE_CURVE ( 'NONE', #3628, #779, #2388, .T. ) ;
#13 = VECTOR ( 'NONE', #3888, 1000.000000000000000 ) ;
#14 = CARTESIAN_POINT ( 'NONE',  ( 0.9728385119356161015, 0.2299999999999999267, -1.108234432236722800 ) ) ;
#15 = DIRECTION ( 'NONE',  ( 3.801253388124706614E-15, -0.000000000000000000, 1.000000000000000000 ) ) ;
#16 = CARTESIAN_POINT ( 'NONE',  ( 1.044948974278314902, 0.1300000000000000044, -1.050000000000004041 ) ) ;
#17 = ORIENTED_EDGE ( 'NONE', *, *, #4210, .F. ) ;
#18 = ORIENTED_EDGE ( 'NONE', *, *, #1592, .F. ) ;
#19 = VECTOR ( 'NONE', #3049, 1000.000000000000000 ) ;
#20 = ADVANCED_FACE ( 'NONE', ( #3527 ), #2081, .T. ) ;
#21 = ADVANCED_FACE ( 'NONE', ( #2155 ), #1775, .F. ) ;
#22 = ORIENTED_EDGE ( 'NONE', *, *, #3313, .T. ) ;
#23 = STYLED_ITEM ( 'NONE', ( #4545 ), #595 ) ;
#24 = SURFACE_STYLE_FILL_AREA ( #3497 ) ;
#25 = DIRECTION ( 'NONE',  ( 1.000000000000000000, 0.000000000000000000, -3.614007241618349954E-15 ) ) ;
#26 = CARTESIAN_POINT ( 'NONE',  ( -2.967759138016663352E-15, 0.7500000000000000000, -0.8500000000000000888 ) ) ;
#27 = VECTOR ( 'NONE', #4671, 1000.000000000000000 ) ;
#28 = CARTESIAN_POINT ( 'NONE',  ( -1.149999999999998135, 0.1000000000000000056, 0.5000000000000037748 ) ) ;
#29 = ORIENTED_EDGE ( 'NONE', *, *, #2568, .F. ) ;
#30 = CARTESIAN_POINT ( 'NONE',  ( -0.8000000000000041522, 0.2799999999999998601, -1.149999999999997469 ) ) ;
#31 = DIRECTION ( 'NONE',  ( -3.181709289561560885E-15, -0.000000000000000000, -1.000000000000000000 ) ) ;
#32 = CARTESIAN_POINT ( 'NONE',  ( -1.120710678118650661, 0.2300000000000000933, 0.9878679656440402246 ) ) ;
#33 = ORIENTED_EDGE ( 'NONE', *, *, #180, .F. ) ;
#34 = LINE ( 'NONE', #4726, #1040 ) ;
#35 = VERTEX_POINT ( 'NONE', #3303 ) ;
#36 = CARTESIAN_POINT ( 'NONE',  ( 0.000000000000000000, 0.1000000000000000056, 0.000000000000000000 ) ) ;
#37 = LINE ( 'NONE', #4626, #3237 ) ;
#38 = CARTESIAN_POINT ( 'NONE',  ( 0.000000000000000000, 0.1000000000000000056, 0.000000000000000000 ) ) ;
#39 = ORIENTED_EDGE ( 'NONE', *, *, #1352, .F. ) ;
#40 = ORIENTED_EDGE ( 'NONE', *, *, #1260, .F. ) ;
#41 = CARTESIAN_POINT ( 'NONE',  ( -1.149999999999997025, 0.1000000000000000056, 0.8000000000000037081 ) ) ;
#42 = CARTESIAN_POINT ( 'NONE',  ( -0.8000000000000031530, 0.9999999999999997780, -0.8499999999999974243 ) ) ;
#43 = CARTESIAN_POINT ( 'NONE',  ( 2.967759138016664141E-15, 0.9000000000000001332, 0.8500000000000003109 ) ) ;
#44 = EDGE_CURVE ( 'NONE', #4059, #2625, #415, .T. ) ;
#45 = CARTESIAN_POINT ( 'NONE',  ( -0.8000000000000038192, 0.1000000000000000056, -1.149999999999996358 ) ) ;
#46 = VECTOR ( 'NONE', #4748, 1000.000000000000000 ) ;
#47 = DIRECTION ( 'NONE',  ( -1.000000000000000000, 0.000000000000000000, 3.614007241618351532E-15 ) ) ;
#48 = ORIENTED_EDGE ( 'NONE', *, *, #1121, .T. ) ;
#49 = DIRECTION ( 'NONE',  ( 0.000000000000000000, -1.000000000000000000, 0.000000000000000000 ) ) ;
#50 = DIRECTION ( 'NONE',  ( 1.000000000000000000, -0.000000000000000000, -4.111025437406278295E-15 ) ) ;
#51 = CARTESIAN_POINT ( 'NONE',  ( -1.745740669421564508E-15, 0.000000000000000000, -0.4999999999999993339 ) ) ;
#52 = PLANE ( 'NONE',  #3074 ) ;
#53 = ORIENTED_EDGE ( 'NONE', *, *, #1181, .T. ) ;
#54 = DIRECTION ( 'NONE',  ( 3.801253388124705825E-15, 0.000000000000000000, 1.000000000000000000 ) ) ;
#55 = AXIS2_PLACEMENT_3D ( 'NONE', #756, #1617, #47 ) ;
#56 = VERTEX_POINT ( 'NONE', #4384 ) ;
#57 = CARTESIAN_POINT ( 'NONE',  ( -1.150000000000003908, 0.2300000000000000100, -1.029999999999995364 ) ) ;
#58 = AXIS2_PLACEMENT_3D ( 'NONE', #1170, #743, #1095 ) ;
#59 = ADVANCED_FACE ( 'NONE', ( #4062 ), #3954, .T. ) ;
#60 = CARTESIAN_POINT ( 'NONE',  ( -1.100000000000003197, 0.2800000000000015810, -0.7999999999999961586 ) ) ;
#61 = CARTESIAN_POINT ( 'NONE',  ( -1.030000000000003801, 0.2300000000000000100, -1.029999999999996696 ) ) ;
#62 = DIRECTION ( 'NONE',  ( -1.000000000000000000, 0.000000000000000000, 3.355956067282445301E-15 ) ) ;
#63 = DIRECTION ( 'NONE',  ( 3.181709289561560491E-15, 0.000000000000000000, 1.000000000000000000 ) ) ;
#64 = ORIENTED_EDGE ( 'NONE', *, *, #1800, .T. ) ;
#65 = VECTOR ( 'NONE', #2866, 1000.000000000000000 ) ;
#66 = ORIENTED_EDGE ( 'NONE', *, *, #2318, .F. ) ;
#67 = VECTOR ( 'NONE', #2582, 1000.000000000000000 ) ;
#68 = CARTESIAN_POINT ( 'NONE',  ( 0.4999999999999907851, 0.1000000000000000056, -0.9750000000000018652 ) ) ;
#69 = CARTESIAN_POINT ( 'NONE',  ( 0.8879929925636360633, 0.2299999999999999822, 1.141808635123946924 ) ) ;
#70 = ORIENTED_EDGE ( 'NONE', *, *, #2564, .F. ) ;
#71 = DIRECTION ( 'NONE',  ( 4.336808689942025625E-15, 0.000000000000000000, 1.000000000000000000 ) ) ;
#72 = ADVANCED_FACE ( 'NONE', ( #1340 ), #1315, .F. ) ;
#73 = EDGE_CURVE ( 'NONE', #2383, #1849, #2951, .T. ) ;
#74 = EDGE_CURVE ( 'NONE', #4599, #4109, #3423, .T. ) ;
#75 = DIRECTION ( 'NONE',  ( 3.491481338843133355E-15, 0.000000000000000000, 1.000000000000000000 ) ) ;
#76 = VERTEX_POINT ( 'NONE', #3225 ) ;
#77 = EDGE_CURVE ( 'NONE', #1490, #879, #2466, .T. ) ;
#78 = CARTESIAN_POINT ( 'NONE',  ( 1.150000000000002576, 0.1000000000000000056, 0.7999999999999961586 ) ) ;
#79 = CARTESIAN_POINT ( 'NONE',  ( -1.150000000000003908, 0.2300000000000000100, -1.029999999999995364 ) ) ;
#80 = FACE_OUTER_BOUND ( 'NONE', #3654, .T. ) ;
#81 = ORIENTED_EDGE ( 'NONE', *, *, #2301, .F. ) ;
#82 = EDGE_CURVE ( 'NONE', #466, #3193, #1164, .T. ) ;
#83 = EDGE_CURVE ( 'NONE', #1459, #407, #905, .T. ) ;
#84 = CARTESIAN_POINT ( 'NONE',  ( 1.120710678118657544, 0.2299999999999998712, 0.9878679656440317869 ) ) ;
#85 = ORIENTED_EDGE ( 'NONE', *, *, #4199, .T. ) ;
#86 = CARTESIAN_POINT ( 'NONE',  ( 0.8500000000000028644, 0.7500000000000000000, 0.7999999999999974909 ) ) ;
#87 = CARTESIAN_POINT ( 'NONE',  ( -0.8292893218813486289, 0.8999999999999999112, -0.8499999999999973133 ) ) ;
#88 = LINE ( 'NONE', #899, #2426 ) ;
#89 = FACE_OUTER_BOUND ( 'NONE', #1388, .T. ) ;
#90 = DIRECTION ( 'NONE',  ( -1.000000000000000000, 0.000000000000000000, 3.491481338843133355E-15 ) ) ;
#91 = ORIENTED_EDGE ( 'NONE', *, *, #2570, .T. ) ;
#92 = VERTEX_POINT ( 'NONE', #2900 ) ;
#93 = FACE_BOUND ( 'NONE', #566, .T. ) ;
#94 = CARTESIAN_POINT ( 'NONE',  ( -2.793185071074505107E-15, 0.000000000000000000, -0.7999999999999994893 ) ) ;
#95 = EDGE_LOOP ( 'NONE', ( #1642, #4169, #140, #746 ) ) ;
#96 = CARTESIAN_POINT ( 'NONE',  ( 0.8500000000000028644, 0.7500000000000000000, 0.7999999999999974909 ) ) ;
#97 = VECTOR ( 'NONE', #1083, 1000.000000000000000 ) ;
#98 = VECTOR ( 'NONE', #1425, 1000.000000000000000 ) ;
#99 = DIRECTION ( 'NONE',  ( -1.000000000000000000, 0.000000000000000000, 3.614007241618348376E-15 ) ) ;
#100 = EDGE_LOOP ( 'NONE', ( #3900, #4568, #33, #1316 ) ) ;
#101 =( GEOMETRIC_REPRESENTATION_CONTEXT ( 3 ) GLOBAL_UNCERTAINTY_ASSIGNED_CONTEXT ( ( #4996 ) ) GLOBAL_UNIT_ASSIGNED_CONTEXT ( ( #1521, #1137, #4217 ) ) REPRESENTATION_CONTEXT ( 'NONE', 'WORKASPACE' ) );
#102 = FILL_AREA_STYLE_COLOUR ( '', #4000 ) ;
#103 = DIRECTION ( 'NONE',  ( 1.000000000000000000, 0.000000000000000000, -3.181709289561560491E-15 ) ) ;
#104 = DIRECTION ( 'NONE',  ( -0.000000000000000000, -1.000000000000000000, -0.000000000000000000 ) ) ;
#105 = CARTESIAN_POINT ( 'NONE',  ( 1.099999999999997424, 5.111269837220810075, -0.8000000000000019318 ) ) ;
#106 = ORIENTED_EDGE ( 'NONE', *, *, #521, .T. ) ;
#107 = AXIS2_PLACEMENT_3D ( 'NONE', #2396, #3263, #2856 ) ;
#108 = FACE_OUTER_BOUND ( 'NONE', #1746, .T. ) ;
#109 = VERTEX_POINT ( 'NONE', #4435 ) ;
#110 = CYLINDRICAL_SURFACE ( 'NONE', #824, 0.2499999999999998890 ) ;
#111 = ORIENTED_EDGE ( 'NONE', *, *, #3619, .F. ) ;
#112 = CARTESIAN_POINT ( 'NONE',  ( -1.099999999999996536, 0.7499999999999998890, 0.9757359312880758972 ) ) ;
#113 = CARTESIAN_POINT ( 'NONE',  ( 1.149999999999999245, 0.1000000000000000056, -0.1500000000000037970 ) ) ;
#114 = DIRECTION ( 'NONE',  ( 1.000000000000000000, 0.000000000000000000, -3.614007241618349954E-15 ) ) ;
#115 = CARTESIAN_POINT ( 'NONE',  ( 0.8292893218813482958, 0.8999999999999998002, 0.8499999999999972022 ) ) ;
#116 = ORIENTED_EDGE ( 'NONE', *, *, #3216, .T. ) ;
#117 = ORIENTED_EDGE ( 'NONE', *, *, #3890, .T. ) ;
#118 = FACE_OUTER_BOUND ( 'NONE', #1178, .T. ) ;
#119 = DIRECTION ( 'NONE',  ( 0.000000000000000000, -1.000000000000000000, 0.000000000000000000 ) ) ;
#120 = ORIENTED_EDGE ( 'NONE', *, *, #4353, .T. ) ;
#121 = DIRECTION ( 'NONE',  ( -0.000000000000000000, -1.000000000000000000, 0.000000000000000000 ) ) ;
#122 = CARTESIAN_POINT ( 'NONE',  ( -1.029999999999995586, 0.2300000000000000100, 1.150000000000003464 ) ) ;
#123 = EDGE_LOOP ( 'NONE', ( #40, #2794, #462, #4790 ) ) ;
#124 = DIRECTION ( 'NONE',  ( 0.000000000000000000, 1.000000000000000000, 0.000000000000000000 ) ) ;
#125 = FACE_OUTER_BOUND ( 'NONE', #2042, .T. ) ;
#126 = FACE_OUTER_BOUND ( 'NONE', #4438, .T. ) ;
#127 = ORIENTED_EDGE ( 'NONE', *, *, #1241, .F. ) ;
#128 = CARTESIAN_POINT ( 'NONE',  ( 1.150000000000003020, 0.2299999999999998712, 0.7999999999999962697 ) ) ;
#129 = ORIENTED_EDGE ( 'NONE', *, *, #3739, .F. ) ;
#130 = CYLINDRICAL_SURFACE ( 'NONE', #586, 0.1499999999999999389 ) ;
#131 = DIRECTION ( 'NONE',  ( 3.491481338843133355E-15, -0.000000000000000000, 1.000000000000000000 ) ) ;
#132 = ORIENTED_EDGE ( 'NONE', *, *, #2780, .T. ) ;
#133 = CARTESIAN_POINT ( 'NONE',  ( 1.049999999999996270, 0.2300000000000000100, -1.030000000000003135 ) ) ;
#134 = ADVANCED_FACE ( 'NONE', ( #961 ), #1481, .T. ) ;
#135 = ADVANCED_FACE ( 'NONE', ( #268 ), #292, .T. ) ;
#136 = LINE ( 'NONE', #3622, #554 ) ;
#137 = LINE ( 'NONE', #4813, #2054 ) ;
#138 = EDGE_CURVE ( 'NONE', #873, #407, #1823, .T. ) ;
#139 = CARTESIAN_POINT ( 'NONE',  ( 0.7999999999999997113, 0.000000000000000000, -2.793185071074505895E-15 ) ) ;
#140 = ORIENTED_EDGE ( 'NONE', *, *, #3922, .F. ) ;
#141 = ORIENTED_EDGE ( 'NONE', *, *, #3952, .T. ) ;
#142 = VECTOR ( 'NONE', #3096, 1000.000000000000000 ) ;
#143 = EDGE_CURVE ( 'NONE', #3256, #4708, #4532, .T. ) ;
#144 = FACE_BOUND ( 'NONE', #123, .T. ) ;
#145 = AXIS2_PLACEMENT_3D ( 'NONE', #285, #1840, #3393 ) ;
#146 = CARTESIAN_POINT ( 'NONE',  ( -1.100000000000003419, 0.7499999999999997780, -0.7999999999999962697 ) ) ;
#147 = VERTEX_POINT ( 'NONE', #3372 ) ;
#148 = PLANE ( 'NONE',  #1024 ) ;
#149 = PRESENTATION_LAYER_ASSIGNMENT (  '', '', ( #4526 ) ) ;
#150 = DIRECTION ( 'NONE',  ( -0.000000000000000000, 1.000000000000000000, -0.000000000000000000 ) ) ;
#151 = VERTEX_POINT ( 'NONE', #2182 ) ;
#152 = AXIS2_PLACEMENT_3D ( 'NONE', #2097, #2454, #2070 ) ;
#153 = DIRECTION ( 'NONE',  ( -3.491481338843133355E-15, 0.000000000000000000, -1.000000000000000000 ) ) ;
#154 = DIRECTION ( 'NONE',  ( 1.409813167670964645E-15, 0.000000000000000000, 1.000000000000000000 ) ) ;
#155 = CARTESIAN_POINT ( 'NONE',  ( 0.7999999999999943823, 0.7499999999999928946, -1.100000000000002975 ) ) ;
#156 = DIRECTION ( 'NONE',  ( 3.491481338843133355E-15, -0.000000000000000000, 1.000000000000000000 ) ) ;
#157 = DIRECTION ( 'NONE',  ( -0.000000000000000000, -1.000000000000000000, -0.000000000000000000 ) ) ;
#158 = VERTEX_POINT ( 'NONE', #1053 ) ;
#159 = CARTESIAN_POINT ( 'NONE',  ( 0.8499999999999974243, 0.7499999999999997780, -0.8000000000000030420 ) ) ;
#160 = DIRECTION ( 'NONE',  ( -3.491481338843133355E-15, 0.000000000000000000, -1.000000000000000000 ) ) ;
#161 = EDGE_LOOP ( 'NONE', ( #451, #3840, #4370, #4324 ) ) ;
#162 = PLANE ( 'NONE',  #391 ) ;
#163 = LINE ( 'NONE', #1605, #703 ) ;
#164 = CARTESIAN_POINT ( 'NONE',  ( 0.01199999999999640070, 0.9000000000000001332, 0.6250000000000045519 ) ) ;
#165 = CARTESIAN_POINT ( 'NONE',  ( -1.030000000000003801, 0.1300000000000000044, -1.149999999999996581 ) ) ;
#166 = EDGE_LOOP ( 'NONE', ( #3801, #4912, #2187, #4019 ) ) ;
#167 = DIRECTION ( 'NONE',  ( 3.181709289561560491E-15, 0.000000000000000000, 1.000000000000000000 ) ) ;
#168 = CARTESIAN_POINT ( 'NONE',  ( -0.8000000000000002665, 0.1000000000000000056, -0.1499999999999970524 ) ) ;
#169 = ORIENTED_EDGE ( 'NONE', *, *, #424, .T. ) ;
#170 = EDGE_LOOP ( 'NONE', ( #1833, #2888, #1135, #3472 ) ) ;
#171 = LINE ( 'NONE', #2903, #3708 ) ;
#172 = EDGE_CURVE ( 'NONE', #2114, #3616, #1456, .T. ) ;
#173 = PLANE ( 'NONE',  #1682 ) ;
#174 = VERTEX_POINT ( 'NONE', #4204 ) ;
#175 = VECTOR ( 'NONE', #2738, 1000.000000000000000 ) ;
#176 = AXIS2_PLACEMENT_3D ( 'NONE', #1434, #4892, #693 ) ;
#177 = FILL_AREA_STYLE ('',( #2118 ) ) ;
#178 = CARTESIAN_POINT ( 'NONE',  ( -0.8000000000000002665, 0.000000000000000000, -0.1499999999999970524 ) ) ;
#179 = CARTESIAN_POINT ( 'NONE',  ( -1.149999999999999689, 0.000000000000000000, 4.015203539669602570E-15 ) ) ;
#180 = EDGE_CURVE ( 'NONE', #1815, #1136, #3815, .T. ) ;
#181 = AXIS2_PLACEMENT_3D ( 'NONE', #4746, #3580, #2395 ) ;
#182 = VECTOR ( 'NONE', #2869, 1000.000000000000000 ) ;
#183 = PLANE ( 'NONE',  #4929 ) ;
#184 = ORIENTED_EDGE ( 'NONE', *, *, #1819, .F. ) ;
#185 = CARTESIAN_POINT ( 'NONE',  ( 1.149999999999995692, 0.000000000000000000, -1.150000000000004130 ) ) ;
#186 = CARTESIAN_POINT ( 'NONE',  ( 1.029999999999994920, 0.2300000000000000100, -1.150000000000003908 ) ) ;
#187 = AXIS2_PLACEMENT_3D ( 'NONE', #3157, #458, #3203 ) ;
#188 = ORIENTED_EDGE ( 'NONE', *, *, #351, .T. ) ;
#189 = AXIS2_PLACEMENT_3D ( 'NONE', #2805, #2828, #4367 ) ;
#190 = VECTOR ( 'NONE', #1691, 1000.000000000000000 ) ;
#191 = DIRECTION ( 'NONE',  ( 1.000000000000000000, 0.000000000000000000, -3.491481338843133355E-15 ) ) ;
#192 = CARTESIAN_POINT ( 'NONE',  ( -0.8500000000000033085, 0.9000000000000001332, -0.7999999999999970468 ) ) ;
#193 = CARTESIAN_POINT ( 'NONE',  ( 1.149999999999997025, 0.1000000000000000056, -0.8000000000000037081 ) ) ;
#194 = EDGE_LOOP ( 'NONE', ( #878, #4458, #4122, #3335 ) ) ;
#195 = PLANE ( 'NONE',  #2263 ) ;
#196 = CARTESIAN_POINT ( 'NONE',  ( 0.7999999999999952704, 0.1914739966757354472, -1.000000000000001110 ) ) ;
#197 = ORIENTED_EDGE ( 'NONE', *, *, #4209, .T. ) ;
#198 = ORIENTED_EDGE ( 'NONE', *, *, #82, .F. ) ;
#199 = DIRECTION ( 'NONE',  ( -1.000000000000000000, 0.000000000000000000, 3.491481338843133355E-15 ) ) ;
#200 = DIRECTION ( 'NONE',  ( -0.000000000000000000, 1.000000000000000000, -0.000000000000000000 ) ) ;
#201 = ORIENTED_EDGE ( 'NONE', *, *, #2168, .T. ) ;
#202 = DIRECTION ( 'NONE',  ( 3.702006032529638986E-15, 0.000000000000000000, 1.000000000000000000 ) ) ;
#203 = CARTESIAN_POINT ( 'NONE',  ( 0.7999999999999991562, 0.1000000000000000056, -0.1500000000000027423 ) ) ;
#204 = ADVANCED_FACE ( 'NONE', ( #4909 ), #4582, .F. ) ;
#205 = CARTESIAN_POINT ( 'NONE',  ( 1.029999999999995364, 0.2300000000000000100, -1.150000000000003908 ) ) ;
#206 = EDGE_LOOP ( 'NONE', ( #4215, #4786, #2507, #3513 ) ) ;
#207 = SURFACE_STYLE_USAGE ( .BOTH. , #4468 ) ;
#208 = EDGE_LOOP ( 'NONE', ( #3382, #3626, #4227, #4382 ) ) ;
#209 = CARTESIAN_POINT ( 'NONE',  ( -0.1380000000000035087, 0.9000000000000001332, 0.6250000000000049960 ) ) ;
#210 = CARTESIAN_POINT ( 'NONE',  ( 1.149999999999996358, 0.2300000000000000100, -1.030000000000003801 ) ) ;
#211 = ORIENTED_EDGE ( 'NONE', *, *, #3619, .T. ) ;
#212 = FILL_AREA_STYLE_COLOUR ( '', #4446 ) ;
#213 = CARTESIAN_POINT ( 'NONE',  ( 1.044948974278314902, 0.1299999999999999489, -1.050000000000003819 ) ) ;
#214 = ADVANCED_FACE ( 'NONE', ( #3396 ), #1505, .T. ) ;
#215 = UNCERTAINTY_MEASURE_WITH_UNIT (LENGTH_MEASURE( 1.000000000000000082E-05 ), #854, 'distance_accuracy_value', 'NONE');
#216 = VECTOR ( 'NONE', #1916, 1000.000000000000000 ) ;
#217 = CARTESIAN_POINT ( 'NONE',  ( 0.7999999999999958256, 0.000000000000000000, -1.150000000000002798 ) ) ;
#218 = CARTESIAN_POINT ( 'NONE',  ( -1.100000000000003864, 0.7499999999999997780, -0.9757359312880681257 ) ) ;
#219 = EDGE_LOOP ( 'NONE', ( #2716, #129, #1776, #2044 ) ) ;
#220 = VECTOR ( 'NONE', #3392, 1000.000000000000000 ) ;
#221 = ORIENTED_EDGE ( 'NONE', *, *, #1094, .F. ) ;
#222 = VECTOR ( 'NONE', #4861, 1000.000000000000000 ) ;
#223 = DIRECTION ( 'NONE',  ( -1.000000000000000000, 0.000000000000000000, 3.801253388124705825E-15 ) ) ;
#224 = ORIENTED_EDGE ( 'NONE', *, *, #4932, .T. ) ;
#225 = DIRECTION ( 'NONE',  ( 3.627006610403821410E-15, -0.000000000000000000, 1.000000000000000000 ) ) ;
#226 = CARTESIAN_POINT ( 'NONE',  ( -1.000000000000003331, 0.8378679656440353174, -0.9171572875253778401 ) ) ;
#227 = DIRECTION ( 'NONE',  ( 1.000000000000000000, 0.000000000000000000, -3.614007241618349165E-15 ) ) ;
#228 = COLOUR_RGB ( '',0.9686274509803921573, 0.8784313725490195957, 0.5999999999999999778 ) ;
#229 = ADVANCED_FACE ( 'NONE', ( #3767, #4176 ), #1413, .F. ) ;
#230 = EDGE_CURVE ( 'NONE', #3672, #695, #2260, .T. ) ;
#231 = EDGE_CURVE ( 'NONE', #1196, #3390, #4504, .T. ) ;
#232 = VERTEX_POINT ( 'NONE', #3037 ) ;
#233 = CARTESIAN_POINT ( 'NONE',  ( 1.249999999999993783, 0.000000000000000000, -1.250000000000000888 ) ) ;
#234 = VERTEX_POINT ( 'NONE', #1096 ) ;
#235 = CARTESIAN_POINT ( 'NONE',  ( -1.149999999999997469, 0.2799999999999998601, 0.8000000000000044853 ) ) ;
#236 = CARTESIAN_POINT ( 'NONE',  ( 0.8499999999999974243, 0.7499999999999997780, -0.8000000000000030420 ) ) ;
#237 = ORIENTED_EDGE ( 'NONE', *, *, #2537, .F. ) ;
#238 = EDGE_CURVE ( 'NONE', #3667, #3277, #2661, .T. ) ;
#239 = ADVANCED_FACE ( 'NONE', ( #3810 ), #245, .F. ) ;
#240 = EDGE_CURVE ( 'NONE', #3942, #1742, #3504, .T. ) ;
#241 = CARTESIAN_POINT ( 'NONE',  ( -0.7999999999999992673, 0.1000000000000000056, 0.1500000000000027423 ) ) ;
#242 = PLANE ( 'NONE',  #145 ) ;
#243 = EDGE_CURVE ( 'NONE', #1995, #770, #4606, .T. ) ;
#244 = LINE ( 'NONE', #596, #4118 ) ;
#245 = PLANE ( 'NONE',  #4880 ) ;
#246 = ORIENTED_EDGE ( 'NONE', *, *, #3369, .T. ) ;
#247 = ORIENTED_EDGE ( 'NONE', *, *, #914, .F. ) ;
#248 = FILL_AREA_STYLE_COLOUR ( '', #2335 ) ;
#249 = CARTESIAN_POINT ( 'NONE',  ( 0.7999999999999964917, 0.2800000000000015810, -1.100000000000002975 ) ) ;
#250 =( LENGTH_UNIT ( ) NAMED_UNIT ( * ) SI_UNIT ( .MILLI., .METRE. ) );
#251 = CARTESIAN_POINT ( 'NONE',  ( 0.4999999999999907851, 0.000000000000000000, -0.9750000000000018652 ) ) ;
#252 = CYLINDRICAL_SURFACE ( 'NONE', #2898, 0.2500000000000000000 ) ;
#253 = ORIENTED_EDGE ( 'NONE', *, *, #4940, .T. ) ;
#254 =( NAMED_UNIT ( * ) PLANE_ANGLE_UNIT ( ) SI_UNIT ( $, .RADIAN. ) );
#255 = ORIENTED_EDGE ( 'NONE', *, *, #1867, .T. ) ;
#256 = LINE ( 'NONE', #3363, #1639 ) ;
#257 = DIRECTION ( 'NONE',  ( -1.000000000000000000, 0.000000000000000000, 4.336808689942025625E-15 ) ) ;
#258 = CYLINDRICAL_SURFACE ( 'NONE', #3162, 0.2500000000000001110 ) ;
#259 = VECTOR ( 'NONE', #3128, 1000.000000000000000 ) ;
#260 = ORIENTED_EDGE ( 'NONE', *, *, #3828, .T. ) ;
#261 = AXIS2_PLACEMENT_3D ( 'NONE', #1368, #2520, #4009 ) ;
#262 = LINE ( 'NONE', #981, #3394 ) ;
#263 = VECTOR ( 'NONE', #1149, 1000.000000000000000 ) ;
#264 = VECTOR ( 'NONE', #3534, 1000.000000000000000 ) ;
#265 = UNCERTAINTY_MEASURE_WITH_UNIT (LENGTH_MEASURE( 1.000000000000000082E-05 ), #4847, 'distance_accuracy_value', 'NONE');
#266 = AXIS2_PLACEMENT_3D ( 'NONE', #4514, #4465, #2552 ) ;
#267 = PLANE ( 'NONE',  #3785 ) ;
#268 = FACE_OUTER_BOUND ( 'NONE', #2415, .T. ) ;
#269 = ORIENTED_EDGE ( 'NONE', *, *, #3467, .T. ) ;
#270 = EDGE_LOOP ( 'NONE', ( #1683, #66, #2107, #4840 ) ) ;
#271 = APPLICATION_PROTOCOL_DEFINITION ( 'draft international standard', 'automotive_design', 1998, #3797 ) ;
#272 = DIRECTION ( 'NONE',  ( -1.000000000000000000, 0.000000000000000000, 3.801253388124705825E-15 ) ) ;
#273 = CARTESIAN_POINT ( 'NONE',  ( 0.7999999999999952704, 0.7500000000000000000, -0.8500000000000028644 ) ) ;
#274 = CARTESIAN_POINT ( 'NONE',  ( 0.9999999999999974465, 0.8378679656440355394, -0.9171572875253862778 ) ) ;
#275 = EDGE_CURVE ( 'NONE', #3552, #466, #3097, .T. ) ;
#276 = ORIENTED_EDGE ( 'NONE', *, *, #454, .T. ) ;
#277 = CARTESIAN_POINT ( 'NONE',  ( 0.8000000000000035971, 0.9999999999999997780, 0.9964466094067228052 ) ) ;
#278 = VERTEX_POINT ( 'NONE', #794 ) ;
#279 = DIRECTION ( 'NONE',  ( 0.000000000000000000, -1.000000000000000000, 0.000000000000000000 ) ) ;
#280 = CARTESIAN_POINT ( 'NONE',  ( -0.7999999999999968248, 5.111269837220810075, 1.000000000000003109 ) ) ;
#281 = LINE ( 'NONE', #983, #4302 ) ;
#282 = CARTESIAN_POINT ( 'NONE',  ( 0.8000000000000024869, 0.1000000000000000056, 0.7999999999999972689 ) ) ;
#283 = ORIENTED_EDGE ( 'NONE', *, *, #5012, .F. ) ;
#284 = CARTESIAN_POINT ( 'NONE',  ( -1.150000000000003908, 0.000000000000000000, -1.149999999999994804 ) ) ;
#285 = CARTESIAN_POINT ( 'NONE',  ( -1.150000000000001465, 0.000000000000000000, -0.4999999999999953371 ) ) ;
#286 = EDGE_CURVE ( 'NONE', #1849, #1028, #3518, .T. ) ;
#287 = EDGE_CURVE ( 'NONE', #4063, #4274, #2686, .T. ) ;
#288 = ADVANCED_FACE ( 'NONE', ( #1918 ), #3090, .T. ) ;
#289 = AXIS2_PLACEMENT_3D ( 'NONE', #26, #1209, #3480 ) ;
#290 = EDGE_CURVE ( 'NONE', #4412, #3727, #744, .T. ) ;
#291 = DIRECTION ( 'NONE',  ( -3.491481338843133355E-15, 0.000000000000000000, -1.000000000000000000 ) ) ;
#292 = CYLINDRICAL_SURFACE ( 'NONE', #909, 0.1200000000000000927 ) ;
#293 = DIRECTION ( 'NONE',  ( 0.000000000000000000, 1.000000000000000000, 0.000000000000000000 ) ) ;
#294 = VERTEX_POINT ( 'NONE', #3568 ) ;
#295 = VERTEX_POINT ( 'NONE', #5005 ) ;
#296 = B_SPLINE_CURVE_WITH_KNOTS ( 'NONE', 3,
 ( #3306, #2417, #3951, #479 ),
 .UNSPECIFIED., .F., .F.,
 ( 4, 4 ),
 ( 0.000000000000000000, 1.000000000000000000 ),
 .UNSPECIFIED. ) ;
#297 = CIRCLE ( 'NONE', #4030, 0.2500000000000000000 ) ;
#298 = EDGE_CURVE ( 'NONE', #2808, #4648, #4307, .T. ) ;
#299 = DIRECTION ( 'NONE',  ( 1.000000000000000000, 0.000000000000000000, -2.971064296050092805E-15 ) ) ;
#300 = AXIS2_PLACEMENT_3D ( 'NONE', #4363, #2444, #3636 ) ;
#301 = VECTOR ( 'NONE', #4825, 1000.000000000000000 ) ;
#302 = CARTESIAN_POINT ( 'NONE',  ( -0.9999999999999944489, 0.1914739966757364464, 0.8000000000000038192 ) ) ;
#303 = DIRECTION ( 'NONE',  ( -0.000000000000000000, 1.000000000000000000, -0.000000000000000000 ) ) ;
#304 = CARTESIAN_POINT ( 'NONE',  ( 1.249999999999998446, 0.1300000000000000044, 1.250000000000000444 ) ) ;
#305 = VECTOR ( 'NONE', #4832, 1000.000000000000000 ) ;
#306 = ORIENTED_EDGE ( 'NONE', *, *, #1292, .F. ) ;
#307 = AXIS2_PLACEMENT_3D ( 'NONE', #61, #3970, #2103 ) ;
#308 = EDGE_LOOP ( 'NONE', ( #2865, #2023, #4609, #2077 ) ) ;
#309 = DIRECTION ( 'NONE',  ( -1.000000000000000000, -0.000000000000000000, 3.181709289561560491E-15 ) ) ;
#310 = DIRECTION ( 'NONE',  ( -1.000000000000000000, 0.000000000000000000, 3.491481338843133355E-15 ) ) ;
#311 = CARTESIAN_POINT ( 'NONE',  ( 0.8000000000000014877, 0.1000000000000000056, 0.4999999999999971689 ) ) ;
#312 = CARTESIAN_POINT ( 'NONE',  ( 0.3999999999999905853, 0.1000000000000000056, -0.9750000000000015321 ) ) ;
#313 = ORIENTED_EDGE ( 'NONE', *, *, #597, .F. ) ;
#314 = AXIS2_PLACEMENT_3D ( 'NONE', #4777, #1301, #3538 ) ;
#315 = DIRECTION ( 'NONE',  ( 1.000000000000000000, 0.000000000000000000, -3.491481338843133355E-15 ) ) ;
#316 = AXIS2_PLACEMENT_3D ( 'NONE', #1048, #2606, #2966 ) ;
#317 = CARTESIAN_POINT ( 'NONE',  ( -0.8000000000000015987, 0.000000000000000000, -0.4999999999999966693 ) ) ;
#318 = CARTESIAN_POINT ( 'NONE',  ( 0.7999999999999943823, 5.111269837220810075, -1.100000000000002975 ) ) ;
#319 = LINE ( 'NONE', #2284, #4150 ) ;
#320 = ORIENTED_EDGE ( 'NONE', *, *, #3981, .T. ) ;
#321 = EDGE_LOOP ( 'NONE', ( #4549, #1321 ) ) ;
#322 = CARTESIAN_POINT ( 'NONE',  ( 0.7999999999999966027, 0.2299999999999999822, -1.120710678118656878 ) ) ;
#323 = FILL_AREA_STYLE ('',( #368 ) ) ;
#324 = DIRECTION ( 'NONE',  ( -1.000000000000000000, -0.000000000000000000, 3.491481338843133355E-15 ) ) ;
#325 = CARTESIAN_POINT ( 'NONE',  ( 0.7999999999999926059, 0.8378679656440355394, -1.000000000000003109 ) ) ;
#326 = EDGE_LOOP ( 'NONE', ( #496, #989, #3260, #3459 ) ) ;
#327 = ORIENTED_EDGE ( 'NONE', *, *, #4329, .F. ) ;
#328 = LINE ( 'NONE', #4170, #337 ) ;
#329 = CARTESIAN_POINT ( 'NONE',  ( -0.7999999999999957145, 0.000000000000000000, 1.150000000000001910 ) ) ;
#330 = LINE ( 'NONE', #1113, #4127 ) ;
#331 = ADVANCED_FACE ( 'NONE', ( #1202 ), #2792, .F. ) ;
#332 = ORIENTED_EDGE ( 'NONE', *, *, #4988, .T. ) ;
#333 = CYLINDRICAL_SURFACE ( 'NONE', #3328, 0.3000000000000000444 ) ;
#334 = ADVANCED_FACE ( 'NONE', ( #89 ), #4245, .F. ) ;
#335 = CARTESIAN_POINT ( 'NONE',  ( -0.7999999999999970468, 0.1000000000000000056, 0.8000000000000023759 ) ) ;
#336 = VECTOR ( 'NONE', #4380, 1000.000000000000114 ) ;
#337 = VECTOR ( 'NONE', #4645, 1000.000000000000000 ) ;
#338 = VECTOR ( 'NONE', #15, 1000.000000000000000 ) ;
#339 = PLANE ( 'NONE',  #3065 ) ;
#340 = CARTESIAN_POINT ( 'NONE',  ( -1.150000000000003242, 0.2799999999999998601, -0.7999999999999959366 ) ) ;
#341 = CARTESIAN_POINT ( 'NONE',  ( -0.9513657228807947952, 0.2300000000000000655, -1.115755018388780773 ) ) ;
#342 = ORIENTED_EDGE ( 'NONE', *, *, #2515, .F. ) ;
#343 = ORIENTED_EDGE ( 'NONE', *, *, #2942, .F. ) ;
#344 = ADVANCED_FACE ( 'NONE', ( #2737 ), #1552, .T. ) ;
#345 =( GEOMETRIC_REPRESENTATION_CONTEXT ( 3 ) GLOBAL_UNCERTAINTY_ASSIGNED_CONTEXT ( ( #4649 ) ) GLOBAL_UNIT_ASSIGNED_CONTEXT ( ( #1675, #1264, #3505 ) ) REPRESENTATION_CONTEXT ( 'NONE', 'WORKASPACE' ) );
#346 = CARTESIAN_POINT ( 'NONE',  ( 0.4999999999999907851, 0.1000000000000000056, -0.9750000000000018652 ) ) ;
#347 = DIRECTION ( 'NONE',  ( -1.000000000000000000, 0.000000000000000000, 3.181709289561560491E-15 ) ) ;
#348 = DIRECTION ( 'NONE',  ( -1.000000000000000000, 0.000000000000000000, 2.529805069132843153E-15 ) ) ;
#349 = ADVANCED_FACE ( 'NONE', ( #2021 ), #1531, .F. ) ;
#350 = ORIENTED_EDGE ( 'NONE', *, *, #2194, .F. ) ;
#351 = EDGE_CURVE ( 'NONE', #2128, #3238, #3140, .T. ) ;
#352 = ORIENTED_EDGE ( 'NONE', *, *, #1503, .F. ) ;
#353 = LINE ( 'NONE', #1862, #259 ) ;
#354 = CARTESIAN_POINT ( 'NONE',  ( -0.9171572875253775070, 0.8378679656440354284, 1.000000000000003331 ) ) ;
#355 = CARTESIAN_POINT ( 'NONE',  ( 0.8000000000000037081, 0.000000000000000000, 1.149999999999997247 ) ) ;
#356 = ORIENTED_EDGE ( 'NONE', *, *, #3524, .T. ) ;
#357 = EDGE_CURVE ( 'NONE', #1815, #3942, #1993, .T. ) ;
#358 = DIRECTION ( 'NONE',  ( 0.000000000000000000, 1.000000000000000000, 0.000000000000000000 ) ) ;
#359 = EDGE_CURVE ( 'NONE', #1766, #4937, #3470, .T. ) ;
#360 = CARTESIAN_POINT ( 'NONE',  ( -1.150000000000002576, 0.1000000000000000056, -0.7999999999999952704 ) ) ;
#361 = CARTESIAN_POINT ( 'NONE',  ( -1.100000000000003419, 0.2800000000000015810, -0.7999999999999962697 ) ) ;
#362 = CARTESIAN_POINT ( 'NONE',  ( -0.8500000000000033085, 0.7500000000000000000, -0.7999999999999971578 ) ) ;
#363 = ORIENTED_EDGE ( 'NONE', *, *, #851, .F. ) ;
#364 = ORIENTED_EDGE ( 'NONE', *, *, #2165, .T. ) ;
#365 = AXIS2_PLACEMENT_3D ( 'NONE', #1105, #4091, #611 ) ;
#366 = DIRECTION ( 'NONE',  ( 3.181709289561560491E-15, 0.000000000000000000, 1.000000000000000000 ) ) ;
#367 = ORIENTED_EDGE ( 'NONE', *, *, #3300, .T. ) ;
#368 = FILL_AREA_STYLE_COLOUR ( '', #4511 ) ;
#369 = CARTESIAN_POINT ( 'NONE',  ( -0.8000000000000024869, 0.1000000000000000056, -0.7999999999999967137 ) ) ;
#370 = LINE ( 'NONE', #4712, #4258 ) ;
#371 = VECTOR ( 'NONE', #4232, 1000.000000000000000 ) ;
#372 = DIRECTION ( 'NONE',  ( 1.000000000000000000, 0.000000000000000000, -3.491481338843133355E-15 ) ) ;
#373 = VERTEX_POINT ( 'NONE', #4293 ) ;
#374 = EDGE_CURVE ( 'NONE', #4937, #770, #4627, .T. ) ;
#375 = FILL_AREA_STYLE_COLOUR ( '', #3355 ) ;
#376 = CARTESIAN_POINT ( 'NONE',  ( -4.015203539669599414E-15, 0.000000000000000000, -1.149999999999998801 ) ) ;
#377 = DIRECTION ( 'NONE',  ( -1.000000000000000000, 0.000000000000000000, 3.491481338843133355E-15 ) ) ;
#378 = EDGE_CURVE ( 'NONE', #2719, #92, #3474, .T. ) ;
#379 = DIRECTION ( 'NONE',  ( 0.000000000000000000, -1.000000000000000000, 0.000000000000000000 ) ) ;
#380 = VECTOR ( 'NONE', #2882, 1000.000000000000000 ) ;
#381 = ORIENTED_EDGE ( 'NONE', *, *, #1821, .F. ) ;
#382 = ADVANCED_FACE ( 'NONE', ( #4270 ), #1970, .F. ) ;
#383 = CIRCLE ( 'NONE', #58, 0.1499999999999999667 ) ;
#384 = CARTESIAN_POINT ( 'NONE',  ( -0.8000000000000037081, 0.2800000000000033573, -0.9999999999999974465 ) ) ;
#385 = VERTEX_POINT ( 'NONE', #2895 ) ;
#386 = PRESENTATION_STYLE_ASSIGNMENT (( #1143 ) ) ;
#387 = ADVANCED_FACE ( 'NONE', ( #1308 ), #4379, .F. ) ;
#388 = ADVANCED_FACE ( 'NONE', ( #2842 ), #956, .F. ) ;
#389 = CIRCLE ( 'NONE', #1693, 0.1999999999999999833 ) ;
#390 = PLANE ( 'NONE',  #2589 ) ;
#391 = AXIS2_PLACEMENT_3D ( 'NONE', #545, #1714, #1789 ) ;
#392 = DIRECTION ( 'NONE',  ( 3.355956067282445301E-15, 0.000000000000000000, 1.000000000000000000 ) ) ;
#393 = LINE ( 'NONE', #2990, #4878 ) ;
#394 = EDGE_LOOP ( 'NONE', ( #2765, #1358, #3487, #4451 ) ) ;
#395 = ORIENTED_EDGE ( 'NONE', *, *, #950, .F. ) ;
#396 = LINE ( 'NONE', #3842, #2985 ) ;
#397 = EDGE_LOOP ( 'NONE', ( #3604, #2572, #1458, #2298 ) ) ;
#398 = DIRECTION ( 'NONE',  ( 0.000000000000000000, 1.000000000000000000, 0.000000000000000000 ) ) ;
#399 = PLANE ( 'NONE',  #3268 ) ;
#400 = CARTESIAN_POINT ( 'NONE',  ( 0.7999999999999974909, 0.2800000000000015810, -0.8000000000000029310 ) ) ;
#401 = DIRECTION ( 'NONE',  ( 3.614007241618349165E-15, 0.000000000000000000, 1.000000000000000000 ) ) ;
#402 = EDGE_LOOP ( 'NONE', ( #4698, #4327, #2634, #2602 ) ) ;
#403 = CARTESIAN_POINT ( 'NONE',  ( 0.000000000000000000, 0.1000000000000000056, 0.000000000000000000 ) ) ;
#404 = FACE_OUTER_BOUND ( 'NONE', #3762, .T. ) ;
#405 = CARTESIAN_POINT ( 'NONE',  ( -0.9378679656440327417, 0.8999999999999996891, 0.8807611844574920745 ) ) ;
#406 = CARTESIAN_POINT ( 'NONE',  ( -0.7999999999999957145, 0.000000000000000000, 1.150000000000001910 ) ) ;
#407 = VERTEX_POINT ( 'NONE', #2813 ) ;
#408 = CARTESIAN_POINT ( 'NONE',  ( 1.149999999999998135, 0.1000000000000000056, -0.5000000000000037748 ) ) ;
#409 = ORIENTED_EDGE ( 'NONE', *, *, #814, .F. ) ;
#410 = DIRECTION ( 'NONE',  ( 1.000000000000000000, 0.000000000000000000, -3.491481338843133355E-15 ) ) ;
#411 = LINE ( 'NONE', #1604, #3475 ) ;
#412 = EDGE_CURVE ( 'NONE', #2145, #4520, #3248, .T. ) ;
#413 = VECTOR ( 'NONE', #4566, 1000.000000000000000 ) ;
#414 = LINE ( 'NONE', #1969, #3863 ) ;
#415 = CIRCLE ( 'NONE', #2947, 0.3000000000000000444 ) ;
#416 = CARTESIAN_POINT ( 'NONE',  ( -0.7999999999999998224, 0.000000000000000000, 2.793185071074506290E-15 ) ) ;
#417 = CARTESIAN_POINT ( 'NONE',  ( 0.9378679656440370715, 0.8999999999999999112, 0.7999999999999968248 ) ) ;
#418 = ORIENTED_EDGE ( 'NONE', *, *, #4844, .T. ) ;
#419 = ORIENTED_EDGE ( 'NONE', *, *, #2301, .T. ) ;
#420 = CIRCLE ( 'NONE', #2785, 0.04999999999999991257 ) ;
#421 = VECTOR ( 'NONE', #1223, 1000.000000000000000 ) ;
#422 = CARTESIAN_POINT ( 'NONE',  ( 1.000000000000000444, 0.1914739966757366685, 0.9171572875253759527 ) ) ;
#423 = CARTESIAN_POINT ( 'NONE',  ( 0.9390431872924154266, 0.2300000000000000100, 1.121330222933822895 ) ) ;
#424 = EDGE_CURVE ( 'NONE', #2534, #1337, #3736, .T. ) ;
#425 = VECTOR ( 'NONE', #3359, 1000.000000000000000 ) ;
#426 = DIRECTION ( 'NONE',  ( -0.000000000000000000, -1.000000000000000000, -0.000000000000000000 ) ) ;
#427 = CARTESIAN_POINT ( 'NONE',  ( -1.150000000000003908, 0.1000000000000000056, -1.149999999999995026 ) ) ;
#428 = VECTOR ( 'NONE', #3204, 1000.000000000000000 ) ;
#429 = VECTOR ( 'NONE', #682, 1000.000000000000000 ) ;
#430 = CARTESIAN_POINT ( 'NONE',  ( 0.7999999999999957145, 1.000000000000000000, -0.8500000000000028644 ) ) ;
#431 = VERTEX_POINT ( 'NONE', #2104 ) ;
#432 = DIRECTION ( 'NONE',  ( -3.491481338843133355E-15, -0.000000000000000000, -1.000000000000000000 ) ) ;
#433 = CARTESIAN_POINT ( 'NONE',  ( -0.9999999999999968914, 0.8378679656440354284, 0.9171572875253851675 ) ) ;
#434 = LINE ( 'NONE', #1215, #969 ) ;
#435 = EDGE_LOOP ( 'NONE', ( #1986, #4323, #2648, #4085 ) ) ;
#436 = ADVANCED_FACE ( 'NONE', ( #900 ), #2049, .T. ) ;
#437 = LINE ( 'NONE', #1217, #559 ) ;
#438 = ORIENTED_EDGE ( 'NONE', *, *, #1666, .T. ) ;
#439 = LINE ( 'NONE', #1989, #3997 ) ;
#440 = DIRECTION ( 'NONE',  ( -1.000000000000000000, 0.000000000000000000, 3.614007241618347587E-15 ) ) ;
#441 = DIRECTION ( 'NONE',  ( 3.491481338843133355E-15, 0.000000000000000000, 1.000000000000000000 ) ) ;
#442 = CARTESIAN_POINT ( 'NONE',  ( -2.967759138016663352E-15, 0.7500000000000000000, -0.8500000000000000888 ) ) ;
#443 = PLANE ( 'NONE',  #4473 ) ;
#444 = ORIENTED_EDGE ( 'NONE', *, *, #4515, .T. ) ;
#445 = ORIENTED_EDGE ( 'NONE', *, *, #1292, .T. ) ;
#446 = EDGE_CURVE ( 'NONE', #690, #4340, #4734, .T. ) ;
#447 = EDGE_CURVE ( 'NONE', #3715, #967, #137, .T. ) ;
#448 = ADVANCED_FACE ( 'NONE', ( #4784 ), #3624, .F. ) ;
#449 = CARTESIAN_POINT ( 'NONE',  ( 0.8000000000000037081, 0.2800000000000050782, 0.9999999999999974465 ) ) ;
#450 = EDGE_LOOP ( 'NONE', ( #4873, #2707, #3026, #3017 ) ) ;
#451 = ORIENTED_EDGE ( 'NONE', *, *, #2244, .T. ) ;
#452 = CARTESIAN_POINT ( 'NONE',  ( 0.9999999999999974465, 0.2800000000000033573, -0.8000000000000014877 ) ) ;
#453 = EDGE_CURVE ( 'NONE', #2740, #3277, #1228, .T. ) ;
#454 = EDGE_CURVE ( 'NONE', #3109, #4518, #256, .T. ) ;
#455 = LINE ( 'NONE', #3554, #3468 ) ;
#456 = ORIENTED_EDGE ( 'NONE', *, *, #1499, .F. ) ;
#457 = AXIS2_PLACEMENT_3D ( 'NONE', #579, #3577, #1233 ) ;
#458 = DIRECTION ( 'NONE',  ( -3.181709289561560491E-15, 0.000000000000000000, -1.000000000000000000 ) ) ;
#459 = CARTESIAN_POINT ( 'NONE',  ( -1.150000000000002576, 0.1000000000000000056, -0.7999999999999952704 ) ) ;
#460 = PLANE ( 'NONE',  #4810 ) ;
#461 = LINE ( 'NONE', #3904, #4772 ) ;
#462 = ORIENTED_EDGE ( 'NONE', *, *, #2769, .F. ) ;
#463 = STYLED_ITEM ( 'NONE', ( #1372 ), #3208 ) ;
#464 = LINE ( 'NONE', #2428, #3865 ) ;
#465 = CIRCLE ( 'NONE', #2506, 0.1499999999999999667 ) ;
#466 = VERTEX_POINT ( 'NONE', #1663 ) ;
#467 = DIRECTION ( 'NONE',  ( 0.000000000000000000, 1.000000000000000000, 0.000000000000000000 ) ) ;
#468 = AXIS2_PLACEMENT_3D ( 'NONE', #4031, #1314, #2797 ) ;
#469 = DIRECTION ( 'NONE',  ( -1.000000000000000000, -0.000000000000000000, 3.491481338843133355E-15 ) ) ;
#470 = FACE_OUTER_BOUND ( 'NONE', #4407, .T. ) ;
#471 = CARTESIAN_POINT ( 'NONE',  ( -0.8000000000000030420, 0.7500000000000032196, -0.7999999999999972689 ) ) ;
#472 = LINE ( 'NONE', #2763, #3586 ) ;
#473 = EDGE_LOOP ( 'NONE', ( #4007, #2156, #197, #3994 ) ) ;
#474 = MECHANICAL_DESIGN_GEOMETRIC_PRESENTATION_REPRESENTATION (  '', ( #5002 ), #790 ) ;
#475 = ORIENTED_EDGE ( 'NONE', *, *, #290, .T. ) ;
#476 = CARTESIAN_POINT ( 'NONE',  ( -0.7999999999999970468, 0.1000000000000000056, 0.8000000000000023759 ) ) ;
#477 = ORIENTED_EDGE ( 'NONE', *, *, #1876, .T. ) ;
#478 = VERTEX_POINT ( 'NONE', #4025 ) ;
#479 = CARTESIAN_POINT ( 'NONE',  ( -0.8500000000000031974, 1.000000000000000000, -0.7999999999999970468 ) ) ;
#480 = VECTOR ( 'NONE', #2886, 1000.000000000000000 ) ;
#481 = CARTESIAN_POINT ( 'NONE',  ( -1.049999999999996048, 0.1300000000000000044, 1.044948974278322229 ) ) ;
#482 = ORIENTED_EDGE ( 'NONE', *, *, #4857, .T. ) ;
#483 = DIRECTION ( 'NONE',  ( 3.801253388124706614E-15, -0.000000000000000000, 1.000000000000000000 ) ) ;
#484 = LINE ( 'NONE', #2341, #4343 ) ;
#485 = LINE ( 'NONE', #1621, #3357 ) ;
#486 = CYLINDRICAL_SURFACE ( 'NONE', #2020, 0.1000000000000001582 ) ;
#487 = ORIENTED_EDGE ( 'NONE', *, *, #143, .F. ) ;
#488 = ORIENTED_EDGE ( 'NONE', *, *, #143, .T. ) ;
#489 = CARTESIAN_POINT ( 'NONE',  ( -0.7999999999999998224, 0.000000000000000000, 2.793185071074506290E-15 ) ) ;
#490 = ORIENTED_EDGE ( 'NONE', *, *, #3156, .F. ) ;
#491 = ADVANCED_FACE ( 'NONE', ( #3218 ), #1279, .T. ) ;
#492 = CARTESIAN_POINT ( 'NONE',  ( -0.9964466094067235824, 0.9999999999999998890, 0.8000000000000041522 ) ) ;
#493 = CARTESIAN_POINT ( 'NONE',  ( -1.044948974278315124, 0.1300000000000000044, 1.050000000000003597 ) ) ;
#494 = DIRECTION ( 'NONE',  ( -1.000000000000000000, 0.000000000000000000, 3.252606517456515274E-15 ) ) ;
#495 = LINE ( 'NONE', #2050, #4229 ) ;
#496 = ORIENTED_EDGE ( 'NONE', *, *, #515, .T. ) ;
#497 = ORIENTED_EDGE ( 'NONE', *, *, #2258, .T. ) ;
#498 = FACE_BOUND ( 'NONE', #3909, .T. ) ;
#499 = EDGE_CURVE ( 'NONE', #4109, #4771, #4901, .T. ) ;
#500 = DIRECTION ( 'NONE',  ( 1.000000000000000000, 0.000000000000000000, -3.614007241618347587E-15 ) ) ;
#501 = VERTEX_POINT ( 'NONE', #3758 ) ;
#502 = LINE ( 'NONE', #2469, #1351 ) ;
#503 = VECTOR ( 'NONE', #4571, 1000.000000000000000 ) ;
#504 = AXIS2_PLACEMENT_3D ( 'NONE', #4470, #1000, #2200 ) ;
#505 = LINE ( 'NONE', #4743, #625 ) ;
#506 = ORIENTED_EDGE ( 'NONE', *, *, #984, .T. ) ;
#507 = AXIS2_PLACEMENT_3D ( 'NONE', #1046, #1690, #4430 ) ;
#508 = DIRECTION ( 'NONE',  ( 1.000000000000000000, -0.000000000000000000, -3.491481338843133355E-15 ) ) ;
#509 = LINE ( 'NONE', #3639, #1736 ) ;
#510 = PLANE ( 'NONE',  #4966 ) ;
#511 = LINE ( 'NONE', #1735, #1672 ) ;
#512 = B_SPLINE_CURVE_WITH_KNOTS ( 'NONE', 3,
 ( #1297, #3902, #535, #2367 ),
 .UNSPECIFIED., .F., .F.,
 ( 4, 4 ),
 ( 0.000000000000000000, 0.0002475096858182236951 ),
 .UNSPECIFIED. ) ;
#513 = EDGE_CURVE ( 'NONE', #4648, #4033, #1249, .T. ) ;
#514 = EDGE_CURVE ( 'NONE', #1847, #3048, #3020, .T. ) ;
#515 = EDGE_CURVE ( 'NONE', #1174, #4159, #1322, .T. ) ;
#516 = FACE_OUTER_BOUND ( 'NONE', #402, .T. ) ;
#517 = ORIENTED_EDGE ( 'NONE', *, *, #2148, .T. ) ;
#518 = DIRECTION ( 'NONE',  ( -0.000000000000000000, -1.000000000000000000, -0.000000000000000000 ) ) ;
#519 = CARTESIAN_POINT ( 'NONE',  ( 0.000000000000000000, 0.1000000000000000056, 0.000000000000000000 ) ) ;
#520 = VERTEX_POINT ( 'NONE', #3275 ) ;
#521 = EDGE_CURVE ( 'NONE', #109, #2844, #2219, .T. ) ;
#522 = DIRECTION ( 'NONE',  ( 0.000000000000000000, 1.000000000000000000, 0.000000000000000000 ) ) ;
#523 = FACE_OUTER_BOUND ( 'NONE', #2384, .T. ) ;
#524 = DIRECTION ( 'NONE',  ( 1.000000000000000000, 0.000000000000000000, -3.491481338843133355E-15 ) ) ;
#525 = LINE ( 'NONE', #2653, #3685 ) ;
#526 = ORIENTED_EDGE ( 'NONE', *, *, #1790, .T. ) ;
#527 = ORIENTED_EDGE ( 'NONE', *, *, #1035, .T. ) ;
#528 = DIRECTION ( 'NONE',  ( -1.000000000000000000, 0.000000000000000000, 4.111025437406279084E-15 ) ) ;
#529 = CARTESIAN_POINT ( 'NONE',  ( -0.8499999999999974243, 0.9000000000000001332, 0.8000000000000032641 ) ) ;
#530 = ORIENTED_EDGE ( 'NONE', *, *, #3258, .F. ) ;
#531 = CARTESIAN_POINT ( 'NONE',  ( 0.8000000000000037081, 0.000000000000000000, 1.149999999999997247 ) ) ;
#532 = LINE ( 'NONE', #2084, #380 ) ;
#533 = EDGE_LOOP ( 'NONE', ( #4778, #4432, #1192, #4900 ) ) ;
#534 = CARTESIAN_POINT ( 'NONE',  ( 0.7999999999999956035, 0.2800000000000033573, -1.000000000000002887 ) ) ;
#535 = CARTESIAN_POINT ( 'NONE',  ( 1.050000000000003375, 0.1299999999999999212, 0.9610464578786989120 ) ) ;
#536 = CARTESIAN_POINT ( 'NONE',  ( -1.149999999999998135, 0.000000000000000000, 0.5000000000000037748 ) ) ;
#537 = CARTESIAN_POINT ( 'NONE',  ( 0.4999999999999907851, 0.000000000000000000, -0.9750000000000018652 ) ) ;
#538 = EDGE_CURVE ( 'NONE', #295, #2594, #2013, .T. ) ;
#539 = LINE ( 'NONE', #3184, #3239 ) ;
#540 = ORIENTED_EDGE ( 'NONE', *, *, #3058, .F. ) ;
#541 = DIRECTION ( 'NONE',  ( -1.000000000000000000, 0.000000000000000000, 3.491481338843133355E-15 ) ) ;
#542 = PLANE ( 'NONE',  #152 ) ;
#543 = ORIENTED_EDGE ( 'NONE', *, *, #447, .F. ) ;
#544 = VECTOR ( 'NONE', #3883, 1000.000000000000000 ) ;
#545 = CARTESIAN_POINT ( 'NONE',  ( 0.000000000000000000, 0.1300000000000000044, 0.000000000000000000 ) ) ;
#546 = LINE ( 'NONE', #2047, #1772 ) ;
#547 = CARTESIAN_POINT ( 'NONE',  ( -1.000000000000003331, 0.7499999999999945599, -0.7999999999999966027 ) ) ;
#548 = CARTESIAN_POINT ( 'NONE',  ( -1.150000000000001465, 0.000000000000000000, -0.4999999999999953371 ) ) ;
#549 = ORIENTED_EDGE ( 'NONE', *, *, #1779, .F. ) ;
#550 = EDGE_CURVE ( 'NONE', #4033, #2038, #3027, .T. ) ;
#551 = ORIENTED_EDGE ( 'NONE', *, *, #880, .T. ) ;
#552 = AXIS2_PLACEMENT_3D ( 'NONE', #476, #1229, #3630 ) ;
#553 = FACE_OUTER_BOUND ( 'NONE', #1370, .T. ) ;
#554 = VECTOR ( 'NONE', #1051, 1000.000000000000000 ) ;
#555 = CARTESIAN_POINT ( 'NONE',  ( 0.9999999999999981126, 0.2800000000000033018, -0.9171572875253845014 ) ) ;
#556 = ORIENTED_EDGE ( 'NONE', *, *, #4945, .T. ) ;
#557 = ORIENTED_EDGE ( 'NONE', *, *, #3744, .F. ) ;
#558 = DIRECTION ( 'NONE',  ( -1.000000000000000000, 0.000000000000000000, 3.491481338843133355E-15 ) ) ;
#559 = VECTOR ( 'NONE', #3164, 1000.000000000000000 ) ;
#560 = CARTESIAN_POINT ( 'NONE',  ( 0.7999999999999952704, 0.7500000000000000000, -0.8500000000000028644 ) ) ;
#561 = EDGE_LOOP ( 'NONE', ( #2210, #4022, #1256, #3977 ) ) ;
#562 = DIRECTION ( 'NONE',  ( -1.000000000000000000, 0.000000000000000000, 3.491481338843133355E-15 ) ) ;
#563 = MANIFOLD_SOLID_BREP ( 'Boss-Extrude4[1]', #2618 ) ;
#564 = PLANE ( 'NONE',  #4371 ) ;
#565 = PRESENTATION_STYLE_ASSIGNMENT (( #207 ) ) ;
#566 = EDGE_LOOP ( 'NONE', ( #29, #2543, #3924, #1614 ) ) ;
#567 = FACE_OUTER_BOUND ( 'NONE', #3185, .T. ) ;
#568 = LINE ( 'NONE', #2123, #3331 ) ;
#569 = ORIENTED_EDGE ( 'NONE', *, *, #3681, .T. ) ;
#570 =( LENGTH_UNIT ( ) NAMED_UNIT ( * ) SI_UNIT ( .MILLI., .METRE. ) );
#571 = DIRECTION ( 'NONE',  ( -1.000000000000000000, -0.000000000000000000, 3.801253388124705825E-15 ) ) ;
#572 = DIRECTION ( 'NONE',  ( 1.000000000000000000, 0.000000000000000000, -3.627006610403821410E-15 ) ) ;
#573 = ORIENTED_EDGE ( 'NONE', *, *, #1729, .F. ) ;
#574 = UNCERTAINTY_MEASURE_WITH_UNIT (LENGTH_MEASURE( 1.000000000000000082E-05 ), #250, 'distance_accuracy_value', 'NONE');
#575 = DIRECTION ( 'NONE',  ( -1.000000000000000000, -0.000000000000000000, 4.111025437406278295E-15 ) ) ;
#576 = CARTESIAN_POINT ( 'NONE',  ( -0.8000000000000037081, 0.8964466094067260471, -1.099999999999997424 ) ) ;
#577 = ORIENTED_EDGE ( 'NONE', *, *, #2204, .T. ) ;
#578 = ORIENTED_EDGE ( 'NONE', *, *, #3156, .T. ) ;
#579 = CARTESIAN_POINT ( 'NONE',  ( -0.8500000000000004219, 0.7500000000000000000, 3.082955618843249381E-15 ) ) ;
#580 = CARTESIAN_POINT ( 'NONE',  ( -4.015203539669603359E-15, 0.000000000000000000, -1.149999999999999911 ) ) ;
#581 = ORIENTED_EDGE ( 'NONE', *, *, #357, .F. ) ;
#582 = VECTOR ( 'NONE', #324, 1000.000000000000000 ) ;
#583 = LINE ( 'NONE', #2139, #2906 ) ;
#584 = CARTESIAN_POINT ( 'NONE',  ( -0.9378679656440392920, 0.8999999999999996891, -0.8807611844574849691 ) ) ;
#585 = DIRECTION ( 'NONE',  ( -1.000000000000000000, 0.000000000000000000, 3.801253388124706614E-15 ) ) ;
#586 = AXIS2_PLACEMENT_3D ( 'NONE', #2430, #467, #4807 ) ;
#587 = AXIS2_PLACEMENT_3D ( 'NONE', #1716, #2436, #114 ) ;
#588 = LINE ( 'NONE', #2601, #2751 ) ;
#589 = ORIENTED_EDGE ( 'NONE', *, *, #4112, .F. ) ;
#590 = DIRECTION ( 'NONE',  ( -1.000000000000000000, 0.000000000000000000, 3.208204393960734473E-15 ) ) ;
#591 = LINE ( 'NONE', #1381, #2109 ) ;
#592 = ORIENTED_EDGE ( 'NONE', *, *, #3223, .T. ) ;
#593 = DIRECTION ( 'NONE',  ( 1.000000000000000000, -0.000000000000000000, -3.491481338843133355E-15 ) ) ;
#594 = DIRECTION ( 'NONE',  ( -3.491481338843133355E-15, -0.000000000000000000, -1.000000000000000000 ) ) ;
#595 = MANIFOLD_SOLID_BREP ( 'Boss-Extrude4[2]', #1885 ) ;
#596 = CARTESIAN_POINT ( 'NONE',  ( 0.7999999999999997113, 0.000000000000000000, -2.793185071074505895E-15 ) ) ;
#597 = EDGE_CURVE ( 'NONE', #232, #1999, #3874, .T. ) ;
#598 = ADVANCED_FACE ( 'NONE', ( #4594 ), #3105, .F. ) ;
#599 = CARTESIAN_POINT ( 'NONE',  ( -0.9757359312880755642, 0.7499999999999997780, -1.099999999999996980 ) ) ;
#600 = ORIENTED_EDGE ( 'NONE', *, *, #2525, .T. ) ;
#601 = ORIENTED_EDGE ( 'NONE', *, *, #3692, .F. ) ;
#602 = EDGE_CURVE ( 'NONE', #3734, #3942, #2874, .T. ) ;
#603 = FILL_AREA_STYLE ('',( #248 ) ) ;
#604 = EDGE_CURVE ( 'NONE', #1489, #3177, #1967, .T. ) ;
#605 = LINE ( 'NONE', #1057, #784 ) ;
#606 = ORIENTED_EDGE ( 'NONE', *, *, #3215, .F. ) ;
#607 = FACE_OUTER_BOUND ( 'NONE', #166, .T. ) ;
#608 = DIRECTION ( 'NONE',  ( -1.000000000000000000, 0.000000000000000000, 2.710505431213761479E-15 ) ) ;
#609 = EDGE_CURVE ( 'NONE', #2530, #3279, #2854, .T. ) ;
#610 = EDGE_CURVE ( 'NONE', #1956, #2625, #2624, .T. ) ;
#611 = DIRECTION ( 'NONE',  ( 3.801253388124706614E-15, 0.000000000000000000, 1.000000000000000000 ) ) ;
#612 = ORIENTED_EDGE ( 'NONE', *, *, #3585, .T. ) ;
#613 = PLANE ( 'NONE',  #3721 ) ;
#614 = ORIENTED_EDGE ( 'NONE', *, *, #3453, .T. ) ;
#615 = CARTESIAN_POINT ( 'NONE',  ( -0.7999999999999998224, 0.000000000000000000, 2.793185071074506290E-15 ) ) ;
#616 = DIRECTION ( 'NONE',  ( 1.000000000000000000, 0.000000000000000000, -3.491481338843133355E-15 ) ) ;
#617 = ORIENTED_EDGE ( 'NONE', *, *, #4574, .F. ) ;
#618 = PLANE ( 'NONE',  #3957 ) ;
#619 = CARTESIAN_POINT ( 'NONE',  ( 1.030000000000002913, 0.2300000000000000100, 1.049999999999996270 ) ) ;
#620 = MECHANICAL_DESIGN_GEOMETRIC_PRESENTATION_REPRESENTATION (  '', ( #1581 ), #1268 ) ;
#621 = STYLED_ITEM ( 'NONE', ( #1013 ), #2221 ) ;
#622 = FACE_OUTER_BOUND ( 'NONE', #1085, .T. ) ;
#623 = DIRECTION ( 'NONE',  ( 3.491481338843133355E-15, -0.000000000000000000, 1.000000000000000000 ) ) ;
#624 = ORIENTED_EDGE ( 'NONE', *, *, #2779, .F. ) ;
#625 = VECTOR ( 'NONE', #3661, 1000.000000000000000 ) ;
#626 = EDGE_LOOP ( 'NONE', ( #456, #2810, #2237, #624, #4674, #2272, #4749, #111 ) ) ;
#627 = PLANE ( 'NONE',  #4508 ) ;
#628 = AXIS2_PLACEMENT_3D ( 'NONE', #1697, #167, #1288 ) ;
#629 = CARTESIAN_POINT ( 'NONE',  ( 1.149999999999999245, 0.000000000000000000, -0.1500000000000037415 ) ) ;
#630 = ORIENTED_EDGE ( 'NONE', *, *, #2258, .F. ) ;
#631 = CARTESIAN_POINT ( 'NONE',  ( -0.7999999999999957145, 0.1000000000000000056, 1.150000000000001910 ) ) ;
#632 = CARTESIAN_POINT ( 'NONE',  ( -0.8000000000000034861, 0.8378679656440354284, -0.9999999999999972244 ) ) ;
#633 = CARTESIAN_POINT ( 'NONE',  ( 0.7999999999999963807, 0.9999999999999997780, -0.8500000000000029754 ) ) ;
#634 = AXIS2_PLACEMENT_3D ( 'NONE', #1968, #3189, #440 ) ;
#635 = AXIS2_PLACEMENT_3D ( 'NONE', #3782, #3411, #641 ) ;
#636 = ORIENTED_EDGE ( 'NONE', *, *, #3370, .F. ) ;
#637 = SURFACE_SIDE_STYLE ('',( #2197 ) ) ;
#638 = ORIENTED_EDGE ( 'NONE', *, *, #2944, .T. ) ;
#639 = CARTESIAN_POINT ( 'NONE',  ( 1.029999999999995364, 0.2300000000000000100, -1.050000000000003819 ) ) ;
#640 = CARTESIAN_POINT ( 'NONE',  ( -1.149999999999998135, 0.1000000000000000056, 0.5000000000000037748 ) ) ;
#641 = DIRECTION ( 'NONE',  ( 1.000000000000000000, 0.000000000000000000, -3.491481338843133355E-15 ) ) ;
#642 = ORIENTED_EDGE ( 'NONE', *, *, #424, .F. ) ;
#643 = MANIFOLD_SOLID_BREP ( 'Boss-Extrude4[5]', #3746 ) ;
#644 = DIRECTION ( 'NONE',  ( 1.000000000000000000, 0.000000000000000000, -3.491481338843133355E-15 ) ) ;
#645 = EDGE_CURVE ( 'NONE', #4059, #1815, #1647, .T. ) ;
#646 = CARTESIAN_POINT ( 'NONE',  ( -1.000000000000003775, 0.2800000000000033573, -0.9171572875253778401 ) ) ;
#647 = MANIFOLD_SOLID_BREP ( 'Boss-Extrude4[9]', #3990 ) ;
#648 = CARTESIAN_POINT ( 'NONE',  ( 1.049999999999997158, 0.1681966011250106696, -0.8000000000000017097 ) ) ;
#649 = DIRECTION ( 'NONE',  ( 1.000000000000000000, 0.000000000000000000, -2.871937240279988021E-15 ) ) ;
#650 = ORIENTED_EDGE ( 'NONE', *, *, #4054, .T. ) ;
#651 = EDGE_LOOP ( 'NONE', ( #2593, #260, #1615, #1517 ) ) ;
#652 = CARTESIAN_POINT ( 'NONE',  ( 0.8000000000000037081, 5.111269837220810075, 0.9999999999999974465 ) ) ;
#653 = PRESENTATION_STYLE_ASSIGNMENT (( #1036 ) ) ;
#654 = CARTESIAN_POINT ( 'NONE',  ( -1.150000000000003686, 0.1300000000000000044, -1.029999999999996252 ) ) ;
#655 = CARTESIAN_POINT ( 'NONE',  ( -1.149999999999995692, 0.1000000000000000056, 1.150000000000003464 ) ) ;
#656 = VECTOR ( 'NONE', #4986, 1000.000000000000000 ) ;
#657 = VERTEX_POINT ( 'NONE', #805 ) ;
#658 = DIRECTION ( 'NONE',  ( 3.491481338843133355E-15, 0.000000000000000000, 1.000000000000000000 ) ) ;
#659 = ORIENTED_EDGE ( 'NONE', *, *, #4635, .T. ) ;
#660 = DIRECTION ( 'NONE',  ( -1.000000000000000000, 0.000000000000000000, 3.614007241618348376E-15 ) ) ;
#661 = DIRECTION ( 'NONE',  ( 0.000000000000000000, 1.000000000000000000, 0.000000000000000000 ) ) ;
#662 = DIRECTION ( 'NONE',  ( 1.000000000000000000, 0.000000000000000000, -2.871937240279988021E-15 ) ) ;
#663 = FACE_OUTER_BOUND ( 'NONE', #3304, .T. ) ;
#664 = EDGE_CURVE ( 'NONE', #1317, #4412, #2366, .T. ) ;
#665 = VECTOR ( 'NONE', #4283, 1000.000000000000000 ) ;
#666 = VERTEX_POINT ( 'NONE', #3178 ) ;
#667 = CLOSED_SHELL ( 'NONE', ( #4948, #3137, #1497, #4572, #2637, #3153 ) ) ;
#668 = ADVANCED_FACE ( 'NONE', ( #4719 ), #1593, .F. ) ;
#669 = CARTESIAN_POINT ( 'NONE',  ( -0.8000000000000030420, 0.9000000000000000222, -0.8499999999999973133 ) ) ;
#670 = DIRECTION ( 'NONE',  ( -1.000000000000000000, 0.000000000000000000, 3.491481338843133355E-15 ) ) ;
#671 = AXIS2_PLACEMENT_3D ( 'NONE', #471, #843, #2331 ) ;
#672 = ADVANCED_FACE ( 'NONE', ( #2804 ), #4694, .F. ) ;
#673 = CARTESIAN_POINT ( 'NONE',  ( -0.8000000000000042633, 0.2299999999999998712, -1.149999999999997247 ) ) ;
#674 = DIRECTION ( 'NONE',  ( 1.000000000000000000, -0.000000000000000000, -2.871937240279987626E-15 ) ) ;
#675 = LINE ( 'NONE', #2687, #4552 ) ;
#676 = ORIENTED_EDGE ( 'NONE', *, *, #2329, .F. ) ;
#677 = ORIENTED_EDGE ( 'NONE', *, *, #4615, .F. ) ;
#678 = APPLICATION_PROTOCOL_DEFINITION ( 'draft international standard', 'automotive_design', 1998, #3966 ) ;
#679 = CARTESIAN_POINT ( 'NONE',  ( 0.7999999999999980460, 0.1000000000000000056, -0.5000000000000027756 ) ) ;
#680 =( BOUNDED_SURFACE ( )  B_SPLINE_SURFACE ( 3, 3, ( 
 ( #702, #1420, #4167, #633 ),
 ( #683, #1084, #4136, #1015 ),
 ( #2646, #3405, #1397, #2191 ),
 ( #1830, #3360, #2217, #4540 ) ),
 .UNSPECIFIED., .F., .F., .F. ) 
 B_SPLINE_SURFACE_WITH_KNOTS ( ( 4, 4 ),
 ( 4, 4 ),
 ( 0.000000000000000000, 1.000000000000000000 ),
 ( 0.000000000000000000, 1.000000000000000000 ),
 .UNSPECIFIED. ) 
 GEOMETRIC_REPRESENTATION_ITEM ( )  RATIONAL_B_SPLINE_SURFACE ( (
 ( 1.000000000000000000, 0.8047378541243596084, 0.8047378541243596084, 1.000000000000000000),
 ( 0.8047378541243649375, 0.6476030138606834186, 0.6476030138606834186, 0.8047378541243649375),
 ( 0.8047378541243649375, 0.6476030138606834186, 0.6476030138606834186, 0.8047378541243649375),
 ( 1.000000000000000000, 0.8047378541243596084, 0.8047378541243596084, 1.000000000000000000) ) ) 
 REPRESENTATION_ITEM ( '' )  SURFACE ( )  );
#681 = PRESENTATION_STYLE_ASSIGNMENT (( #4165 ) ) ;
#682 = DIRECTION ( 'NONE',  ( -0.000000000000000000, -1.000000000000000000, -0.000000000000000000 ) ) ;
#683 = CARTESIAN_POINT ( 'NONE',  ( 0.9964466094067235824, 0.9999999999999998890, -0.8000000000000031530 ) ) ;
#684 = EDGE_LOOP ( 'NONE', ( #3769, #2024, #2517, #3800 ) ) ;
#685 = VERTEX_POINT ( 'NONE', #3958 ) ;
#686 = FILL_AREA_STYLE_COLOUR ( '', #1895 ) ;
#687 = DIRECTION ( 'NONE',  ( 1.000000000000000000, 0.000000000000000000, -3.181709289561560885E-15 ) ) ;
#688 = FACE_OUTER_BOUND ( 'NONE', #860, .T. ) ;
#689 = CARTESIAN_POINT ( 'NONE',  ( 0.000000000000000000, 0.000000000000000000, 0.000000000000000000 ) ) ;
#690 = VERTEX_POINT ( 'NONE', #1704 ) ;
#691 = DIRECTION ( 'NONE',  ( 0.000000000000000000, -1.000000000000000000, 0.000000000000000000 ) ) ;
#692 = DIRECTION ( 'NONE',  ( 3.801253388124706614E-15, -0.000000000000000000, 1.000000000000000000 ) ) ;
#693 = DIRECTION ( 'NONE',  ( 1.000000000000000000, 0.000000000000000000, -3.491481338843133355E-15 ) ) ;
#694 = CARTESIAN_POINT ( 'NONE',  ( 0.8000000000000030420, 0.7500000000000032196, 0.7999999999999974909 ) ) ;
#695 = VERTEX_POINT ( 'NONE', #534 ) ;
#696 = ORIENTED_EDGE ( 'NONE', *, *, #1886, .F. ) ;
#697 = CARTESIAN_POINT ( 'NONE',  ( 0.9878679656440314538, 0.2300000000000000100, -1.120710678118657322 ) ) ;
#698 = AXIS2_PLACEMENT_3D ( 'NONE', #284, #1930, #4550 ) ;
#699 = EDGE_CURVE ( 'NONE', #92, #4388, #3638, .T. ) ;
#700 = CARTESIAN_POINT ( 'NONE',  ( -0.8000000000000024869, 0.1000000000000000056, -0.7999999999999967137 ) ) ;
#701 = LINE ( 'NONE', #4252, #3896 ) ;
#702 = CARTESIAN_POINT ( 'NONE',  ( 0.8499999999999974243, 0.9999999999999997780, -0.8000000000000029310 ) ) ;
#703 = VECTOR ( 'NONE', #4403, 1000.000000000000000 ) ;
#704 = EDGE_CURVE ( 'NONE', #4990, #3256, #3261, .T. ) ;
#705 = EDGE_LOOP ( 'NONE', ( #4776, #2902, #4356, #475 ) ) ;
#706 = VECTOR ( 'NONE', #861, 1000.000000000000000 ) ;
#707 = ORIENTED_EDGE ( 'NONE', *, *, #4579, .F. ) ;
#708 = DIRECTION ( 'NONE',  ( -1.000000000000000000, 0.000000000000000000, 3.614007241618347587E-15 ) ) ;
#709 = CARTESIAN_POINT ( 'NONE',  ( 0.7999999999999969358, 0.000000000000000000, -0.8000000000000027089 ) ) ;
#710 = CARTESIAN_POINT ( 'NONE',  ( 1.150000000000000133, 0.000000000000000000, 0.1499999999999961919 ) ) ;
#711 = PLANE ( 'NONE',  #4049 ) ;
#712 = ORIENTED_EDGE ( 'NONE', *, *, #3057, .T. ) ;
#713 = CIRCLE ( 'NONE', #1602, 0.04999999999999991257 ) ;
#714 = EDGE_CURVE ( 'NONE', #3662, #3841, #1520, .T. ) ;
#715 = CARTESIAN_POINT ( 'NONE',  ( -1.250000000000012434, 0.1300000000000000044, -1.249999999999993339 ) ) ;
#716 = SURFACE_SIDE_STYLE ('',( #24 ) ) ;
#717 = VECTOR ( 'NONE', #4418, 999.9999999999998863 ) ;
#718 = CARTESIAN_POINT ( 'NONE',  ( 1.064270121133406466, 0.2300000000000000100, -1.030862378215514408 ) ) ;
#719 = CARTESIAN_POINT ( 'NONE',  ( 0.5999999999999908740, 0.1000000000000000056, -0.9750000000000021982 ) ) ;
#720 = CARTESIAN_POINT ( 'NONE',  ( -0.8000000000000041522, 0.2299999999999998990, -1.149999999999997247 ) ) ;
#721 = ORIENTED_EDGE ( 'NONE', *, *, #2524, .T. ) ;
#722 = VERTEX_POINT ( 'NONE', #1214 ) ;
#723 = ADVANCED_FACE ( 'NONE', ( #1958 ), #2276, .F. ) ;
#724 = EDGE_CURVE ( 'NONE', #1498, #3852, #4620, .T. ) ;
#725 = CARTESIAN_POINT ( 'NONE',  ( 0.7999999999999991562, 0.000000000000000000, -0.1500000000000027423 ) ) ;
#726 =( NAMED_UNIT ( * ) SI_UNIT ( $, .STERADIAN. ) SOLID_ANGLE_UNIT ( ) );
#727 = DIRECTION ( 'NONE',  ( -0.000000000000000000, -1.000000000000000000, -0.000000000000000000 ) ) ;
#728 = CARTESIAN_POINT ( 'NONE',  ( 0.8000000000000037081, 0.000000000000000000, 1.149999999999997247 ) ) ;
#729 = ORIENTED_EDGE ( 'NONE', *, *, #3530, .F. ) ;
#730 = ORIENTED_EDGE ( 'NONE', *, *, #2204, .F. ) ;
#731 = SURFACE_SIDE_STYLE ('',( #3006 ) ) ;
#732 = DIRECTION ( 'NONE',  ( -1.000000000000000000, 0.000000000000000000, 3.430248998885765781E-15 ) ) ;
#733 = CARTESIAN_POINT ( 'NONE',  ( -0.9618135006240148277, 0.1299999999999998657, -1.049999999999996714 ) ) ;
#734 = DIRECTION ( 'NONE',  ( 0.000000000000000000, 1.000000000000000000, 0.000000000000000000 ) ) ;
#735 = EDGE_CURVE ( 'NONE', #1798, #520, #4219, .T. ) ;
#736 = ORIENTED_EDGE ( 'NONE', *, *, #1794, .F. ) ;
#737 = CARTESIAN_POINT ( 'NONE',  ( -0.7999999999999974909, 0.2800000000000033573, 0.8000000000000031530 ) ) ;
#738 = CARTESIAN_POINT ( 'NONE',  ( -0.8000000000000002665, 0.000000000000000000, -0.1499999999999970524 ) ) ;
#739 = AXIS2_PLACEMENT_3D ( 'NONE', #4628, #3373, #3768 ) ;
#740 = VECTOR ( 'NONE', #2283, 1000.000000000000000 ) ;
#741 = AXIS2_PLACEMENT_3D ( 'NONE', #30, #732, #4260 ) ;
#742 = PRESENTATION_LAYER_ASSIGNMENT (  '', '', ( #23 ) ) ;
#743 = DIRECTION ( 'NONE',  ( -3.627006610403821410E-15, 0.000000000000000000, -1.000000000000000000 ) ) ;
#744 = LINE ( 'NONE', #416, #421 ) ;
#745 = PLANE ( 'NONE',  #739 ) ;
#746 = ORIENTED_EDGE ( 'NONE', *, *, #2239, .F. ) ;
#747 = ORIENTED_EDGE ( 'NONE', *, *, #2721, .T. ) ;
#748 = AXIS2_PLACEMENT_3D ( 'NONE', #273, #4917, #4090 ) ;
#749 = EDGE_CURVE ( 'NONE', #232, #2853, #1139, .T. ) ;
#750 = CYLINDRICAL_SURFACE ( 'NONE', #2175, 0.1000000000000001027 ) ;
#751 = ADVANCED_FACE ( 'NONE', ( #782 ), #3507, .F. ) ;
#752 = CARTESIAN_POINT ( 'NONE',  ( -1.062891624136441227, 0.1291723363603945463, 0.9539983479848427317 ) ) ;
#753 = FACE_OUTER_BOUND ( 'NONE', #2739, .T. ) ;
#754 = EDGE_CURVE ( 'NONE', #4186, #2114, #2344, .T. ) ;
#755 = CARTESIAN_POINT ( 'NONE',  ( -1.150000000000003686, 0.2300000000000000100, -1.029999999999996252 ) ) ;
#756 = CARTESIAN_POINT ( 'NONE',  ( -1.030000000000003801, 0.2300000000000000100, -1.029999999999996696 ) ) ;
#757 = ORIENTED_EDGE ( 'NONE', *, *, #1231, .F. ) ;
#758 = EDGE_CURVE ( 'NONE', #1884, #1635, #3876, .T. ) ;
#759 = ADVANCED_FACE ( 'NONE', ( #3050 ), #1695, .F. ) ;
#760 = CARTESIAN_POINT ( 'NONE',  ( -0.9999999999999974465, 0.2800000000000033573, 0.8000000000000037081 ) ) ;
#761 = DIRECTION ( 'NONE',  ( 1.000000000000000000, 0.000000000000000000, -2.871937240279988021E-15 ) ) ;
#762 = CARTESIAN_POINT ( 'NONE',  ( -1.099999999999995426, 0.2507106781186557720, 0.9757359312880758972 ) ) ;
#763 = ORIENTED_EDGE ( 'NONE', *, *, #4359, .T. ) ;
#764 = DIRECTION ( 'NONE',  ( -1.000000000000000000, 0.000000000000000000, 3.252606517456513696E-15 ) ) ;
#765 = ORIENTED_EDGE ( 'NONE', *, *, #286, .T. ) ;
#766 = DIRECTION ( 'NONE',  ( -0.000000000000000000, -1.000000000000000000, -0.000000000000000000 ) ) ;
#767 = DIRECTION ( 'NONE',  ( 1.000000000000000000, 0.000000000000000000, -3.491481338843133355E-15 ) ) ;
#768 = CARTESIAN_POINT ( 'NONE',  ( -1.050000000000003819, 0.2300000000000000100, -1.029999999999995808 ) ) ;
#769 = DIRECTION ( 'NONE',  ( -0.000000000000000000, -1.000000000000000000, -0.000000000000000000 ) ) ;
#770 = VERTEX_POINT ( 'NONE', #3903 ) ;
#771 = VERTEX_POINT ( 'NONE', #4190 ) ;
#772 = CARTESIAN_POINT ( 'NONE',  ( 1.151413695764974765, 0.1300066619336573970, 0.7999999999999963807 ) ) ;
#773 = ORIENTED_EDGE ( 'NONE', *, *, #1734, .F. ) ;
#774 = CARTESIAN_POINT ( 'NONE',  ( -1.005853376975464508, 0.1300066619336573692, 1.151413695764975875 ) ) ;
#775 = LINE ( 'NONE', #3044, #413 ) ;
#776 = CARTESIAN_POINT ( 'NONE',  ( 0.8000000000000041522, 0.2799999999999998601, 1.149999999999997691 ) ) ;
#777 = AXIS2_PLACEMENT_3D ( 'NONE', #4212, #398, #3379 ) ;
#778 = CARTESIAN_POINT ( 'NONE',  ( 0.8000000000000041522, 0.2799999999999998601, 1.149999999999997691 ) ) ;
#779 = VERTEX_POINT ( 'NONE', #1984 ) ;
#780 = DIRECTION ( 'NONE',  ( -0.000000000000000000, -1.000000000000000000, -0.000000000000000000 ) ) ;
#781 = CARTESIAN_POINT ( 'NONE',  ( -4.364351673553904861E-15, 0.1300000000000000044, -1.249999999999996447 ) ) ;
#782 = FACE_OUTER_BOUND ( 'NONE', #3413, .T. ) ;
#783 = LINE ( 'NONE', #3181, #2271 ) ;
#784 = VECTOR ( 'NONE', #2571, 1000.000000000000000 ) ;
#785 = ORIENTED_EDGE ( 'NONE', *, *, #3057, .F. ) ;
#786 = VECTOR ( 'NONE', #4502, 1000.000000000000000 ) ;
#787 = PLANE ( 'NONE',  #965 ) ;
#788 = VERTEX_POINT ( 'NONE', #4696 ) ;
#789 =( NAMED_UNIT ( * ) PLANE_ANGLE_UNIT ( ) SI_UNIT ( $, .RADIAN. ) );
#790 =( GEOMETRIC_REPRESENTATION_CONTEXT ( 3 ) GLOBAL_UNCERTAINTY_ASSIGNED_CONTEXT ( ( #2873 ) ) GLOBAL_UNIT_ASSIGNED_CONTEXT ( ( #3341, #3666, #1422 ) ) REPRESENTATION_CONTEXT ( 'NONE', 'WORKASPACE' ) );
#791 = ADVANCED_FACE ( 'NONE', ( #1911 ), #3437, .F. ) ;
#792 = DIRECTION ( 'NONE',  ( 1.000000000000000000, -0.000000000000000000, -3.491481338843133355E-15 ) ) ;
#793 = VECTOR ( 'NONE', #2277, 1000.000000000000000 ) ;
#794 = CARTESIAN_POINT ( 'NONE',  ( 1.249999999999998446, 0.000000000000000000, 1.250000000000000444 ) ) ;
#795 = PLANE ( 'NONE',  #817 ) ;
#796 = ORIENTED_EDGE ( 'NONE', *, *, #980, .F. ) ;
#797 = ORIENTED_EDGE ( 'NONE', *, *, #982, .T. ) ;
#798 = DIRECTION ( 'NONE',  ( 1.000000000000000000, 0.000000000000000000, -2.971064296050092805E-15 ) ) ;
#799 = ORIENTED_EDGE ( 'NONE', *, *, #2668, .T. ) ;
#800 = EDGE_CURVE ( 'NONE', #2755, #1960, #2207, .T. ) ;
#801 = DIRECTION ( 'NONE',  ( -0.000000000000000000, -1.000000000000000000, -0.000000000000000000 ) ) ;
#802 = CARTESIAN_POINT ( 'NONE',  ( 0.8000000000000014877, 0.000000000000000000, 0.4999999999999971689 ) ) ;
#803 = CARTESIAN_POINT ( 'NONE',  ( 0.8496942619956439069, 1.000000000000000000, -0.8274134121841533185 ) ) ;
#804 = VERTEX_POINT ( 'NONE', #1112 ) ;
#805 = CARTESIAN_POINT ( 'NONE',  ( 1.049999999999996270, 0.1300000000000000044, -1.044948974278322673 ) ) ;
#806 = LINE ( 'NONE', #2473, #428 ) ;
#807 = CARTESIAN_POINT ( 'NONE',  ( -0.9999999999999970024, 0.7499999999999997780, 0.9171572875253851675 ) ) ;
#808 = LINE ( 'NONE', #1596, #4208 ) ;
#809 = VERTEX_POINT ( 'NONE', #2036 ) ;
#810 = ADVANCED_FACE ( 'NONE', ( #3235 ), #2502, .F. ) ;
#811 = CARTESIAN_POINT ( 'NONE',  ( 0.000000000000000000, 0.1000000000000000056, 0.000000000000000000 ) ) ;
#812 = ORIENTED_EDGE ( 'NONE', *, *, #1491, .T. ) ;
#813 = CARTESIAN_POINT ( 'NONE',  ( -0.8500000000000033085, 0.7499999999999997780, -0.7999999999999970468 ) ) ;
#814 = EDGE_CURVE ( 'NONE', #3375, #1018, #2089, .T. ) ;
#815 = EDGE_CURVE ( 'NONE', #771, #1996, #4334, .T. ) ;
#816 = LINE ( 'NONE', #1199, #1108 ) ;
#817 = AXIS2_PLACEMENT_3D ( 'NONE', #872, #1946, #3492 ) ;
#818 = DIRECTION ( 'NONE',  ( -0.7071067811865197061, 0.000000000000000000, -0.7071067811865754393 ) ) ;
#819 = DIRECTION ( 'NONE',  ( -1.000000000000000000, 0.000000000000000000, 3.491481338843133355E-15 ) ) ;
#820 = CARTESIAN_POINT ( 'NONE',  ( 1.000000000000003331, 0.7500000000000031086, 0.9171572875253778401 ) ) ;
#821 = ORIENTED_EDGE ( 'NONE', *, *, #2178, .T. ) ;
#822 = EDGE_CURVE ( 'NONE', #1468, #2557, #2774, .T. ) ;
#823 = ORIENTED_EDGE ( 'NONE', *, *, #2308, .T. ) ;
#824 = AXIS2_PLACEMENT_3D ( 'NONE', #4317, #2783, #894 ) ;
#825 = FACE_OUTER_BOUND ( 'NONE', #1787, .T. ) ;
#826 = ORIENTED_EDGE ( 'NONE', *, *, #4940, .F. ) ;
#827 = ORIENTED_EDGE ( 'NONE', *, *, #4856, .F. ) ;
#828 = STYLED_ITEM ( 'NONE', ( #915 ), #643 ) ;
#829 = LINE ( 'NONE', #45, #2083 ) ;
#830 = AXIS2_PLACEMENT_3D ( 'NONE', #4158, #4177, #4533 ) ;
#831 = CARTESIAN_POINT ( 'NONE',  ( 0.8499999999999974243, 1.000000000000000000, -0.8000000000000028200 ) ) ;
#832 = VERTEX_POINT ( 'NONE', #4041 ) ;
#833 = DIRECTION ( 'NONE',  ( -2.871937240279987626E-15, 0.000000000000000000, -1.000000000000000000 ) ) ;
#834 = LINE ( 'NONE', #1620, #4394 ) ;
#835 = CARTESIAN_POINT ( 'NONE',  ( 1.149999999999999689, 0.000000000000000000, -4.015203539669602570E-15 ) ) ;
#836 = DIRECTION ( 'NONE',  ( 1.000000000000000000, -0.000000000000000000, -3.491481338843133355E-15 ) ) ;
#837 = EDGE_LOOP ( 'NONE', ( #1062, #3269, #419, #350 ) ) ;
#838 = FACE_OUTER_BOUND ( 'NONE', #2872, .T. ) ;
#839 = EDGE_LOOP ( 'NONE', ( #924, #589, #551, #4534 ) ) ;
#840 = FACE_OUTER_BOUND ( 'NONE', #3165, .T. ) ;
#841 = CARTESIAN_POINT ( 'NONE',  ( 1.100000000000002531, 0.8964466094067268243, 0.9757359312880673485 ) ) ;
#842 = DIRECTION ( 'NONE',  ( -1.000000000000000000, 0.000000000000000000, 3.491481338843133355E-15 ) ) ;
#843 = DIRECTION ( 'NONE',  ( 0.000000000000000000, 1.000000000000000000, 0.000000000000000000 ) ) ;
#844 = CARTESIAN_POINT ( 'NONE',  ( 0.8000000000000031530, 0.8999999999999998002, 0.8499999999999973133 ) ) ;
#845 = EDGE_LOOP ( 'NONE', ( #2555, #1680, #1045, #2585 ) ) ;
#846 = EDGE_LOOP ( 'NONE', ( #1160, #4350, #53, #1354 ) ) ;
#847 = CARTESIAN_POINT ( 'NONE',  ( 0.7999999999999962697, 0.2799999999999998601, -1.150000000000002798 ) ) ;
#848 = CARTESIAN_POINT ( 'NONE',  ( 1.030862378215505748, 0.2300000000000000655, 1.064270121133412461 ) ) ;
#849 = EDGE_LOOP ( 'NONE', ( #438, #1902, #4071, #927 ) ) ;
#850 = CARTESIAN_POINT ( 'NONE',  ( -5.237222008264695103E-16, 0.000000000000000000, -0.1499999999999998557 ) ) ;
#851 = EDGE_CURVE ( 'NONE', #3390, #1311, #4310, .T. ) ;
#852 = LINE ( 'NONE', #3955, #2003 ) ;
#853 = EDGE_LOOP ( 'NONE', ( #332, #4299, #3539, #4865 ) ) ;
#854 =( LENGTH_UNIT ( ) NAMED_UNIT ( * ) SI_UNIT ( .MILLI., .METRE. ) );
#855 = DIRECTION ( 'NONE',  ( -1.000000000000000000, 0.000000000000000000, 1.409813167670964645E-15 ) ) ;
#856 = FACE_BOUND ( 'NONE', #2032, .T. ) ;
#857 = DIRECTION ( 'NONE',  ( 3.491481338843133355E-15, -0.000000000000000000, 1.000000000000000000 ) ) ;
#858 = EDGE_CURVE ( 'NONE', #4296, #2145, #1239, .T. ) ;
#859 = AXIS2_PLACEMENT_3D ( 'NONE', #36, #4978, #4289 ) ;
#860 = EDGE_LOOP ( 'NONE', ( #4028, #5009, #1226, #1739 ) ) ;
#861 = DIRECTION ( 'NONE',  ( 3.491481338843133355E-15, -0.000000000000000000, 1.000000000000000000 ) ) ;
#862 = AXIS2_PLACEMENT_3D ( 'NONE', #652, #2957, #4087 ) ;
#863 = ORIENTED_EDGE ( 'NONE', *, *, #1558, .F. ) ;
#864 = FACE_OUTER_BOUND ( 'NONE', #2991, .T. ) ;
#865 = EDGE_CURVE ( 'NONE', #2929, #1174, #2119, .T. ) ;
#866 = AXIS2_PLACEMENT_3D ( 'NONE', #4704, #842, #1715 ) ;
#867 = ADVANCED_FACE ( 'NONE', ( #3926, #856 ), #460, .T. ) ;
#868 =( BOUNDED_SURFACE ( )  B_SPLINE_SURFACE ( 3, 3, ( 
 ( #4453, #2536, #3722, #2969 ),
 ( #4079, #2986, #3702, #4885 ),
 ( #2610, #1408, #3368, #1384 ),
 ( #2588, #4906, #646, #2126 ) ),
 .UNSPECIFIED., .F., .F., .F. ) 
 B_SPLINE_SURFACE_WITH_KNOTS ( ( 4, 4 ),
 ( 4, 4 ),
 ( 0.000000000000000000, 1.000000000000000000 ),
 ( 0.000000000000000000, 1.000000000000000000 ),
 .UNSPECIFIED. ) 
 GEOMETRIC_REPRESENTATION_ITEM ( )  RATIONAL_B_SPLINE_SURFACE ( (
 ( 1.000000000000000000, 0.8047378541243649375, 0.8047378541243649375, 1.000000000000000000),
 ( 0.8025111867385881226, 0.6458111303268089243, 0.6458111303268089243, 0.8025111867385881226),
 ( 0.8025111867385881226, 0.6458111303268089243, 0.6458111303268089243, 0.8025111867385881226),
 ( 1.000000000000000000, 0.8047378541243649375, 0.8047378541243649375, 1.000000000000000000) ) ) 
 REPRESENTATION_ITEM ( '' )  SURFACE ( )  );
#869 = CARTESIAN_POINT ( 'NONE',  ( -1.149999999999999245, 0.000000000000000000, 0.1500000000000040745 ) ) ;
#870 = CARTESIAN_POINT ( 'NONE',  ( 1.030000000000003801, 0.2300000000000000100, 1.029999999999996252 ) ) ;
#871 = CARTESIAN_POINT ( 'NONE',  ( 0.8500000000000000888, 1.000000000000000000, -2.967759138016663352E-15 ) ) ;
#872 = CARTESIAN_POINT ( 'NONE',  ( -0.8000000000000038192, 0.1000000000000000056, -1.149999999999996358 ) ) ;
#873 = VERTEX_POINT ( 'NONE', #4390 ) ;
#874 = AXIS2_PLACEMENT_3D ( 'NONE', #4287, #2373, #3615 ) ;
#875 = ORIENTED_EDGE ( 'NONE', *, *, #3928, .F. ) ;
#876 = VECTOR ( 'NONE', #2941, 1000.000000000000000 ) ;
#877 = DIRECTION ( 'NONE',  ( 0.000000000000000000, 1.000000000000000000, 0.000000000000000000 ) ) ;
#878 = ORIENTED_EDGE ( 'NONE', *, *, #4421, .F. ) ;
#879 = VERTEX_POINT ( 'NONE', #178 ) ;
#880 = EDGE_CURVE ( 'NONE', #4740, #1742, #4368, .T. ) ;
#881 = CARTESIAN_POINT ( 'NONE',  ( 0.8000000000000030420, 0.7500000000000015543, 0.7999999999999974909 ) ) ;
#882 = AXIS2_PLACEMENT_3D ( 'NONE', #2009, #2775, #1985 ) ;
#883 = ADVANCED_FACE ( 'NONE', ( #125 ), #1706, .F. ) ;
#884 = CARTESIAN_POINT ( 'NONE',  ( 0.3999999999999906408, 0.000000000000000000, -0.9750000000000015321 ) ) ;
#885 = ORIENTED_EDGE ( 'NONE', *, *, #2635, .F. ) ;
#886 = CARTESIAN_POINT ( 'NONE',  ( -0.7999999999999962697, 0.2799999999999998601, 1.150000000000003020 ) ) ;
#887 = CARTESIAN_POINT ( 'NONE',  ( 4.015203539669604147E-15, 0.000000000000000000, 1.150000000000000133 ) ) ;
#888 = CARTESIAN_POINT ( 'NONE',  ( -0.1380000000000035087, 0.5000000000000000000, 0.6250000000000049960 ) ) ;
#889 = EDGE_CURVE ( 'NONE', #3503, #3420, #485, .T. ) ;
#890 = LINE ( 'NONE', #179, #480 ) ;
#891 = ORIENTED_EDGE ( 'NONE', *, *, #3593, .T. ) ;
#892 = LINE ( 'NONE', #4700, #1856 ) ;
#893 = ORIENTED_EDGE ( 'NONE', *, *, #4844, .F. ) ;
#894 = DIRECTION ( 'NONE',  ( -1.000000000000000000, 0.000000000000000000, 3.627006610403822987E-15 ) ) ;
#895 = DIRECTION ( 'NONE',  ( -0.000000000000000000, -1.000000000000000000, 0.000000000000000000 ) ) ;
#896 = EDGE_CURVE ( 'NONE', #3238, #3905, #1733, .T. ) ;
#897 = ORIENTED_EDGE ( 'NONE', *, *, #3314, .F. ) ;
#898 = PLANE ( 'NONE',  #3953 ) ;
#899 = CARTESIAN_POINT ( 'NONE',  ( 1.150000000000003908, 0.1000000000000000056, 1.149999999999996136 ) ) ;
#900 = FACE_OUTER_BOUND ( 'NONE', #1447, .T. ) ;
#901 = CARTESIAN_POINT ( 'NONE',  ( 1.000000000000001332, 0.8378679656440373158, 0.9171572875253766188 ) ) ;
#902 = ORIENTED_EDGE ( 'NONE', *, *, #2315, .F. ) ;
#903 = VERTEX_POINT ( 'NONE', #2829 ) ;
#904 = CARTESIAN_POINT ( 'NONE',  ( -0.8000000000000038192, 0.1000000000000000056, -1.149999999999996358 ) ) ;
#905 = LINE ( 'NONE', #3255, #2459 ) ;
#906 = ORIENTED_EDGE ( 'NONE', *, *, #914, .T. ) ;
#907 = CARTESIAN_POINT ( 'NONE',  ( 0.7999999999999979350, 0.1000000000000000056, -0.5000000000000027756 ) ) ;
#908 = VECTOR ( 'NONE', #4120, 1000.000000000000000 ) ;
#909 = AXIS2_PLACEMENT_3D ( 'NONE', #2209, #3444, #4980 ) ;
#910 = EDGE_CURVE ( 'NONE', #1847, #3649, #4824, .T. ) ;
#911 = DIRECTION ( 'NONE',  ( -0.000000000000000000, -1.000000000000000000, 0.000000000000000000 ) ) ;
#912 = ORIENTED_EDGE ( 'NONE', *, *, #815, .T. ) ;
#913 = VECTOR ( 'NONE', #2199, 1000.000000000000000 ) ;
#914 = EDGE_CURVE ( 'NONE', #1490, #3340, #2885, .T. ) ;
#915 = PRESENTATION_STYLE_ASSIGNMENT (( #2006 ) ) ;
#916 = PLANE ( 'NONE',  #1813 ) ;
#917 = CARTESIAN_POINT ( 'NONE',  ( -0.7999999999999979350, 0.1000000000000000056, 0.5000000000000024425 ) ) ;
#918 = FACE_OUTER_BOUND ( 'NONE', #2143, .T. ) ;
#919 = ORIENTED_EDGE ( 'NONE', *, *, #3525, .T. ) ;
#920 = VECTOR ( 'NONE', #2806, 1000.000000000000000 ) ;
#921 = ADVANCED_FACE ( 'NONE', ( #3987 ), #510, .F. ) ;
#922 = ADVANCED_FACE ( 'NONE', ( #2474 ), #1677, .F. ) ;
#923 = DIRECTION ( 'NONE',  ( 1.000000000000000000, 0.000000000000000000, -3.491481338843133355E-15 ) ) ;
#924 = ORIENTED_EDGE ( 'NONE', *, *, #1416, .T. ) ;
#925 = DIRECTION ( 'NONE',  ( 0.000000000000000000, -1.000000000000000000, 0.000000000000000000 ) ) ;
#926 = FACE_OUTER_BOUND ( 'NONE', #3933, .T. ) ;
#927 = ORIENTED_EDGE ( 'NONE', *, *, #538, .T. ) ;
#928 = FACE_OUTER_BOUND ( 'NONE', #837, .T. ) ;
#929 = DIRECTION ( 'NONE',  ( -1.000000000000000000, 0.000000000000000000, 3.491481338843133355E-15 ) ) ;
#930 = DIRECTION ( 'NONE',  ( -1.000000000000000000, 0.000000000000000000, 3.252606517456510147E-15 ) ) ;
#931 = DIRECTION ( 'NONE',  ( 3.491481338843133355E-15, -0.000000000000000000, 1.000000000000000000 ) ) ;
#932 = VERTEX_POINT ( 'NONE', #4444 ) ;
#933 = EDGE_LOOP ( 'NONE', ( #3974, #1218, #2157, #3705 ) ) ;
#934 = CARTESIAN_POINT ( 'NONE',  ( 0.1619999999999963414, 0.9000000000000001332, 0.6250000000000039968 ) ) ;
#935 = CARTESIAN_POINT ( 'NONE',  ( -0.9757359312880755642, 0.8964466094067261581, -1.099999999999996980 ) ) ;
#936 = ORIENTED_EDGE ( 'NONE', *, *, #822, .T. ) ;
#937 = VERTEX_POINT ( 'NONE', #4897 ) ;
#938 = FACE_OUTER_BOUND ( 'NONE', #4657, .T. ) ;
#939 = DIRECTION ( 'NONE',  ( -2.871937240279988021E-15, 0.000000000000000000, -1.000000000000000000 ) ) ;
#940 = ORIENTED_EDGE ( 'NONE', *, *, #4859, .T. ) ;
#941 = DIRECTION ( 'NONE',  ( -1.000000000000000000, 0.000000000000000000, 3.252606517456510147E-15 ) ) ;
#942 = DIRECTION ( 'NONE',  ( 1.000000000000000000, 0.000000000000000000, -4.111025437406278295E-15 ) ) ;
#943 = PLANE ( 'NONE',  #1118 ) ;
#944 = FACE_OUTER_BOUND ( 'NONE', #170, .T. ) ;
#945 = ORIENTED_EDGE ( 'NONE', *, *, #446, .T. ) ;
#946 = CARTESIAN_POINT ( 'NONE',  ( 0.8000000000000030420, 5.111269837220810075, 0.7999999999999974909 ) ) ;
#947 = CARTESIAN_POINT ( 'NONE',  ( 0.4999999999999907851, 0.000000000000000000, -0.9750000000000018652 ) ) ;
#948 = VECTOR ( 'NONE', #2711, 1000.000000000000000 ) ;
#949 =( GEOMETRIC_REPRESENTATION_CONTEXT ( 3 ) GLOBAL_UNCERTAINTY_ASSIGNED_CONTEXT ( ( #3629 ) ) GLOBAL_UNIT_ASSIGNED_CONTEXT ( ( #1778, #1874, #1031 ) ) REPRESENTATION_CONTEXT ( 'NONE', 'WORKASPACE' ) );
#950 = EDGE_CURVE ( 'NONE', #2625, #3109, #4491, .T. ) ;
#951 = ORIENTED_EDGE ( 'NONE', *, *, #984, .F. ) ;
#952 = B_SPLINE_CURVE_WITH_KNOTS ( 'NONE', 3,
 ( #1500, #1476, #3083, #3033 ),
 .UNSPECIFIED., .F., .F.,
 ( 4, 4 ),
 ( 0.000000000000000000, 1.000000000000000000 ),
 .UNSPECIFIED. ) ;
#953 = AXIS2_PLACEMENT_3D ( 'NONE', #904, #2413, #528 ) ;
#954 = FILL_AREA_STYLE ('',( #212 ) ) ;
#955 = PLANE ( 'NONE',  #2340 ) ;
#956 = CYLINDRICAL_SURFACE ( 'NONE', #2786, 0.1999999999999998723 ) ;
#957 = CARTESIAN_POINT ( 'NONE',  ( -0.8000000000000030420, 0.7499999999999997780, -0.8499999999999973133 ) ) ;
#958 = EDGE_LOOP ( 'NONE', ( #1667, #951, #306, #64 ) ) ;
#959 = VECTOR ( 'NONE', #2180, 1000.000000000000000 ) ;
#960 = CARTESIAN_POINT ( 'NONE',  ( -0.7999999999999962697, 0.2799999999999998601, 1.150000000000003020 ) ) ;
#961 = FACE_OUTER_BOUND ( 'NONE', #2334, .T. ) ;
#962 = EDGE_LOOP ( 'NONE', ( #1257, #356, #919, #4489 ) ) ;
#963 = ORIENTED_EDGE ( 'NONE', *, *, #4054, .F. ) ;
#964 = CARTESIAN_POINT ( 'NONE',  ( -1.745740669421564508E-15, 0.000000000000000000, -0.4999999999999993339 ) ) ;
#965 = AXIS2_PLACEMENT_3D ( 'NONE', #2300, #4222, #1896 ) ;
#966 = PLANE ( 'NONE',  #4679 ) ;
#967 = VERTEX_POINT ( 'NONE', #3753 ) ;
#968 = EDGE_CURVE ( 'NONE', #4990, #1709, #3691, .T. ) ;
#969 = VECTOR ( 'NONE', #857, 1000.000000000000000 ) ;
#970 = CARTESIAN_POINT ( 'NONE',  ( -0.8292893218813488510, 0.8999999999999998002, -0.8499999999999972022 ) ) ;
#971 = CARTESIAN_POINT ( 'NONE',  ( 0.9378679656440329637, 0.8999999999999998002, -0.8807611844574927407 ) ) ;
#972 = CARTESIAN_POINT ( 'NONE',  ( 0.5999999999999909850, 0.000000000000000000, -0.9750000000000021982 ) ) ;
#973 = ORIENTED_EDGE ( 'NONE', *, *, #3198, .T. ) ;
#974 = FACE_OUTER_BOUND ( 'NONE', #2071, .T. ) ;
#975 = CARTESIAN_POINT ( 'NONE',  ( -1.149999999999999245, 0.000000000000000000, 0.1500000000000040745 ) ) ;
#976 = EDGE_LOOP ( 'NONE', ( #2167, #1921, #4442, #2480 ) ) ;
#977 = EDGE_CURVE ( 'NONE', #1468, #158, #4235, .T. ) ;
#978 = EDGE_CURVE ( 'NONE', #2252, #4242, #3775, .T. ) ;
#979 = CARTESIAN_POINT ( 'NONE',  ( 1.149999999999997469, 0.2799999999999998601, -0.8000000000000041522 ) ) ;
#980 = EDGE_CURVE ( 'NONE', #4272, #2495, #4723, .T. ) ;
#981 = CARTESIAN_POINT ( 'NONE',  ( -1.745740669421566283E-15, 0.000000000000000000, -0.4999999999999998890 ) ) ;
#982 = EDGE_CURVE ( 'NONE', #4247, #1345, #1002, .T. ) ;
#983 = CARTESIAN_POINT ( 'NONE',  ( 1.149999999999999689, 0.000000000000000000, -4.015203539669602570E-15 ) ) ;
#984 = EDGE_CURVE ( 'NONE', #3406, #3325, #1059, .T. ) ;
#985 = EDGE_CURVE ( 'NONE', #804, #1525, #2190, .T. ) ;
#986 = DIRECTION ( 'NONE',  ( 0.000000000000000000, 1.000000000000000000, 0.000000000000000000 ) ) ;
#987 = CARTESIAN_POINT ( 'NONE',  ( 0.9171572875253777291, 0.2800000000000033018, -1.000000000000004441 ) ) ;
#988 = VERTEX_POINT ( 'NONE', #2976 ) ;
#989 = ORIENTED_EDGE ( 'NONE', *, *, #3046, .T. ) ;
#990 = CARTESIAN_POINT ( 'NONE',  ( 1.149999999999998135, 0.1000000000000000056, -0.5000000000000037748 ) ) ;
#991 = VERTEX_POINT ( 'NONE', #2242 ) ;
#992 = CIRCLE ( 'NONE', #3814, 0.1500000000000000777 ) ;
#993 = DIRECTION ( 'NONE',  ( 3.355956067282445301E-15, 0.000000000000000000, 1.000000000000000000 ) ) ;
#994 = CARTESIAN_POINT ( 'NONE',  ( -0.8500000000000033085, 0.8999999999999998002, -0.7999999999999971578 ) ) ;
#995 = CARTESIAN_POINT ( 'NONE',  ( 0.8807611844574836368, 0.8999999999999998002, -0.9378679656440407353 ) ) ;
#996 = VECTOR ( 'NONE', #2889, 1000.000000000000000 ) ;
#997 = AXIS2_PLACEMENT_3D ( 'NONE', #4759, #4346, #2224 ) ;
#998 = VERTEX_POINT ( 'NONE', #654 ) ;
#999 = VERTEX_POINT ( 'NONE', #2999 ) ;
#1000 = DIRECTION ( 'NONE',  ( -0.000000000000000000, 1.000000000000000000, -0.000000000000000000 ) ) ;
#1001 = LINE ( 'NONE', #3618, #1373 ) ;
#1002 = CIRCLE ( 'NONE', #266, 0.1999999999999998723 ) ;
#1003 = ORIENTED_EDGE ( 'NONE', *, *, #3431, .T. ) ;
#1004 = FACE_OUTER_BOUND ( 'NONE', #846, .T. ) ;
#1005 = CARTESIAN_POINT ( 'NONE',  ( -0.8000000000000024869, 0.1000000000000000056, -0.7999999999999967137 ) ) ;
#1006 = DIRECTION ( 'NONE',  ( -1.000000000000000000, 0.000000000000000000, 3.491481338843133355E-15 ) ) ;
#1007 = DIRECTION ( 'NONE',  ( 3.491481338843133355E-15, -0.000000000000000000, 1.000000000000000000 ) ) ;
#1008 = VERTEX_POINT ( 'NONE', #1756 ) ;
#1009 = VERTEX_POINT ( 'NONE', #2931 ) ;
#1010 =( LENGTH_UNIT ( ) NAMED_UNIT ( * ) SI_UNIT ( .MILLI., .METRE. ) );
#1011 = CARTESIAN_POINT ( 'NONE',  ( 1.120710678118650661, 0.2300000000000000100, -0.9878679656440392254 ) ) ;
#1012 = ORIENTED_EDGE ( 'NONE', *, *, #4199, .F. ) ;
#1013 = PRESENTATION_STYLE_ASSIGNMENT (( #4134 ) ) ;
#1014 = DIRECTION ( 'NONE',  ( 1.000000000000000000, 0.000000000000000000, -3.252606517456508174E-15 ) ) ;
#1015 = CARTESIAN_POINT ( 'NONE',  ( 0.7999999999999928280, 0.9999999999999998890, -0.9964466094067290225 ) ) ;
#1016 = ORIENTED_EDGE ( 'NONE', *, *, #1349, .F. ) ;
#1017 = FILL_AREA_STYLE ('',( #2934 ) ) ;
#1018 = VERTEX_POINT ( 'NONE', #1376 ) ;
#1019 = DIRECTION ( 'NONE',  ( 0.000000000000000000, 1.000000000000000000, 0.000000000000000000 ) ) ;
#1020 = DIRECTION ( 'NONE',  ( 1.000000000000000000, 0.000000000000000000, -3.355956067282446879E-15 ) ) ;
#1021 = ORIENTED_EDGE ( 'NONE', *, *, #2165, .F. ) ;
#1022 = CARTESIAN_POINT ( 'NONE',  ( -1.099999999999997424, 0.7499999999999972244, 0.8000000000000041522 ) ) ;
#1023 = LINE ( 'NONE', #1770, #2831 ) ;
#1024 = AXIS2_PLACEMENT_3D ( 'NONE', #3605, #121, #2082 ) ;
#1025 = VECTOR ( 'NONE', #2597, 1000.000000000000000 ) ;
#1026 = CARTESIAN_POINT ( 'NONE',  ( -1.150000000000002576, 0.000000000000000000, -0.7999999999999952704 ) ) ;
#1027 = DIRECTION ( 'NONE',  ( 2.871937240279988021E-15, 0.000000000000000000, 1.000000000000000000 ) ) ;
#1028 = VERTEX_POINT ( 'NONE', #2575 ) ;
#1029 = VECTOR ( 'NONE', #2287, 1000.000000000000000 ) ;
#1030 = ORIENTED_EDGE ( 'NONE', *, *, #5012, .T. ) ;
#1031 =( NAMED_UNIT ( * ) SI_UNIT ( $, .STERADIAN. ) SOLID_ANGLE_UNIT ( ) );
#1032 = VECTOR ( 'NONE', #4653, 1000.000000000000000 ) ;
#1033 = CARTESIAN_POINT ( 'NONE',  ( 0.7999999999999957145, 0.000000000000000000, -1.150000000000002798 ) ) ;
#1034 = EDGE_CURVE ( 'NONE', #3222, #804, #3311, .T. ) ;
#1035 = EDGE_CURVE ( 'NONE', #3104, #1555, #1783, .T. ) ;
#1036 = SURFACE_STYLE_USAGE ( .BOTH. , #4443 ) ;
#1037 = DIRECTION ( 'NONE',  ( 0.000000000000000000, -1.000000000000000000, 0.000000000000000000 ) ) ;
#1038 = EDGE_CURVE ( 'NONE', #2844, #109, #1643, .T. ) ;
#1039 = CARTESIAN_POINT ( 'NONE',  ( -1.000000000000003331, 0.7499999999999988898, -0.7999999999999966027 ) ) ;
#1040 = VECTOR ( 'NONE', #4314, 1000.000000000000000 ) ;
#1041 = VECTOR ( 'NONE', #4860, 1000.000000000000000 ) ;
#1042 = EDGE_LOOP ( 'NONE', ( #3374, #730, #4677, #973 ) ) ;
#1043 = EDGE_CURVE ( 'NONE', #478, #695, #1732, .T. ) ;
#1044 = DIRECTION ( 'NONE',  ( 1.000000000000000000, 0.000000000000000000, -3.491481338843133355E-15 ) ) ;
#1045 = ORIENTED_EDGE ( 'NONE', *, *, #602, .F. ) ;
#1046 = CARTESIAN_POINT ( 'NONE',  ( 0.4999999999999907851, 0.1000000000000000056, -0.9750000000000018652 ) ) ;
#1047 = DIRECTION ( 'NONE',  ( -3.801253388124706614E-15, 0.000000000000000000, -1.000000000000000000 ) ) ;
#1048 = CARTESIAN_POINT ( 'NONE',  ( -0.8499999999999973133, 0.7499999999999997780, 0.8000000000000033751 ) ) ;
#1049 = ORIENTED_EDGE ( 'NONE', *, *, #2409, .F. ) ;
#1050 = DIRECTION ( 'NONE',  ( 1.000000000000000000, 0.000000000000000000, -3.491481338843133355E-15 ) ) ;
#1051 = DIRECTION ( 'NONE',  ( 3.355956067282445301E-15, -0.000000000000000000, 1.000000000000000000 ) ) ;
#1052 = CARTESIAN_POINT ( 'NONE',  ( -0.8000000000000041522, 0.2299999999999999822, -1.120710678118651327 ) ) ;
#1053 = CARTESIAN_POINT ( 'NONE',  ( 0.7999999999999958256, 0.7499999999999988898, -1.000000000000002887 ) ) ;
#1054 = LINE ( 'NONE', #1435, #3282 ) ;
#1055 = ORIENTED_EDGE ( 'NONE', *, *, #1816, .F. ) ;
#1056 = ORIENTED_EDGE ( 'NONE', *, *, #298, .T. ) ;
#1057 = CARTESIAN_POINT ( 'NONE',  ( 0.7999999999999953815, 5.111269837220810075, -1.000000000000002887 ) ) ;
#1058 = CARTESIAN_POINT ( 'NONE',  ( -0.9999999999999940048, 0.1914739966757364742, 0.9171572875253831691 ) ) ;
#1059 = LINE ( 'NONE', #203, #3752 ) ;
#1060 = DIRECTION ( 'NONE',  ( -1.000000000000000000, 0.000000000000000000, 3.491481338843133355E-15 ) ) ;
#1061 = VECTOR ( 'NONE', #2714, 1000.000000000000000 ) ;
#1062 = ORIENTED_EDGE ( 'NONE', *, *, #3200, .F. ) ;
#1063 = CARTESIAN_POINT ( 'NONE',  ( 0.9964466094067282453, 0.9999999999999997780, 0.7999999999999970468 ) ) ;
#1064 = ORIENTED_EDGE ( 'NONE', *, *, #2784, .T. ) ;
#1065 = CARTESIAN_POINT ( 'NONE',  ( -1.050000000000002931, 0.1681966011250106696, -0.7999999999999963807 ) ) ;
#1066 = LINE ( 'NONE', #2226, #2538 ) ;
#1067 = LINE ( 'NONE', #4597, #3073 ) ;
#1068 = VECTOR ( 'NONE', #3803, 1000.000000000000000 ) ;
#1069 = VERTEX_POINT ( 'NONE', #1854 ) ;
#1070 = VECTOR ( 'NONE', #483, 1000.000000000000000 ) ;
#1071 = ADVANCED_FACE ( 'NONE', ( #2164 ), #2800, .F. ) ;
#1072 = CARTESIAN_POINT ( 'NONE',  ( -5.237222008264695103E-16, 0.000000000000000000, -0.1499999999999998557 ) ) ;
#1073 = DIRECTION ( 'NONE',  ( 1.000000000000000000, 0.000000000000000000, -3.252606517456513696E-15 ) ) ;
#1074 = AXIS2_PLACEMENT_3D ( 'NONE', #2703, #4240, #761 ) ;
#1075 = EDGE_CURVE ( 'NONE', #2676, #4187, #3449, .T. ) ;
#1076 = CARTESIAN_POINT ( 'NONE',  ( 0.8000000000000025979, 0.000000000000000000, 0.7999999999999972689 ) ) ;
#1077 = DIRECTION ( 'NONE',  ( -1.000000000000000000, 0.000000000000000000, 3.491481338843133355E-15 ) ) ;
#1078 = CARTESIAN_POINT ( 'NONE',  ( -1.150000000000003242, 0.2299999999999998990, -0.7999999999999960476 ) ) ;
#1079 = EDGE_LOOP ( 'NONE', ( #4629, #1021, #4160, #2170 ) ) ;
#1080 = EDGE_LOOP ( 'NONE', ( #573, #2979, #2627, #1269 ) ) ;
#1081 = DIRECTION ( 'NONE',  ( 0.000000000000000000, -1.000000000000000000, 0.000000000000000000 ) ) ;
#1082 = CARTESIAN_POINT ( 'NONE',  ( -1.062891624136441449, 0.1291723363603945463, 0.8000000000000039302 ) ) ;
#1083 = DIRECTION ( 'NONE',  ( 3.181709289561560885E-15, -0.000000000000000000, 1.000000000000000000 ) ) ;
#1084 = CARTESIAN_POINT ( 'NONE',  ( 0.9964466094067234714, 0.9999999999999997780, -0.9150757595082553708 ) ) ;
#1085 = EDGE_LOOP ( 'NONE', ( #601, #1580, #3645, #2 ) ) ;
#1086 = EDGE_LOOP ( 'NONE', ( #1692, #2799, #4738, #3342 ) ) ;
#1087 = SURFACE_SIDE_STYLE ('',( #2701 ) ) ;
#1088 = PLANE ( 'NONE',  #3187 ) ;
#1089 = PLANE ( 'NONE',  #4713 ) ;
#1090 = CARTESIAN_POINT ( 'NONE',  ( 1.150000000000001465, 0.1000000000000000056, 0.4999999999999962252 ) ) ;
#1091 = ORIENTED_EDGE ( 'NONE', *, *, #3740, .F. ) ;
#1092 = CARTESIAN_POINT ( 'NONE',  ( -0.8000000000000024869, 0.000000000000000000, -0.7999999999999967137 ) ) ;
#1093 = CARTESIAN_POINT ( 'NONE',  ( 0.7999999999999997113, 0.000000000000000000, -2.793185071074505895E-15 ) ) ;
#1094 = EDGE_CURVE ( 'NONE', #3600, #3905, #1538, .T. ) ;
#1095 = DIRECTION ( 'NONE',  ( -1.000000000000000000, 0.000000000000000000, 3.614007241618349165E-15 ) ) ;
#1096 = CARTESIAN_POINT ( 'NONE',  ( -1.149999999999996358, 0.2300000000000000100, 1.030000000000003801 ) ) ;
#1097 = DIRECTION ( 'NONE',  ( -1.000000000000000000, 0.000000000000000000, 4.111025437406278295E-15 ) ) ;
#1098 = ORIENTED_EDGE ( 'NONE', *, *, #2944, .F. ) ;
#1099 = ORIENTED_EDGE ( 'NONE', *, *, #4889, .T. ) ;
#1100 = CARTESIAN_POINT ( 'NONE',  ( 0.7999999999999980460, 0.000000000000000000, -0.5000000000000027756 ) ) ;
#1101 = VECTOR ( 'NONE', #1081, 1000.000000000000000 ) ;
#1102 = EDGE_CURVE ( 'NONE', #2245, #2383, #2362, .T. ) ;
#1103 = DIRECTION ( 'NONE',  ( 4.111025437406278295E-15, 0.000000000000000000, 1.000000000000000000 ) ) ;
#1104 = CARTESIAN_POINT ( 'NONE',  ( -0.7999999999999966027, 0.2800000000000011924, 1.100000000000003197 ) ) ;
#1105 = CARTESIAN_POINT ( 'NONE',  ( -0.8000000000000015987, 0.000000000000000000, -0.4999999999999966693 ) ) ;
#1106 = VECTOR ( 'NONE', #4758, 1000.000000000000000 ) ;
#1107 = ORIENTED_EDGE ( 'NONE', *, *, #1821, .T. ) ;
#1108 = VECTOR ( 'NONE', #2456, 1000.000000000000000 ) ;
#1109 = EDGE_LOOP ( 'NONE', ( #2422, #4257, #253, #526 ) ) ;
#1110 = DIRECTION ( 'NONE',  ( 0.000000000000000000, 1.000000000000000000, 0.000000000000000000 ) ) ;
#1111 = CARTESIAN_POINT ( 'NONE',  ( -1.150000000000000133, 0.1000000000000000056, -0.1499999999999956368 ) ) ;
#1112 = CARTESIAN_POINT ( 'NONE',  ( 1.150000000000002576, 0.1000000000000000056, 0.7999999999999961586 ) ) ;
#1113 = CARTESIAN_POINT ( 'NONE',  ( -0.7999999999999967137, 5.111269837220810075, 1.100000000000003197 ) ) ;
#1114 = ORIENTED_EDGE ( 'NONE', *, *, #1035, .F. ) ;
#1115 = CIRCLE ( 'NONE', #316, 0.2499999999999998890 ) ;
#1116 = FACE_OUTER_BOUND ( 'NONE', #4095, .T. ) ;
#1117 = LINE ( 'NONE', #4999, #2499 ) ;
#1118 = AXIS2_PLACEMENT_3D ( 'NONE', #4445, #585, #1299 ) ;
#1119 = EDGE_CURVE ( 'NONE', #3649, #4976, #1479, .T. ) ;
#1120 = ADVANCED_FACE ( 'NONE', ( #753 ), #1132, .F. ) ;
#1121 = EDGE_CURVE ( 'NONE', #3194, #1824, #701, .T. ) ;
#1122 = CARTESIAN_POINT ( 'NONE',  ( 1.149999999999999245, 0.1000000000000000056, -0.1500000000000037415 ) ) ;
#1123 = CARTESIAN_POINT ( 'NONE',  ( -2.793185071074505895E-15, 0.000000000000000000, -0.7999999999999997113 ) ) ;
#1124 = PLANE ( 'NONE',  #1221 ) ;
#1125 = VERTEX_POINT ( 'NONE', #369 ) ;
#1126 = ORIENTED_EDGE ( 'NONE', *, *, #1712, .F. ) ;
#1127 = EDGE_CURVE ( 'NONE', #1618, #1849, #2746, .T. ) ;
#1128 = ADVANCED_FACE ( 'NONE', ( #3071 ), #2670, .F. ) ;
#1129 = EDGE_CURVE ( 'NONE', #3632, #3375, #2338, .T. ) ;
#1130 = DIRECTION ( 'NONE',  ( 1.000000000000000000, 0.000000000000000000, -3.181709289561560491E-15 ) ) ;
#1131 = CARTESIAN_POINT ( 'NONE',  ( -0.9999999999999970024, 0.2800000000000050782, 0.9171572875253847235 ) ) ;
#1132 = PLANE ( 'NONE',  #1737 ) ;
#1133 = DIRECTION ( 'NONE',  ( -1.000000000000000000, 0.000000000000000000, 3.702006032529638986E-15 ) ) ;
#1134 = EDGE_CURVE ( 'NONE', #779, #295, #4944, .T. ) ;
#1135 = ORIENTED_EDGE ( 'NONE', *, *, #1611, .F. ) ;
#1136 = VERTEX_POINT ( 'NONE', #1104 ) ;
#1137 =( NAMED_UNIT ( * ) PLANE_ANGLE_UNIT ( ) SI_UNIT ( $, .RADIAN. ) );
#1138 = CARTESIAN_POINT ( 'NONE',  ( 0.8000000000000003775, 0.000000000000000000, 0.1499999999999972744 ) ) ;
#1139 = LINE ( 'NONE', #710, #1477 ) ;
#1140 = CARTESIAN_POINT ( 'NONE',  ( -1.099999999999996758, 0.2800000000000016365, 0.9757359312880764524 ) ) ;
#1141 = ORIENTED_EDGE ( 'NONE', *, *, #2628, .T. ) ;
#1142 = DIRECTION ( 'NONE',  ( 1.000000000000000000, 0.000000000000000000, -3.491481338843133355E-15 ) ) ;
#1143 = SURFACE_STYLE_USAGE ( .BOTH. , #716 ) ;
#1144 = AXIS2_PLACEMENT_3D ( 'NONE', #4058, #572, #4171 ) ;
#1145 = CLOSED_SHELL ( 'NONE', ( #4297, #3456, #1234, #2946, #3003, #3095 ) ) ;
#1146 = VECTOR ( 'NONE', #2630, 1000.000000000000000 ) ;
#1147 = VECTOR ( 'NONE', #2404, 1000.000000000000000 ) ;
#1148 = CARTESIAN_POINT ( 'NONE',  ( 0.8848277847576844213, 0.2300000000000000377, -1.142617378506985526 ) ) ;
#1149 = DIRECTION ( 'NONE',  ( -1.000000000000000000, -0.000000000000000000, 3.181709289561560491E-15 ) ) ;
#1150 = CARTESIAN_POINT ( 'NONE',  ( 1.150000000000003908, 0.000000000000000000, 1.149999999999996136 ) ) ;
#1151 = ORIENTED_EDGE ( 'NONE', *, *, #968, .T. ) ;
#1152 = EDGE_LOOP ( 'NONE', ( #246, #4106, #3002, #482 ) ) ;
#1153 = VECTOR ( 'NONE', #1649, 1000.000000000000000 ) ;
#1154 = CARTESIAN_POINT ( 'NONE',  ( 0.8000000000000040412, 0.1300066619336573970, 1.151413695764968992 ) ) ;
#1155 = ORIENTED_EDGE ( 'NONE', *, *, #3574, .F. ) ;
#1156 = FACE_OUTER_BOUND ( 'NONE', #4010, .T. ) ;
#1157 = DIRECTION ( 'NONE',  ( 0.000000000000000000, 1.000000000000000000, 0.000000000000000000 ) ) ;
#1158 = CARTESIAN_POINT ( 'NONE',  ( 0.8000000000000040412, 0.2800000000000015810, 1.099999999999997424 ) ) ;
#1159 = CARTESIAN_POINT ( 'NONE',  ( 1.249999999999998446, 0.1300000000000000044, 1.250000000000000444 ) ) ;
#1160 = ORIENTED_EDGE ( 'NONE', *, *, #1941, .T. ) ;
#1161 = CARTESIAN_POINT ( 'NONE',  ( 0.000000000000000000, 0.000000000000000000, 0.000000000000000000 ) ) ;
#1162 = CARTESIAN_POINT ( 'NONE',  ( -1.044948974278321785, 0.1300000000000000044, -1.049999999999996492 ) ) ;
#1163 = CARTESIAN_POINT ( 'NONE',  ( -1.149999999999996136, 0.2299999999999998712, 1.005025253169421706 ) ) ;
#1164 =( BOUNDED_CURVE ( )  B_SPLINE_CURVE ( 3, ( #529, #4817, #2079, #1698 ),
 .UNSPECIFIED., .F., .F. ) 
 B_SPLINE_CURVE_WITH_KNOTS ( ( 4, 4 ),
 ( 0.000000000000000000, 1.000000000000000000 ),
 .UNSPECIFIED. ) 
 CURVE ( )  GEOMETRIC_REPRESENTATION_ITEM ( )  RATIONAL_B_SPLINE_CURVE ( ( 1.000000000000000000, 0.8047378541243658256, 0.8047378541243658256, 1.000000000000000000 ) ) 
 REPRESENTATION_ITEM ( '' )  );
#1165 = EDGE_LOOP ( 'NONE', ( #4415, #2953, #2665, #3700 ) ) ;
#1166 = DIRECTION ( 'NONE',  ( -3.355956067282445301E-15, 0.000000000000000000, -1.000000000000000000 ) ) ;
#1167 = ORIENTED_EDGE ( 'NONE', *, *, #83, .T. ) ;
#1168 = FACE_OUTER_BOUND ( 'NONE', #3620, .T. ) ;
#1169 = ADVANCED_FACE ( 'NONE', ( #1880 ), #2720, .F. ) ;
#1170 = CARTESIAN_POINT ( 'NONE',  ( -0.8499999999999974243, 0.7500000000000000000, 0.8000000000000032641 ) ) ;
#1171 = VECTOR ( 'NONE', #2553, 1000.000000000000000 ) ;
#1172 = DIRECTION ( 'NONE',  ( -3.627006610403821410E-15, 0.000000000000000000, -1.000000000000000000 ) ) ;
#1173 = CARTESIAN_POINT ( 'NONE',  ( -1.149999999999995692, 0.1000000000000000056, 1.150000000000003242 ) ) ;
#1174 = VERTEX_POINT ( 'NONE', #1463 ) ;
#1175 = ORIENTED_EDGE ( 'NONE', *, *, #4052, .T. ) ;
#1176 = VECTOR ( 'NONE', #3553, 1000.000000000000000 ) ;
#1177 = DIRECTION ( 'NONE',  ( 1.000000000000000000, 0.000000000000000000, -3.181709289561560491E-15 ) ) ;
#1178 = EDGE_LOOP ( 'NONE', ( #3066, #1030, #1718, #2700 ) ) ;
#1179 = CARTESIAN_POINT ( 'NONE',  ( -1.000000000000003109, 0.7499999999999997780, -0.7999999999999966027 ) ) ;
#1180 = LINE ( 'NONE', #802, #2411 ) ;
#1181 = EDGE_CURVE ( 'NONE', #3362, #56, #775, .T. ) ;
#1182 = AXIS2_PLACEMENT_3D ( 'NONE', #3774, #4612, #1926 ) ;
#1183 = EDGE_CURVE ( 'NONE', #4983, #1618, #3022, .T. ) ;
#1184 = DIRECTION ( 'NONE',  ( 3.801253388124705825E-15, 0.000000000000000000, 1.000000000000000000 ) ) ;
#1185 = ORIENTED_EDGE ( 'NONE', *, *, #2939, .T. ) ;
#1186 = EDGE_CURVE ( 'NONE', #2406, #4983, #4589, .T. ) ;
#1187 = FILL_AREA_STYLE ('',( #102 ) ) ;
#1188 = DIRECTION ( 'NONE',  ( 3.181709289561560491E-15, 0.000000000000000000, 1.000000000000000000 ) ) ;
#1189 = CARTESIAN_POINT ( 'NONE',  ( -0.7999999999999964917, 0.8378679656440355394, 1.000000000000003109 ) ) ;
#1190 = CARTESIAN_POINT ( 'NONE',  ( -0.7999999999999992673, 0.000000000000000000, 0.1500000000000027700 ) ) ;
#1191 = AXIS2_PLACEMENT_3D ( 'NONE', #3899, #1184, #2316 ) ;
#1192 = ORIENTED_EDGE ( 'NONE', *, *, #3729, .T. ) ;
#1193 = ADVANCED_FACE ( 'NONE', ( #2645 ), #399, .F. ) ;
#1194 = CIRCLE ( 'NONE', #3320, 0.1499999999999999667 ) ;
#1195 = DIRECTION ( 'NONE',  ( 1.000000000000000000, 0.000000000000000000, -3.801253388124705825E-15 ) ) ;
#1196 = VERTEX_POINT ( 'NONE', #1953 ) ;
#1197 = CARTESIAN_POINT ( 'NONE',  ( 0.8000000000000038192, 0.1681966011250107251, 1.049999999999996936 ) ) ;
#1198 = AXIS2_PLACEMENT_3D ( 'NONE', #1527, #1914, #3462 ) ;
#1199 = CARTESIAN_POINT ( 'NONE',  ( 0.3999999999999906408, 0.1000000000000000056, -0.9750000000000015321 ) ) ;
#1200 = LINE ( 'NONE', #3859, #1032 ) ;
#1201 = CIRCLE ( 'NONE', #2431, 0.1199999999999998845 ) ;
#1202 = FACE_OUTER_BOUND ( 'NONE', #4558, .T. ) ;
#1203 = FACE_OUTER_BOUND ( 'NONE', #1283, .T. ) ;
#1204 = ORIENTED_EDGE ( 'NONE', *, *, #4408, .F. ) ;
#1205 = VERTEX_POINT ( 'NONE', #4233 ) ;
#1206 = CARTESIAN_POINT ( 'NONE',  ( 0.9171572875253847235, 0.2800000000000050782, 0.9999999999999970024 ) ) ;
#1207 = CARTESIAN_POINT ( 'NONE',  ( -0.8000000000000032641, 0.9999999999999998890, -0.9964466094067235824 ) ) ;
#1208 = DIRECTION ( 'NONE',  ( 1.000000000000000000, 0.000000000000000000, -2.871937240279988021E-15 ) ) ;
#1209 = DIRECTION ( 'NONE',  ( 1.000000000000000000, 0.000000000000000000, -3.491481338843133355E-15 ) ) ;
#1210 = CARTESIAN_POINT ( 'NONE',  ( -0.7999999999999966027, 0.7500000000000002220, 1.100000000000003197 ) ) ;
#1211 = ORIENTED_EDGE ( 'NONE', *, *, #4427, .F. ) ;
#1212 = CARTESIAN_POINT ( 'NONE',  ( 0.7999999999999958256, 0.1000000000000000056, -1.150000000000002798 ) ) ;
#1213 = LINE ( 'NONE', #2773, #3907 ) ;
#1214 = CARTESIAN_POINT ( 'NONE',  ( 0.8000000000000014877, 0.000000000000000000, 0.4999999999999971689 ) ) ;
#1215 = CARTESIAN_POINT ( 'NONE',  ( -0.7999999999999998224, 0.000000000000000000, 2.793185071074506290E-15 ) ) ;
#1216 = VERTEX_POINT ( 'NONE', #3844 ) ;
#1217 = CARTESIAN_POINT ( 'NONE',  ( -0.7999999999999992673, 0.1000000000000000056, 0.1500000000000027423 ) ) ;
#1218 = ORIENTED_EDGE ( 'NONE', *, *, #1443, .F. ) ;
#1219 = CARTESIAN_POINT ( 'NONE',  ( -1.250000000000003775, 0.1300000000000000044, 1.250000000000008882 ) ) ;
#1220 = CARTESIAN_POINT ( 'NONE',  ( -0.8499999999999973133, 0.9999999999999998890, 0.8292893218813486289 ) ) ;
#1221 = AXIS2_PLACEMENT_3D ( 'NONE', #1482, #4583, #1097 ) ;
#1222 = CARTESIAN_POINT ( 'NONE',  ( 0.8000000000000037081, 0.1000000000000000056, 1.149999999999997247 ) ) ;
#1223 = DIRECTION ( 'NONE',  ( 3.491481338843133355E-15, -0.000000000000000000, 1.000000000000000000 ) ) ;
#1224 = LINE ( 'NONE', #16, #336 ) ;
#1225 = ORIENTED_EDGE ( 'NONE', *, *, #3152, .T. ) ;
#1226 = ORIENTED_EDGE ( 'NONE', *, *, #4117, .F. ) ;
#1227 = ADVANCED_FACE ( 'NONE', ( #1927 ), #3498, .F. ) ;
#1228 = CIRCLE ( 'NONE', #3274, 0.1000000000000001027 ) ;
#1229 = DIRECTION ( 'NONE',  ( -3.801253388124705825E-15, 0.000000000000000000, -1.000000000000000000 ) ) ;
#1230 = EDGE_LOOP ( 'NONE', ( #4592, #3174, #3778, #2452 ) ) ;
#1231 = EDGE_CURVE ( 'NONE', #3193, #2719, #3528, .T. ) ;
#1232 = VECTOR ( 'NONE', #153, 1000.000000000000000 ) ;
#1233 = DIRECTION ( 'NONE',  ( -1.000000000000000000, 0.000000000000000000, 3.627006610403821410E-15 ) ) ;
#1234 = ADVANCED_FACE ( 'NONE', ( #3148 ), #745, .F. ) ;
#1235 = EDGE_CURVE ( 'NONE', #3081, #771, #1312, .T. ) ;
#1236 = PLANE ( 'NONE',  #4114 ) ;
#1237 = EDGE_LOOP ( 'NONE', ( #3197, #3305, #3589, #2223 ) ) ;
#1238 = CARTESIAN_POINT ( 'NONE',  ( -0.7999999999999957145, 0.1000000000000000056, 1.150000000000001910 ) ) ;
#1239 = LINE ( 'NONE', #1266, #3514 ) ;
#1240 = CARTESIAN_POINT ( 'NONE',  ( 1.150000000000000133, 0.1000000000000000056, 0.1499999999999961919 ) ) ;
#1241 = EDGE_CURVE ( 'NONE', #991, #3232, #3015, .T. ) ;
#1242 = ORIENTED_EDGE ( 'NONE', *, *, #4138, .T. ) ;
#1243 = DIRECTION ( 'NONE',  ( 0.000000000000000000, 1.000000000000000000, 0.000000000000000000 ) ) ;
#1244 = ORIENTED_EDGE ( 'NONE', *, *, #3300, .F. ) ;
#1245 = LINE ( 'NONE', #57, #3820 ) ;
#1246 = CARTESIAN_POINT ( 'NONE',  ( -0.9757359312880679036, 0.8964466094067260471, 1.100000000000003864 ) ) ;
#1247 = EDGE_CURVE ( 'NONE', #1742, #1860, #1771, .T. ) ;
#1248 = FACE_OUTER_BOUND ( 'NONE', #326, .T. ) ;
#1249 = LINE ( 'NONE', #547, #3998 ) ;
#1250 = EDGE_CURVE ( 'NONE', #3340, #4544, #319, .T. ) ;
#1251 = CARTESIAN_POINT ( 'NONE',  ( 1.029999999999994920, 0.2300000000000000100, -1.150000000000003908 ) ) ;
#1252 = VERTEX_POINT ( 'NONE', #4557 ) ;
#1253 = EDGE_LOOP ( 'NONE', ( #1365, #1546, #3755, #3697, #4791, #3571 ) ) ;
#1254 = ADVANCED_FACE ( 'NONE', ( #2640 ), #3397, .F. ) ;
#1255 = CARTESIAN_POINT ( 'NONE',  ( -1.149999999999997469, 0.2799999999999998601, 0.8000000000000042633 ) ) ;
#1256 = ORIENTED_EDGE ( 'NONE', *, *, #2851, .F. ) ;
#1257 = ORIENTED_EDGE ( 'NONE', *, *, #359, .T. ) ;
#1258 = FACE_OUTER_BOUND ( 'NONE', #2011, .T. ) ;
#1259 = AXIS2_PLACEMENT_3D ( 'NONE', #2269, #3799, #1882 ) ;
#1260 = EDGE_CURVE ( 'NONE', #1797, #501, #2261, .T. ) ;
#1261 = FACE_OUTER_BOUND ( 'NONE', #1567, .T. ) ;
#1262 = ORIENTED_EDGE ( 'NONE', *, *, #1359, .F. ) ;
#1263 = AXIS2_PLACEMENT_3D ( 'NONE', #776, #3870, #71 ) ;
#1264 =( NAMED_UNIT ( * ) PLANE_ANGLE_UNIT ( ) SI_UNIT ( $, .RADIAN. ) );
#1265 = LINE ( 'NONE', #4720, #1974 ) ;
#1266 = CARTESIAN_POINT ( 'NONE',  ( -1.149999999999999689, 0.000000000000000000, 4.015203539669602570E-15 ) ) ;
#1267 = CARTESIAN_POINT ( 'NONE',  ( -0.8000000000000038192, 0.000000000000000000, -1.149999999999996358 ) ) ;
#1268 =( GEOMETRIC_REPRESENTATION_CONTEXT ( 3 ) GLOBAL_UNCERTAINTY_ASSIGNED_CONTEXT ( ( #574 ) ) GLOBAL_UNIT_ASSIGNED_CONTEXT ( ( #250, #2884, #2930 ) ) REPRESENTATION_CONTEXT ( 'NONE', 'WORKASPACE' ) );
#1269 = ORIENTED_EDGE ( 'NONE', *, *, #3198, .F. ) ;
#1270 = CARTESIAN_POINT ( 'NONE',  ( 1.150000000000003908, 0.2299999999999998712, 1.005025253169413046 ) ) ;
#1271 = AXIS2_PLACEMENT_3D ( 'NONE', #2231, #75, #3176 ) ;
#1272 = ORIENTED_EDGE ( 'NONE', *, *, #896, .T. ) ;
#1273 = DIRECTION ( 'NONE',  ( -0.000000000000000000, -1.000000000000000000, 0.000000000000000000 ) ) ;
#1274 = LINE ( 'NONE', #3996, #3481 ) ;
#1275 = ORIENTED_EDGE ( 'NONE', *, *, #230, .T. ) ;
#1276 = VECTOR ( 'NONE', #986, 1000.000000000000000 ) ;
#1277 = LINE ( 'NONE', #4124, #1932 ) ;
#1278 = CARTESIAN_POINT ( 'NONE',  ( 0.7999999999999979350, 0.000000000000000000, -0.5000000000000027756 ) ) ;
#1279 = PLANE ( 'NONE',  #4886 ) ;
#1280 = DIRECTION ( 'NONE',  ( -3.491481338843133355E-15, -0.000000000000000000, -1.000000000000000000 ) ) ;
#1281 = ORIENTED_EDGE ( 'NONE', *, *, #243, .F. ) ;
#1282 = VECTOR ( 'NONE', #4703, 1000.000000000000000 ) ;
#1283 = EDGE_LOOP ( 'NONE', ( #4947, #3434, #3119, #1342 ) ) ;
#1284 = EDGE_CURVE ( 'NONE', #809, #478, #2386, .T. ) ;
#1285 = UNCERTAINTY_MEASURE_WITH_UNIT (LENGTH_MEASURE( 1.000000000000000082E-05 ), #2294, 'distance_accuracy_value', 'NONE');
#1286 = EDGE_CURVE ( 'NONE', #3852, #879, #675, .T. ) ;
#1287 = VECTOR ( 'NONE', #2654, 1000.000000000000000 ) ;
#1288 = DIRECTION ( 'NONE',  ( 1.000000000000000000, 0.000000000000000000, -3.181709289561560491E-15 ) ) ;
#1289 = DIRECTION ( 'NONE',  ( -0.000000000000000000, -1.000000000000000000, -0.000000000000000000 ) ) ;
#1290 = ORIENTED_EDGE ( 'NONE', *, *, #12, .T. ) ;
#1291 = CARTESIAN_POINT ( 'NONE',  ( 0.000000000000000000, 0.000000000000000000, 0.000000000000000000 ) ) ;
#1292 = EDGE_CURVE ( 'NONE', #3835, #3406, #3419, .T. ) ;
#1293 = ADVANCED_FACE ( 'NONE', ( #1506 ), #1124, .F. ) ;
#1294 = CARTESIAN_POINT ( 'NONE',  ( 0.7999999999999997113, 0.000000000000000000, -2.793185071074505895E-15 ) ) ;
#1295 = ORIENTED_EDGE ( 'NONE', *, *, #4146, .T. ) ;
#1296 = SURFACE_SIDE_STYLE ('',( #3127 ) ) ;
#1297 = CARTESIAN_POINT ( 'NONE',  ( 1.050000000000002931, 0.1681966011250104753, 0.7999999999999967137 ) ) ;
#1298 = CARTESIAN_POINT ( 'NONE',  ( 0.8000000000000040412, 5.111269837220810075, 1.099999999999997424 ) ) ;
#1299 = DIRECTION ( 'NONE',  ( 3.801253388124706614E-15, 0.000000000000000000, 1.000000000000000000 ) ) ;
#1300 = ORIENTED_EDGE ( 'NONE', *, *, #1075, .F. ) ;
#1301 = DIRECTION ( 'NONE',  ( 0.000000000000000000, -1.000000000000000000, 0.000000000000000000 ) ) ;
#1302 = EDGE_LOOP ( 'NONE', ( #2566, #4168, #1888, #912 ) ) ;
#1303 = DIRECTION ( 'NONE',  ( -1.000000000000000000, 0.000000000000000000, 3.491481338843133355E-15 ) ) ;
#1304 = DIRECTION ( 'NONE',  ( -1.000000000000000000, 0.000000000000000000, 3.491481338843133355E-15 ) ) ;
#1305 = ORIENTED_EDGE ( 'NONE', *, *, #3613, .T. ) ;
#1306 = CARTESIAN_POINT ( 'NONE',  ( 0.9757359312880754532, 0.7500000000000015543, 1.099999999999996758 ) ) ;
#1307 = CARTESIAN_POINT ( 'NONE',  ( 1.149999999999999689, 0.000000000000000000, -4.015203539669602570E-15 ) ) ;
#1308 = FACE_OUTER_BOUND ( 'NONE', #1452, .T. ) ;
#1309 = DIRECTION ( 'NONE',  ( -1.000000000000000000, 0.000000000000000000, 3.491481338843133355E-15 ) ) ;
#1310 = ORIENTED_EDGE ( 'NONE', *, *, #1773, .T. ) ;
#1311 = VERTEX_POINT ( 'NONE', #4246 ) ;
#1312 = CIRCLE ( 'NONE', #3910, 0.1999999999999997613 ) ;
#1313 = VECTOR ( 'NONE', #3726, 1000.000000000000000 ) ;
#1314 = DIRECTION ( 'NONE',  ( 0.000000000000000000, 1.000000000000000000, 0.000000000000000000 ) ) ;
#1315 = CYLINDRICAL_SURFACE ( 'NONE', #2778, 0.1999999999999999833 ) ;
#1316 = ORIENTED_EDGE ( 'NONE', *, *, #1876, .F. ) ;
#1317 = VERTEX_POINT ( 'NONE', #4226 ) ;
#1318 = DIRECTION ( 'NONE',  ( -3.355956067282445301E-15, -0.000000000000000000, -1.000000000000000000 ) ) ;
#1319 = VECTOR ( 'NONE', #2836, 1000.000000000000000 ) ;
#1320 = CARTESIAN_POINT ( 'NONE',  ( 1.030000000000003801, 0.1300000000000000044, 1.029999999999996252 ) ) ;
#1321 = ORIENTED_EDGE ( 'NONE', *, *, #453, .F. ) ;
#1322 = CIRCLE ( 'NONE', #4399, 0.1199999999999999956 ) ;
#1323 = EDGE_CURVE ( 'NONE', #76, #4559, #1054, .T. ) ;
#1324 = LINE ( 'NONE', #4416, #1025 ) ;
#1325 = DIRECTION ( 'NONE',  ( -3.491481338843133355E-15, 0.000000000000000000, -1.000000000000000000 ) ) ;
#1326 = CARTESIAN_POINT ( 'NONE',  ( 0.9378679656440330747, 0.8999999999999999112, -0.8000000000000031530 ) ) ;
#1327 = VECTOR ( 'NONE', #2064, 1000.000000000000000 ) ;
#1328 = DIRECTION ( 'NONE',  ( -1.000000000000000000, 0.000000000000000000, 3.491481338843133355E-15 ) ) ;
#1329 = ORIENTED_EDGE ( 'NONE', *, *, #2940, .T. ) ;
#1330 = DIRECTION ( 'NONE',  ( -3.355956067282445301E-15, -0.000000000000000000, -1.000000000000000000 ) ) ;
#1331 = PLANE ( 'NONE',  #4203 ) ;
#1332 = ORIENTED_EDGE ( 'NONE', *, *, #550, .T. ) ;
#1333 = DIRECTION ( 'NONE',  ( 1.409813167670964645E-15, 0.000000000000000000, 1.000000000000000000 ) ) ;
#1334 = LINE ( 'NONE', #2894, #3150 ) ;
#1335 = DIRECTION ( 'NONE',  ( -0.000000000000000000, -1.000000000000000000, -0.000000000000000000 ) ) ;
#1336 = LINE ( 'NONE', #1863, #190 ) ;
#1337 = VERTEX_POINT ( 'NONE', #2305 ) ;
#1338 = EDGE_CURVE ( 'NONE', #3552, #4648, #2212, .T. ) ;
#1339 = CARTESIAN_POINT ( 'NONE',  ( -1.150000000000000133, 0.000000000000000000, -0.1499999999999956368 ) ) ;
#1340 = FACE_OUTER_BOUND ( 'NONE', #2005, .T. ) ;
#1341 = ORIENTED_EDGE ( 'NONE', *, *, #2040, .F. ) ;
#1342 = ORIENTED_EDGE ( 'NONE', *, *, #4939, .T. ) ;
#1343 = CARTESIAN_POINT ( 'NONE',  ( -1.050000000000003819, 0.1299999999999999489, -1.044948974278314457 ) ) ;
#1344 = DIRECTION ( 'NONE',  ( -1.000000000000000000, 0.000000000000000000, 3.491481338843133355E-15 ) ) ;
#1345 = VERTEX_POINT ( 'NONE', #5006 ) ;
#1346 = DIRECTION ( 'NONE',  ( 0.000000000000000000, -1.000000000000000000, 0.000000000000000000 ) ) ;
#1347 = DIRECTION ( 'NONE',  ( -0.000000000000000000, -1.000000000000000000, -0.000000000000000000 ) ) ;
#1348 = LINE ( 'NONE', #3694, #1171 ) ;
#1349 = EDGE_CURVE ( 'NONE', #4667, #4520, #1532, .T. ) ;
#1350 = EDGE_CURVE ( 'NONE', #2803, #2853, #393, .T. ) ;
#1351 = VECTOR ( 'NONE', #2059, 1000.000000000000000 ) ;
#1352 = EDGE_CURVE ( 'NONE', #3583, #657, #1224, .T. ) ;
#1353 = PRESENTATION_STYLE_ASSIGNMENT (( #2963 ) ) ;
#1354 = ORIENTED_EDGE ( 'NONE', *, *, #1503, .T. ) ;
#1355 = CARTESIAN_POINT ( 'NONE',  ( -1.149999999999995692, 0.1000000000000000056, 1.150000000000003464 ) ) ;
#1356 = CARTESIAN_POINT ( 'NONE',  ( -0.7999999999999998224, 0.000000000000000000, 2.793185071074506290E-15 ) ) ;
#1357 = VECTOR ( 'NONE', #225, 1000.000000000000000 ) ;
#1358 = ORIENTED_EDGE ( 'NONE', *, *, #1181, .F. ) ;
#1359 = EDGE_CURVE ( 'NONE', #2245, #2406, #472, .T. ) ;
#1360 = ADVANCED_FACE ( 'NONE', ( #1203 ), #3788, .F. ) ;
#1361 = VECTOR ( 'NONE', #4510, 1000.000000000000000 ) ;
#1362 =( NAMED_UNIT ( * ) SI_UNIT ( $, .STERADIAN. ) SOLID_ANGLE_UNIT ( ) );
#1363 = FACE_OUTER_BOUND ( 'NONE', #839, .T. ) ;
#1364 = DIRECTION ( 'NONE',  ( -1.000000000000000000, 0.000000000000000000, 3.181709289561560491E-15 ) ) ;
#1365 = ORIENTED_EDGE ( 'NONE', *, *, #3046, .F. ) ;
#1366 = VECTOR ( 'NONE', #818, 999.9999999999998863 ) ;
#1367 = LINE ( 'NONE', #4455, #959 ) ;
#1368 = CARTESIAN_POINT ( 'NONE',  ( -1.150000000000003908, 0.2300000000000000100, -1.029999999999995364 ) ) ;
#1369 = VERTEX_POINT ( 'NONE', #3220 ) ;
#1370 = EDGE_LOOP ( 'NONE', ( #4585, #1972, #3310, #313 ) ) ;
#1371 =( BOUNDED_CURVE ( )  B_SPLINE_CURVE ( 3, ( #2433, #87, #4291, #4680 ),
 .UNSPECIFIED., .F., .T. ) 
 B_SPLINE_CURVE_WITH_KNOTS ( ( 4, 4 ),
 ( 0.000000000000000000, 1.000000000000000000 ),
 .UNSPECIFIED. ) 
 CURVE ( )  GEOMETRIC_REPRESENTATION_ITEM ( )  RATIONAL_B_SPLINE_CURVE ( ( 1.000000000000000000, 0.8047378541243640493, 0.8047378541243640493, 1.000000000000000000 ) ) 
 REPRESENTATION_ITEM ( '' )  );
#1372 = PRESENTATION_STYLE_ASSIGNMENT (( #3707 ) ) ;
#1373 = VECTOR ( 'NONE', #4855, 1000.000000000000000 ) ;
#1374 = CARTESIAN_POINT ( 'NONE',  ( 1.099999999999997424, 0.2800000000000015810, -0.8000000000000039302 ) ) ;
#1375 = ORIENTED_EDGE ( 'NONE', *, *, #2315, .T. ) ;
#1376 = CARTESIAN_POINT ( 'NONE',  ( 1.149999999999999245, 0.000000000000000000, -0.1500000000000037415 ) ) ;
#1377 = ORIENTED_EDGE ( 'NONE', *, *, #2532, .F. ) ;
#1378 = PLANE ( 'NONE',  #2516 ) ;
#1379 = ORIENTED_EDGE ( 'NONE', *, *, #3681, .F. ) ;
#1380 = DIRECTION ( 'NONE',  ( -0.000000000000000000, -1.000000000000000000, -0.000000000000000000 ) ) ;
#1381 = CARTESIAN_POINT ( 'NONE',  ( -0.7999999999999957145, 0.000000000000000000, 1.150000000000001910 ) ) ;
#1382 = EDGE_LOOP ( 'NONE', ( #3599, #4064, #1466, #1591 ) ) ;
#1383 = CARTESIAN_POINT ( 'NONE',  ( -1.150000000000000133, 0.1000000000000000056, -0.1499999999999956646 ) ) ;
#1384 = CARTESIAN_POINT ( 'NONE',  ( -1.000000000000001332, 0.1914739966757357525, -0.7999999999999967137 ) ) ;
#1385 = CARTESIAN_POINT ( 'NONE',  ( -0.7999999999999979350, 0.1000000000000000056, 0.5000000000000024425 ) ) ;
#1386 = CARTESIAN_POINT ( 'NONE',  ( -0.8000000000000037081, 0.7499999999999997780, -1.099999999999997424 ) ) ;
#1387 = EDGE_LOOP ( 'NONE', ( #4131, #527, #211, #4842 ) ) ;
#1388 = EDGE_LOOP ( 'NONE', ( #3241, #2398, #3092, #4099 ) ) ;
#1389 = ADVANCED_FACE ( 'NONE', ( #2382 ), #3569, .T. ) ;
#1390 = CARTESIAN_POINT ( 'NONE',  ( 0.3999999999999905853, 0.000000000000000000, -0.9750000000000015321 ) ) ;
#1391 = ORIENTED_EDGE ( 'NONE', *, *, #2540, .T. ) ;
#1392 =( BOUNDED_SURFACE ( )  B_SPLINE_SURFACE ( 3, 3, ( 
 ( #3246, #1220, #3516, #1575 ),
 ( #492, #3138, #2789, #4318 ),
 ( #2018, #3566, #1246, #2045 ),
 ( #3595, #112, #3214, #4757 ) ),
 .UNSPECIFIED., .F., .F., .F. ) 
 B_SPLINE_SURFACE_WITH_KNOTS ( ( 4, 4 ),
 ( 4, 4 ),
 ( 0.000000000000000000, 1.000000000000000000 ),
 ( 0.000000000000000000, 1.000000000000000000 ),
 .UNSPECIFIED. ) 
 GEOMETRIC_REPRESENTATION_ITEM ( )  RATIONAL_B_SPLINE_SURFACE ( (
 ( 1.000000000000000000, 0.8047378541243652705, 0.8047378541243652705, 1.000000000000000000),
 ( 0.8047378541243649375, 0.6476030138606879705, 0.6476030138606879705, 0.8047378541243649375),
 ( 0.8047378541243649375, 0.6476030138606879705, 0.6476030138606879705, 0.8047378541243649375),
 ( 1.000000000000000000, 0.8047378541243652705, 0.8047378541243652705, 1.000000000000000000) ) ) 
 REPRESENTATION_ITEM ( '' )  SURFACE ( )  );
#1393 = VECTOR ( 'NONE', #801, 1000.000000000000000 ) ;
#1394 = VECTOR ( 'NONE', #674, 1000.000000000000000 ) ;
#1395 = LINE ( 'NONE', #1418, #1357 ) ;
#1396 = CARTESIAN_POINT ( 'NONE',  ( -1.030000000000003579, 0.2300000000000000100, -1.149999999999996581 ) ) ;
#1397 = CARTESIAN_POINT ( 'NONE',  ( 0.9757359312880649060, 0.8964466094067259361, -1.100000000000006972 ) ) ;
#1398 = VECTOR ( 'NONE', #4047, 1000.000000000000000 ) ;
#1399 = MECHANICAL_DESIGN_GEOMETRIC_PRESENTATION_REPRESENTATION (  '', ( #23 ), #2708 ) ;
#1400 = ORIENTED_EDGE ( 'NONE', *, *, #858, .F. ) ;
#1401 = VERTEX_POINT ( 'NONE', #3915 ) ;
#1402 = CARTESIAN_POINT ( 'NONE',  ( 2.793185071074506684E-15, 0.000000000000000000, 0.8000000000000000444 ) ) ;
#1403 = EDGE_CURVE ( 'NONE', #1525, #174, #1634, .T. ) ;
#1404 = CARTESIAN_POINT ( 'NONE',  ( -0.8000000000000015987, 0.1000000000000000056, -0.4999999999999966693 ) ) ;
#1405 = AXIS2_PLACEMENT_3D ( 'NONE', #1419, #1803, #1014 ) ;
#1406 = ORIENTED_EDGE ( 'NONE', *, *, #1284, .T. ) ;
#1407 = CARTESIAN_POINT ( 'NONE',  ( -1.029999999999996030, 0.1300000000000000044, 1.150000000000003464 ) ) ;
#1408 = CARTESIAN_POINT ( 'NONE',  ( -0.9171572875253837243, 0.1914739966757357803, -0.9999999999999952260 ) ) ;
#1409 = ADVANCED_FACE ( 'NONE', ( #4735 ), #443, .F. ) ;
#1410 = EDGE_CURVE ( 'NONE', #3277, #2740, #3018, .T. ) ;
#1411 = EDGE_CURVE ( 'NONE', #1665, #232, #4005, .T. ) ;
#1412 = LINE ( 'NONE', #1076, #4765 ) ;
#1413 = PLANE ( 'NONE',  #176 ) ;
#1414 = ORIENTED_EDGE ( 'NONE', *, *, #3461, .F. ) ;
#1415 = ORIENTED_EDGE ( 'NONE', *, *, #514, .F. ) ;
#1416 = EDGE_CURVE ( 'NONE', #1860, #3104, #2793, .T. ) ;
#1417 = PLANE ( 'NONE',  #2586 ) ;
#1418 = CARTESIAN_POINT ( 'NONE',  ( -1.100000000000003419, 0.7499999999999928946, -0.7999999999999962697 ) ) ;
#1419 = CARTESIAN_POINT ( 'NONE',  ( 0.4999999999999907851, 0.1000000000000000056, -0.9750000000000018652 ) ) ;
#1420 = CARTESIAN_POINT ( 'NONE',  ( 0.8499999999999974243, 0.9999999999999998890, -0.8292893218813487399 ) ) ;
#1421 = EDGE_LOOP ( 'NONE', ( #3155, #487, #3891, #2820 ) ) ;
#1422 =( NAMED_UNIT ( * ) SI_UNIT ( $, .STERADIAN. ) SOLID_ANGLE_UNIT ( ) );
#1423 = ORIENTED_EDGE ( 'NONE', *, *, #880, .F. ) ;
#1424 = DIRECTION ( 'NONE',  ( 0.000000000000000000, -1.000000000000000000, 0.000000000000000000 ) ) ;
#1425 = DIRECTION ( 'NONE',  ( 0.000000000000000000, 1.000000000000000000, 0.000000000000000000 ) ) ;
#1426 = CARTESIAN_POINT ( 'NONE',  ( -0.7999999999999967137, 0.1681966011250106974, 1.050000000000002709 ) ) ;
#1427 = ORIENTED_EDGE ( 'NONE', *, *, #1186, .F. ) ;
#1428 = AXIS2_PLACEMENT_3D ( 'NONE', #1515, #1133, #4614 ) ;
#1429 = CARTESIAN_POINT ( 'NONE',  ( 0.7999999999999991562, 0.1000000000000000056, -0.1500000000000026867 ) ) ;
#1430 = AXIS2_PLACEMENT_3D ( 'NONE', #400, #3825, #348 ) ;
#1431 = PRESENTATION_LAYER_ASSIGNMENT (  '', '', ( #3633 ) ) ;
#1432 = LINE ( 'NONE', #648, #1929 ) ;
#1433 = ADVANCED_FACE ( 'NONE', ( #2814 ), #795, .F. ) ;
#1434 = CARTESIAN_POINT ( 'NONE',  ( -1.030000000000003801, 0.1300000000000000044, -1.029999999999996696 ) ) ;
#1435 = CARTESIAN_POINT ( 'NONE',  ( 1.100000000000002975, 5.111269837220810075, 0.7999999999999966027 ) ) ;
#1436 = ORIENTED_EDGE ( 'NONE', *, *, #3461, .T. ) ;
#1437 = VECTOR ( 'NONE', #3945, 1000.000000000000000 ) ;
#1438 = VERTEX_POINT ( 'NONE', #1971 ) ;
#1439 = EDGE_CURVE ( 'NONE', #431, #4348, #3117, .T. ) ;
#1440 = VECTOR ( 'NONE', #4812, 1000.000000000000000 ) ;
#1441 = LINE ( 'NONE', #629, #1361 ) ;
#1442 = CARTESIAN_POINT ( 'NONE',  ( 1.150000000000002576, 0.1000000000000000056, 0.7999999999999961586 ) ) ;
#1443 = EDGE_CURVE ( 'NONE', #1345, #771, #495, .T. ) ;
#1444 = VECTOR ( 'NONE', #4195, 1000.000000000000000 ) ;
#1445 = VECTOR ( 'NONE', #836, 1000.000000000000000 ) ;
#1446 = ORIENTED_EDGE ( 'NONE', *, *, #1662, .T. ) ;
#1447 = EDGE_LOOP ( 'NONE', ( #2066, #1651, #3321, #963 ) ) ;
#1448 = CARTESIAN_POINT ( 'NONE',  ( -1.086599498416578768, 0.2300000000000000100, 1.003561853682077842 ) ) ;
#1449 = DIRECTION ( 'NONE',  ( 3.491481338843133355E-15, -0.000000000000000000, 1.000000000000000000 ) ) ;
#1450 = CARTESIAN_POINT ( 'NONE',  ( -0.7999999999999970468, 0.000000000000000000, 0.8000000000000023759 ) ) ;
#1451 = PLANE ( 'NONE',  #2185 ) ;
#1452 = EDGE_LOOP ( 'NONE', ( #796, #4971 ) ) ;
#1453 = CARTESIAN_POINT ( 'NONE',  ( -1.149999999999997025, 0.2299999999999998990, 0.8000000000000043743 ) ) ;
#1454 = CARTESIAN_POINT ( 'NONE',  ( -1.030000000000003801, 0.1300000000000000044, -1.029999999999996696 ) ) ;
#1455 = CARTESIAN_POINT ( 'NONE',  ( 0.4999999999999907851, 0.1000000000000000056, -0.9750000000000018652 ) ) ;
#1456 = LINE ( 'NONE', #4962, #2539 ) ;
#1457 = CARTESIAN_POINT ( 'NONE',  ( 1.149999999999999689, 0.000000000000000000, -4.015203539669602570E-15 ) ) ;
#1458 = ORIENTED_EDGE ( 'NONE', *, *, #4419, .T. ) ;
#1459 = VERTEX_POINT ( 'NONE', #1173 ) ;
#1460 = DIRECTION ( 'NONE',  ( -3.491481338843133355E-15, -0.000000000000000000, -1.000000000000000000 ) ) ;
#1461 = DIRECTION ( 'NONE',  ( -0.000000000000000000, -1.000000000000000000, -0.000000000000000000 ) ) ;
#1462 = CARTESIAN_POINT ( 'NONE',  ( -0.9171572875253778401, 0.2800000000000050782, 1.000000000000003775 ) ) ;
#1463 = CARTESIAN_POINT ( 'NONE',  ( 1.150000000000003908, 0.2300000000000000100, 1.029999999999995364 ) ) ;
#1464 = DIRECTION ( 'NONE',  ( 4.336808689942025625E-15, 0.000000000000000000, 1.000000000000000000 ) ) ;
#1465 = AXIS2_PLACEMENT_3D ( 'NONE', #4166, #303, #608 ) ;
#1466 = ORIENTED_EDGE ( 'NONE', *, *, #1349, .T. ) ;
#1467 = CLOSED_SHELL ( 'NONE', ( #4060, #3670, #2824, #2102, #4668, #3069, #1624, #1227, #4725, #204, #1875, #2849, #1887, #4420, #4792, #2795, #1792, #921, #2314, #3064, #3415, #4185, #2255, #2948, #1433, #3041, #334, #2345, #1582, #4487, #668, #1193, #239, #2419, #3824, #2192, #751, #2039, #672, #1128, #1638, #2348, #3765, #2717, #3035, #4057, #2418, #1120, #598 ) ) ;
#1468 = VERTEX_POINT ( 'NONE', #3598 ) ;
#1469 = CARTESIAN_POINT ( 'NONE',  ( -1.013921877979035990, 0.2299999999999999822, 1.080737363814881391 ) ) ;
#1470 = CARTESIAN_POINT ( 'NONE',  ( 0.7999999999999943823, 5.111269837220810075, -1.100000000000002975 ) ) ;
#1471 = DIRECTION ( 'NONE',  ( 2.871937240279988021E-15, 0.000000000000000000, 1.000000000000000000 ) ) ;
#1472 = CARTESIAN_POINT ( 'NONE',  ( 0.8000000000000037081, 0.1000000000000000056, 1.149999999999997247 ) ) ;
#1473 = CIRCLE ( 'NONE', #1637, 0.2500000000000000000 ) ;
#1474 = ORIENTED_EDGE ( 'NONE', *, *, #3314, .T. ) ;
#1475 = VECTOR ( 'NONE', #1172, 1000.000000000000000 ) ;
#1476 = CARTESIAN_POINT ( 'NONE',  ( -0.8496942619956411313, 1.000000000000000000, 0.8274134121841517642 ) ) ;
#1477 = VECTOR ( 'NONE', #1935, 1000.000000000000000 ) ;
#1478 = CARTESIAN_POINT ( 'NONE',  ( 0.000000000000000000, 0.1000000000000000056, 0.000000000000000000 ) ) ;
#1479 = CIRCLE ( 'NONE', #4316, 0.1499999999999999389 ) ;
#1480 = PLANE ( 'NONE',  #307 ) ;
#1481 = CYLINDRICAL_SURFACE ( 'NONE', #4714, 0.1499999999999999667 ) ;
#1482 = CARTESIAN_POINT ( 'NONE',  ( -0.8000000000000002665, 0.000000000000000000, -0.1499999999999970524 ) ) ;
#1483 = EDGE_LOOP ( 'NONE', ( #1600, #4221, #3202, #863 ) ) ;
#1484 = ORIENTED_EDGE ( 'NONE', *, *, #2726, .F. ) ;
#1485 = CARTESIAN_POINT ( 'NONE',  ( -0.8000000000000002665, 0.1000000000000000056, -0.1499999999999970524 ) ) ;
#1486 = CARTESIAN_POINT ( 'NONE',  ( -0.7999999999999964917, 0.1291723363603945463, 1.062891624136447444 ) ) ;
#1487 = DIRECTION ( 'NONE',  ( 3.491481338843133355E-15, -0.000000000000000000, 1.000000000000000000 ) ) ;
#1488 = CARTESIAN_POINT ( 'NONE',  ( -0.7999999999999957145, 0.1000000000000000056, 1.150000000000001910 ) ) ;
#1489 = VERTEX_POINT ( 'NONE', #3519 ) ;
#1490 = VERTEX_POINT ( 'NONE', #2127 ) ;
#1491 = EDGE_CURVE ( 'NONE', #4976, #3649, #3031, .T. ) ;
#1492 = SURFACE_STYLE_USAGE ( .BOTH. , #731 ) ;
#1493 = FACE_OUTER_BOUND ( 'NONE', #1109, .T. ) ;
#1494 = DIRECTION ( 'NONE',  ( -4.111025437406278295E-15, 0.000000000000000000, -1.000000000000000000 ) ) ;
#1495 = EDGE_CURVE ( 'NONE', #4067, #151, #281, .T. ) ;
#1496 = CARTESIAN_POINT ( 'NONE',  ( -1.044948974278314902, 0.1299999999999999489, 1.050000000000003597 ) ) ;
#1497 = ADVANCED_FACE ( 'NONE', ( #4952 ), #1089, .F. ) ;
#1498 = VERTEX_POINT ( 'NONE', #548 ) ;
#1499 = EDGE_CURVE ( 'NONE', #1008, #1555, #1336, .T. ) ;
#1500 = CARTESIAN_POINT ( 'NONE',  ( -0.8499999999999974243, 1.000000000000000000, 0.8000000000000032641 ) ) ;
#1501 = DIRECTION ( 'NONE',  ( 3.355956067282445301E-15, 0.000000000000000000, 1.000000000000000000 ) ) ;
#1502 = ADVANCED_FACE ( 'NONE', ( #688 ), #2249, .F. ) ;
#1503 = EDGE_CURVE ( 'NONE', #56, #3010, #1066, .T. ) ;
#1504 = CARTESIAN_POINT ( 'NONE',  ( 1.086599498416567666, 0.2299999999999999822, -1.003561853682099825 ) ) ;
#1505 = PLANE ( 'NONE',  #4151 ) ;
#1506 = FACE_OUTER_BOUND ( 'NONE', #1086, .T. ) ;
#1507 = ORIENTED_EDGE ( 'NONE', *, *, #1129, .F. ) ;
#1508 = ORIENTED_EDGE ( 'NONE', *, *, #3152, .F. ) ;
#1509 = VECTOR ( 'NONE', #4602, 1000.000000000000000 ) ;
#1510 = PRESENTATION_LAYER_ASSIGNMENT (  '', '', ( #463 ) ) ;
#1511 = CARTESIAN_POINT ( 'NONE',  ( 0.8000000000000037081, 0.1914739966757366407, 0.9999999999999944489 ) ) ;
#1512 = VECTOR ( 'NONE', #3476, 1000.000000000000000 ) ;
#1513 = CARTESIAN_POINT ( 'NONE',  ( -0.7999999999999970468, 0.1000000000000000056, 0.8000000000000023759 ) ) ;
#1514 = DIRECTION ( 'NONE',  ( 1.000000000000000000, 0.000000000000000000, -3.491481338843133355E-15 ) ) ;
#1515 = CARTESIAN_POINT ( 'NONE',  ( 1.149999999999996136, 0.2300000000000000100, -1.030000000000003579 ) ) ;
#1516 = AXIS2_PLACEMENT_3D ( 'NONE', #1720, #3680, #3013 ) ;
#1517 = ORIENTED_EDGE ( 'NONE', *, *, #2193, .T. ) ;
#1518 =( GEOMETRIC_REPRESENTATION_CONTEXT ( 3 ) GLOBAL_UNCERTAINTY_ASSIGNED_CONTEXT ( ( #3082 ) ) GLOBAL_UNIT_ASSIGNED_CONTEXT ( ( #3290, #254, #1760 ) ) REPRESENTATION_CONTEXT ( 'NONE', 'WORKASPACE' ) );
#1519 = ORIENTED_EDGE ( 'NONE', *, *, #3101, .T. ) ;
#1520 = B_SPLINE_CURVE_WITH_KNOTS ( 'NONE', 3,
 ( #1162, #733, #1523, #3535 ),
 .UNSPECIFIED., .F., .F.,
 ( 4, 4 ),
 ( 0.000000000000000000, 0.0002474874620873806315 ),
 .UNSPECIFIED. ) ;
#1521 =( LENGTH_UNIT ( ) NAMED_UNIT ( * ) SI_UNIT ( .MILLI., .METRE. ) );
#1522 = CARTESIAN_POINT ( 'NONE',  ( 1.149999999999999689, 0.000000000000000000, -4.015203539669602570E-15 ) ) ;
#1523 = CARTESIAN_POINT ( 'NONE',  ( -0.8840309863421770276, 0.1681966011250103921, -1.049999999999997158 ) ) ;
#1524 = CARTESIAN_POINT ( 'NONE',  ( 0.8499999999999974243, 0.9000000000000000222, -0.8000000000000029310 ) ) ;
#1525 = VERTEX_POINT ( 'NONE', #3410 ) ;
#1526 = AXIS2_PLACEMENT_3D ( 'NONE', #4191, #734, #3805 ) ;
#1527 = CARTESIAN_POINT ( 'NONE',  ( 0.7999999999999941602, 0.2799999999999998601, -1.150000000000002798 ) ) ;
#1528 = LINE ( 'NONE', #4625, #948 ) ;
#1529 = VECTOR ( 'NONE', #3582, 1000.000000000000000 ) ;
#1530 = CARTESIAN_POINT ( 'NONE',  ( -1.149999999999995692, 0.000000000000000000, 1.150000000000003464 ) ) ;
#1531 = PLANE ( 'NONE',  #2134 ) ;
#1532 = LINE ( 'NONE', #3091, #2371 ) ;
#1533 = VERTEX_POINT ( 'NONE', #4454 ) ;
#1534 = ORIENTED_EDGE ( 'NONE', *, *, #2769, .T. ) ;
#1535 = DIRECTION ( 'NONE',  ( -3.491481338843133355E-15, 0.000000000000000000, -1.000000000000000000 ) ) ;
#1536 = ORIENTED_EDGE ( 'NONE', *, *, #1119, .F. ) ;
#1537 = CARTESIAN_POINT ( 'NONE',  ( 0.8000000000000003775, 0.1000000000000000056, 0.1499999999999972744 ) ) ;
#1538 = LINE ( 'NONE', #3099, #656 ) ;
#1539 = CARTESIAN_POINT ( 'NONE',  ( 1.745740669421565100E-15, 0.000000000000000000, 0.4999999999999995559 ) ) ;
#1540 = DIRECTION ( 'NONE',  ( -1.000000000000000000, -0.000000000000000000, 3.491481338843133355E-15 ) ) ;
#1541 = EDGE_LOOP ( 'NONE', ( #1056, #4499, #4447, #3947 ) ) ;
#1542 = FACE_OUTER_BOUND ( 'NONE', #4178, .T. ) ;
#1543 = DIRECTION ( 'NONE',  ( 1.000000000000000000, 0.000000000000000000, -3.491481338843133355E-15 ) ) ;
#1544 = EDGE_LOOP ( 'NONE', ( #320, #636, #2732, #3447 ) ) ;
#1545 = CARTESIAN_POINT ( 'NONE',  ( -1.029999999999995142, 0.2300000000000000100, 1.150000000000003464 ) ) ;
#1546 = ORIENTED_EDGE ( 'NONE', *, *, #3313, .F. ) ;
#1547 = LINE ( 'NONE', #4267, #216 ) ;
#1548 = AXIS2_PLACEMENT_3D ( 'NONE', #4833, #1364, #2921 ) ;
#1549 = VECTOR ( 'NONE', #623, 1000.000000000000000 ) ;
#1550 = MECHANICAL_DESIGN_GEOMETRIC_PRESENTATION_REPRESENTATION (  '', ( #4479 ), #101 ) ;
#1551 = CARTESIAN_POINT ( 'NONE',  ( 1.149999999999997025, 0.2299999999999998990, -0.8000000000000031530 ) ) ;
#1552 = CYLINDRICAL_SURFACE ( 'NONE', #4718, 0.2500000000000000000 ) ;
#1553 = CARTESIAN_POINT ( 'NONE',  ( 0.8000000000000037081, 0.8378679656440375378, 0.9999999999999954481 ) ) ;
#1554 = EDGE_LOOP ( 'NONE', ( #4179, #1098, #4400, #4809 ) ) ;
#1555 = VERTEX_POINT ( 'NONE', #165 ) ;
#1556 = VECTOR ( 'NONE', #2423, 1000.000000000000000 ) ;
#1557 = VECTOR ( 'NONE', #31, 1000.000000000000000 ) ;
#1558 = EDGE_CURVE ( 'NONE', #2557, #2808, #992, .T. ) ;
#1559 = EDGE_CURVE ( 'NONE', #4707, #2819, #1717, .T. ) ;
#1560 = CARTESIAN_POINT ( 'NONE',  ( -0.8000000000000015987, 0.1000000000000000056, -0.4999999999999966693 ) ) ;
#1561 = EDGE_LOOP ( 'NONE', ( #2098, #3750, #3295, #4331 ) ) ;
#1562 = DIRECTION ( 'NONE',  ( 0.000000000000000000, 1.000000000000000000, 0.000000000000000000 ) ) ;
#1563 = CARTESIAN_POINT ( 'NONE',  ( 0.8000000000000037081, 0.1000000000000000056, 1.149999999999997247 ) ) ;
#1564 = DIRECTION ( 'NONE',  ( -1.000000000000000000, 0.000000000000000000, 3.491481338843133355E-15 ) ) ;
#1565 = ADVANCED_FACE ( 'NONE', ( #4814 ), #2631, .F. ) ;
#1566 = PLANE ( 'NONE',  #1191 ) ;
#1567 = EDGE_LOOP ( 'NONE', ( #120, #3812, #2184, #3118 ) ) ;
#1568 = CARTESIAN_POINT ( 'NONE',  ( -1.099999999999997424, 5.111269837220810075, 0.8000000000000041522 ) ) ;
#1569 = DIRECTION ( 'NONE',  ( 1.000000000000000000, 0.000000000000000000, -3.491481338843133355E-15 ) ) ;
#1570 = CARTESIAN_POINT ( 'NONE',  ( 0.7999999999999958256, 0.1000000000000000056, -1.150000000000002798 ) ) ;
#1571 = CARTESIAN_POINT ( 'NONE',  ( -1.030000000000003801, 0.2300000000000000100, -1.029999999999996696 ) ) ;
#1572 = ORIENTED_EDGE ( 'NONE', *, *, #11, .F. ) ;
#1573 = CARTESIAN_POINT ( 'NONE',  ( -1.050000000000002931, 0.1681966011250106696, -0.7999999999999963807 ) ) ;
#1574 = ORIENTED_EDGE ( 'NONE', *, *, #1034, .T. ) ;
#1575 = CARTESIAN_POINT ( 'NONE',  ( -0.7999999999999971578, 0.9999999999999997780, 0.8500000000000031974 ) ) ;
#1576 = LINE ( 'NONE', #317, #3550 ) ;
#1577 = DIRECTION ( 'NONE',  ( -0.000000000000000000, -1.000000000000000000, 0.000000000000000000 ) ) ;
#1578 = CARTESIAN_POINT ( 'NONE',  ( 0.9171572875253835022, 0.8378679656440373158, 0.9999999999999950040 ) ) ;
#1579 = EDGE_LOOP ( 'NONE', ( #875, #1300, #4075, #4105 ) ) ;
#1580 = ORIENTED_EDGE ( 'NONE', *, *, #2994, .F. ) ;
#1581 = STYLED_ITEM ( 'NONE', ( #653 ), #2213 ) ;
#1582 = ADVANCED_FACE ( 'NONE', ( #3029 ), #4143, .F. ) ;
#1583 = CARTESIAN_POINT ( 'NONE',  ( 1.249999999999995115, 0.000000000000000000, -1.250000000000000888 ) ) ;
#1584 = CARTESIAN_POINT ( 'NONE',  ( -0.8500000000000033085, 0.9999999999999997780, -0.7999999999999971578 ) ) ;
#1585 = VECTOR ( 'NONE', #993, 1000.000000000000000 ) ;
#1586 = DIRECTION ( 'NONE',  ( 1.000000000000000000, 0.000000000000000000, -3.491481338843133355E-15 ) ) ;
#1587 = LINE ( 'NONE', #2339, #2328 ) ;
#1588 = AXIS2_PLACEMENT_3D ( 'NONE', #1852, #4895, #223 ) ;
#1589 = B_SPLINE_CURVE_WITH_KNOTS ( 'NONE', 3,
 ( #831, #803, #2364, #430 ),
 .UNSPECIFIED., .F., .F.,
 ( 4, 4 ),
 ( 0.000000000000000000, 1.000000000000000000 ),
 .UNSPECIFIED. ) ;
#1590 = LINE ( 'NONE', #4716, #2256 ) ;
#1591 = ORIENTED_EDGE ( 'NONE', *, *, #2515, .T. ) ;
#1592 = EDGE_CURVE ( 'NONE', #3793, #4904, #2742, .T. ) ;
#1593 = PLANE ( 'NONE',  #187 ) ;
#1594 = DIRECTION ( 'NONE',  ( -3.181709289561560491E-15, 0.000000000000000000, -1.000000000000000000 ) ) ;
#1595 = CARTESIAN_POINT ( 'NONE',  ( -0.7999999999999970468, 0.8999999999999998002, 0.8500000000000030864 ) ) ;
#1596 = CARTESIAN_POINT ( 'NONE',  ( 1.149999999999996803, 0.1300000000000000044, -1.030000000000004468 ) ) ;
#1597 = VECTOR ( 'NONE', #575, 1000.000000000000000 ) ;
#1598 = ORIENTED_EDGE ( 'NONE', *, *, #1819, .T. ) ;
#1599 = DIRECTION ( 'NONE',  ( 0.000000000000000000, 1.000000000000000000, 0.000000000000000000 ) ) ;
#1600 = ORIENTED_EDGE ( 'NONE', *, *, #3935, .T. ) ;
#1601 = DIRECTION ( 'NONE',  ( 3.702006032529638986E-15, -0.000000000000000000, 1.000000000000000000 ) ) ;
#1602 = AXIS2_PLACEMENT_3D ( 'NONE', #979, #1793, #2125 ) ;
#1603 = ADVANCED_FACE ( 'NONE', ( #4431 ), #3760, .T. ) ;
#1604 = CARTESIAN_POINT ( 'NONE',  ( -1.149999999999999245, 0.1000000000000000056, 0.1500000000000040745 ) ) ;
#1605 = CARTESIAN_POINT ( 'NONE',  ( 1.150000000000000133, 0.1000000000000000056, 0.1499999999999961919 ) ) ;
#1606 = AXIS2_PLACEMENT_3D ( 'NONE', #3961, #1959, #3108 ) ;
#1607 = CARTESIAN_POINT ( 'NONE',  ( 1.099999999999997424, 5.111269837220810075, -0.8000000000000018208 ) ) ;
#1608 = DIRECTION ( 'NONE',  ( 1.000000000000000000, 0.000000000000000000, -3.181709289561560491E-15 ) ) ;
#1609 = ORIENTED_EDGE ( 'NONE', *, *, #2308, .F. ) ;
#1610 = ORIENTED_EDGE ( 'NONE', *, *, #1734, .T. ) ;
#1611 = EDGE_CURVE ( 'NONE', #3420, #4707, #525, .T. ) ;
#1612 = CARTESIAN_POINT ( 'NONE',  ( 1.030000000000003357, 0.2300000000000000100, 1.149999999999996358 ) ) ;
#1613 = EDGE_CURVE ( 'NONE', #4727, #3794, #3676, .T. ) ;
#1614 = ORIENTED_EDGE ( 'NONE', *, *, #1800, .F. ) ;
#1615 = ORIENTED_EDGE ( 'NONE', *, *, #1038, .F. ) ;
#1616 = PLANE ( 'NONE',  #1428 ) ;
#1617 = DIRECTION ( 'NONE',  ( 0.000000000000000000, -1.000000000000000000, 0.000000000000000000 ) ) ;
#1618 = VERTEX_POINT ( 'NONE', #193 ) ;
#1619 = SURFACE_SIDE_STYLE ('',( #3985 ) ) ;
#1620 = CARTESIAN_POINT ( 'NONE',  ( 0.8000000000000025979, 0.1000000000000000056, 0.7999999999999972689 ) ) ;
#1621 = CARTESIAN_POINT ( 'NONE',  ( 0.7999999999999997113, 0.000000000000000000, -2.793185071074505895E-15 ) ) ;
#1622 = DIRECTION ( 'NONE',  ( 1.000000000000000000, 0.000000000000000000, -3.491481338843133355E-15 ) ) ;
#1623 = ORIENTED_EDGE ( 'NONE', *, *, #1350, .T. ) ;
#1624 = ADVANCED_FACE ( 'NONE', ( #1745 ), #3298, .F. ) ;
#1625 = EDGE_CURVE ( 'NONE', #4711, #2879, #2401, .T. ) ;
#1626 = CARTESIAN_POINT ( 'NONE',  ( 1.120710678118656878, 0.2299999999999999267, 0.7999999999999964917 ) ) ;
#1627 = ORIENTED_EDGE ( 'NONE', *, *, #3742, .T. ) ;
#1628 = CARTESIAN_POINT ( 'NONE',  ( 0.7999999999999997113, 0.000000000000000000, -2.793185071074505895E-15 ) ) ;
#1629 = CARTESIAN_POINT ( 'NONE',  ( -1.150000000000002576, 0.000000000000000000, -0.7999999999999952704 ) ) ;
#1630 = AXIS2_PLACEMENT_3D ( 'NONE', #3008, #1309, #2896 ) ;
#1631 = LINE ( 'NONE', #3939, #3642 ) ;
#1632 = AXIS2_PLACEMENT_3D ( 'NONE', #2056, #119, #1669 ) ;
#1633 = CARTESIAN_POINT ( 'NONE',  ( -0.8000000000000024869, 0.1000000000000000056, -0.7999999999999967137 ) ) ;
#1634 = LINE ( 'NONE', #3192, #13 ) ;
#1635 = VERTEX_POINT ( 'NONE', #1710 ) ;
#1636 = ORIENTED_EDGE ( 'NONE', *, *, #4461, .F. ) ;
#1637 = AXIS2_PLACEMENT_3D ( 'NONE', #86, #1330, #4424 ) ;
#1638 = ADVANCED_FACE ( 'NONE', ( #840 ), #2811, .T. ) ;
#1639 = VECTOR ( 'NONE', #2487, 1000.000000000000000 ) ;
#1640 = LINE ( 'NONE', #1612, #1437 ) ;
#1641 = EDGE_LOOP ( 'NONE', ( #2174, #1791, #276, #255 ) ) ;
#1642 = ORIENTED_EDGE ( 'NONE', *, *, #3216, .F. ) ;
#1643 = CIRCLE ( 'NONE', #3906, 0.1000000000000001582 ) ;
#1644 = CYLINDRICAL_SURFACE ( 'NONE', #457, 0.1500000000000000777 ) ;
#1645 = CARTESIAN_POINT ( 'NONE',  ( 1.150000000000003908, 0.000000000000000000, 1.149999999999996136 ) ) ;
#1646 = ORIENTED_EDGE ( 'NONE', *, *, #4867, .F. ) ;
#1647 = LINE ( 'NONE', #1568, #3024 ) ;
#1648 = LINE ( 'NONE', #459, #665 ) ;
#1649 = DIRECTION ( 'NONE',  ( 0.000000000000000000, 1.000000000000000000, 0.000000000000000000 ) ) ;
#1650 = CARTESIAN_POINT ( 'NONE',  ( 1.150000000000001465, 0.000000000000000000, 0.4999999999999962252 ) ) ;
#1651 = ORIENTED_EDGE ( 'NONE', *, *, #4329, .T. ) ;
#1652 = EDGE_CURVE ( 'NONE', #690, #4559, #1473, .T. ) ;
#1653 = ADVANCED_FACE ( 'NONE', ( #2043 ), #130, .F. ) ;
#1654 = CARTESIAN_POINT ( 'NONE',  ( 0.9878679656440392254, 0.2299999999999998712, 1.120710678118650883 ) ) ;
#1655 = ORIENTED_EDGE ( 'NONE', *, *, #74, .T. ) ;
#1656 = CARTESIAN_POINT ( 'NONE',  ( 4.015203539669604147E-15, 0.000000000000000000, 1.150000000000000133 ) ) ;
#1657 = ADVANCED_FACE ( 'NONE', ( #2016 ), #3563, .T. ) ;
#1658 = EDGE_CURVE ( 'NONE', #666, #1635, #439, .T. ) ;
#1659 = VERTEX_POINT ( 'NONE', #3617 ) ;
#1660 = FACE_OUTER_BOUND ( 'NONE', #473, .T. ) ;
#1661 = DIRECTION ( 'NONE',  ( -3.801253388124706614E-15, -0.000000000000000000, -1.000000000000000000 ) ) ;
#1662 = EDGE_CURVE ( 'NONE', #1028, #937, #2481, .T. ) ;
#1663 = CARTESIAN_POINT ( 'NONE',  ( -0.8499999999999974243, 0.9000000000000001332, 0.8000000000000032641 ) ) ;
#1664 = DIRECTION ( 'NONE',  ( 0.000000000000000000, -1.000000000000000000, 0.000000000000000000 ) ) ;
#1665 = VERTEX_POINT ( 'NONE', #4728 ) ;
#1666 = EDGE_CURVE ( 'NONE', #2594, #234, #1245, .T. ) ;
#1667 = ORIENTED_EDGE ( 'NONE', *, *, #2682, .F. ) ;
#1668 = PLANE ( 'NONE',  #552 ) ;
#1669 = DIRECTION ( 'NONE',  ( -1.000000000000000000, 0.000000000000000000, 3.614007241618348376E-15 ) ) ;
#1670 = ORIENTED_EDGE ( 'NONE', *, *, #4098, .F. ) ;
#1671 = CARTESIAN_POINT ( 'NONE',  ( 0.000000000000000000, 0.000000000000000000, 0.000000000000000000 ) ) ;
#1672 = VECTOR ( 'NONE', #156, 1000.000000000000000 ) ;
#1673 = CARTESIAN_POINT ( 'NONE',  ( 1.049999999999996936, 0.1681966011250109749, -0.8840309863421764724 ) ) ;
#1674 = ORIENTED_EDGE ( 'NONE', *, *, #3967, .F. ) ;
#1675 =( LENGTH_UNIT ( ) NAMED_UNIT ( * ) SI_UNIT ( .MILLI., .METRE. ) );
#1676 = CARTESIAN_POINT ( 'NONE',  ( -1.149999999999997025, 0.000000000000000000, 0.8000000000000037081 ) ) ;
#1677 = PLANE ( 'NONE',  #4401 ) ;
#1678 = CARTESIAN_POINT ( 'NONE',  ( -0.8000000000000038192, 0.1000000000000000056, -1.149999999999996358 ) ) ;
#1679 = VECTOR ( 'NONE', #1853, 1000.000000000000000 ) ;
#1680 = ORIENTED_EDGE ( 'NONE', *, *, #240, .F. ) ;
#1681 = CARTESIAN_POINT ( 'NONE',  ( 0.8499999999999970912, 0.8999999999999998002, -0.8292893218813485179 ) ) ;
#1682 = AXIS2_PLACEMENT_3D ( 'NONE', #4066, #1730, #4795 ) ;
#1683 = ORIENTED_EDGE ( 'NONE', *, *, #2150, .T. ) ;
#1684 = LINE ( 'NONE', #1656, #4803 ) ;
#1685 = DIRECTION ( 'NONE',  ( 1.000000000000000000, 0.000000000000000000, -3.614007241618346010E-15 ) ) ;
#1686 = ORIENTED_EDGE ( 'NONE', *, *, #3523, .F. ) ;
#1687 = VECTOR ( 'NONE', #3168, 1000.000000000000000 ) ;
#1688 = CARTESIAN_POINT ( 'NONE',  ( 1.100000000000003419, 0.7500000000000015543, 0.9757359312880677926 ) ) ;
#1689 = CARTESIAN_POINT ( 'NONE',  ( -1.150000000000003908, 0.1300000000000000044, -1.029999999999996252 ) ) ;
#1690 = DIRECTION ( 'NONE',  ( -0.000000000000000000, -1.000000000000000000, 0.000000000000000000 ) ) ;
#1691 = DIRECTION ( 'NONE',  ( -1.000000000000000000, -0.000000000000000000, 3.491481338843133355E-15 ) ) ;
#1692 = ORIENTED_EDGE ( 'NONE', *, *, #4101, .T. ) ;
#1693 = AXIS2_PLACEMENT_3D ( 'NONE', #2683, #358, #1073 ) ;
#1694 = ORIENTED_EDGE ( 'NONE', *, *, #1359, .T. ) ;
#1695 =( BOUNDED_SURFACE ( )  B_SPLINE_SURFACE ( 3, 3, ( 
 ( #3129, #2368, #5, #1595 ),
 ( #3107, #405, #3833, #3159 ),
 ( #4284, #433, #354, #1189 ),
 ( #2753, #807, #4974, #3804 ) ),
 .UNSPECIFIED., .F., .F., .F. ) 
 B_SPLINE_SURFACE_WITH_KNOTS ( ( 4, 4 ),
 ( 4, 4 ),
 ( 0.000000000000000000, 1.000000000000000000 ),
 ( 0.000000000000000000, 1.000000000000000000 ),
 .UNSPECIFIED. ) 
 GEOMETRIC_REPRESENTATION_ITEM ( )  RATIONAL_B_SPLINE_SURFACE ( (
 ( 1.000000000000000000, 0.8047378541243649375, 0.8047378541243649375, 1.000000000000000000),
 ( 0.8047378541243652705, 0.6476030138606879705, 0.6476030138606879705, 0.8047378541243652705),
 ( 0.8047378541243652705, 0.6476030138606879705, 0.6476030138606879705, 0.8047378541243652705),
 ( 1.000000000000000000, 0.8047378541243649375, 0.8047378541243649375, 1.000000000000000000) ) ) 
 REPRESENTATION_ITEM ( '' )  SURFACE ( )  );
#1696 = VECTOR ( 'NONE', #1741, 1000.000000000000000 ) ;
#1697 = CARTESIAN_POINT ( 'NONE',  ( 0.8000000000000003775, 0.000000000000000000, 0.1499999999999972744 ) ) ;
#1698 = CARTESIAN_POINT ( 'NONE',  ( -0.7999999999999974909, 0.9000000000000001332, 0.8500000000000030864 ) ) ;
#1699 = ORIENTED_EDGE ( 'NONE', *, *, #2942, .T. ) ;
#1700 = CARTESIAN_POINT ( 'NONE',  ( 0.7999999999999947153, 0.7499999999999945599, -1.000000000000002887 ) ) ;
#1701 = EDGE_CURVE ( 'NONE', #2815, #3256, #4341, .T. ) ;
#1702 = DIRECTION ( 'NONE',  ( -1.000000000000000000, 0.000000000000000000, 3.491481338843133355E-15 ) ) ;
#1703 = ORIENTED_EDGE ( 'NONE', *, *, #1286, .T. ) ;
#1704 = CARTESIAN_POINT ( 'NONE',  ( 0.8500000000000028644, 1.000000000000000000, 0.7999999999999974909 ) ) ;
#1705 = DIRECTION ( 'NONE',  ( -1.000000000000000000, -0.000000000000000000, 2.871937240279988021E-15 ) ) ;
#1706 = PLANE ( 'NONE',  #2710 ) ;
#1707 = DIRECTION ( 'NONE',  ( 1.000000000000000000, -0.000000000000000000, -3.491481338843133355E-15 ) ) ;
#1708 = CARTESIAN_POINT ( 'NONE',  ( -0.8000000000000015987, 0.000000000000000000, -0.4999999999999965583 ) ) ;
#1709 = VERTEX_POINT ( 'NONE', #3166 ) ;
#1710 = CARTESIAN_POINT ( 'NONE',  ( -0.7999999999999979350, 0.000000000000000000, 0.5000000000000024425 ) ) ;
#1711 = FACE_OUTER_BOUND ( 'NONE', #651, .T. ) ;
#1712 = EDGE_CURVE ( 'NONE', #3362, #35, #4702, .T. ) ;
#1713 = ORIENTED_EDGE ( 'NONE', *, *, #2244, .F. ) ;
#1714 = DIRECTION ( 'NONE',  ( 0.000000000000000000, 1.000000000000000000, 0.000000000000000000 ) ) ;
#1715 = DIRECTION ( 'NONE',  ( 3.491481338843133355E-15, 0.000000000000000000, 1.000000000000000000 ) ) ;
#1716 = CARTESIAN_POINT ( 'NONE',  ( 0.01199999999999640070, 0.5000000000000000000, 0.6250000000000045519 ) ) ;
#1717 = LINE ( 'NONE', #2488, #503 ) ;
#1718 = ORIENTED_EDGE ( 'NONE', *, *, #2848, .T. ) ;
#1719 = VECTOR ( 'NONE', #3445, 1000.000000000000000 ) ;
#1720 = CARTESIAN_POINT ( 'NONE',  ( 0.000000000000000000, 0.1000000000000000056, 0.000000000000000000 ) ) ;
#1721 = ADVANCED_FACE ( 'NONE', ( #864 ), #110, .T. ) ;
#1722 = CARTESIAN_POINT ( 'NONE',  ( -1.100000000000004086, 0.8964466094067261581, -0.9757359312880682367 ) ) ;
#1723 = EDGE_LOOP ( 'NONE', ( #1646, #3142, #2467, #3916 ) ) ;
#1724 = VERTEX_POINT ( 'NONE', #2096 ) ;
#1725 = EDGE_CURVE ( 'NONE', #4336, #4396, #3965, .T. ) ;
#1726 = CARTESIAN_POINT ( 'NONE',  ( -0.7999999999999992673, 0.1000000000000000056, 0.1500000000000027423 ) ) ;
#1727 = AXIS2_PLACEMENT_3D ( 'NONE', #1762, #590, #3668 ) ;
#1728 = AXIS2_PLACEMENT_3D ( 'NONE', #3491, #4705, #4320 ) ;
#1729 = EDGE_CURVE ( 'NONE', #151, #4982, #1684, .T. ) ;
#1730 = DIRECTION ( 'NONE',  ( 0.000000000000000000, 1.000000000000000000, 0.000000000000000000 ) ) ;
#1731 = ORIENTED_EDGE ( 'NONE', *, *, #1127, .F. ) ;
#1732 = CIRCLE ( 'NONE', #1465, 0.1999999999999999833 ) ;
#1733 = LINE ( 'NONE', #3610, #3594 ) ;
#1734 = EDGE_CURVE ( 'NONE', #431, #2432, #3212, .T. ) ;
#1735 = CARTESIAN_POINT ( 'NONE',  ( -1.250000000000007994, 0.1300000000000000044, 4.364351673553944304E-15 ) ) ;
#1736 = VECTOR ( 'NONE', #2752, 1000.000000000000000 ) ;
#1737 = AXIS2_PLACEMENT_3D ( 'NONE', #4278, #1157, #1514 ) ;
#1738 = DIRECTION ( 'NONE',  ( -1.000000000000000000, 0.000000000000000000, 3.181709289561560491E-15 ) ) ;
#1739 = ORIENTED_EDGE ( 'NONE', *, *, #1625, .F. ) ;
#1740 = DIRECTION ( 'NONE',  ( -1.000000000000000000, 0.000000000000000000, 3.491481338843133355E-15 ) ) ;
#1741 = DIRECTION ( 'NONE',  ( -0.000000000000000000, -1.000000000000000000, -0.000000000000000000 ) ) ;
#1742 = VERTEX_POINT ( 'NONE', #3995 ) ;
#1743 = FACE_OUTER_BOUND ( 'NONE', #4542, .T. ) ;
#1744 = CARTESIAN_POINT ( 'NONE',  ( 0.7999999999999979350, 0.000000000000000000, -0.5000000000000027756 ) ) ;
#1745 = FACE_OUTER_BOUND ( 'NONE', #1042, .T. ) ;
#1746 = EDGE_LOOP ( 'NONE', ( #763, #3039, #3221, #4496 ) ) ;
#1747 = PRODUCT_DEFINITION_CONTEXT ( 'detailed design', #3966, 'design' ) ;
#1748 = CARTESIAN_POINT ( 'NONE',  ( -1.150000000000003020, 0.2299999999999998712, -0.7999999999999958256 ) ) ;
#1749 = CARTESIAN_POINT ( 'NONE',  ( 0.7999999999999947153, 0.1291723363603944352, -1.062891624136448332 ) ) ;
#1750 = ORIENTED_EDGE ( 'NONE', *, *, #4092, .T. ) ;
#1751 = ORIENTED_EDGE ( 'NONE', *, *, #2162, .T. ) ;
#1752 = FACE_OUTER_BOUND ( 'NONE', #1302, .T. ) ;
#1753 = FACE_OUTER_BOUND ( 'NONE', #4392, .T. ) ;
#1754 = ORIENTED_EDGE ( 'NONE', *, *, #1794, .T. ) ;
#1755 = SURFACE_SIDE_STYLE ('',( #4513 ) ) ;
#1756 = CARTESIAN_POINT ( 'NONE',  ( 1.029999999999995364, 0.1300000000000000044, -1.150000000000003908 ) ) ;
#1757 = LINE ( 'NONE', #4391, #3724 ) ;
#1758 = AXIS2_PLACEMENT_3D ( 'NONE', #1291, #2028, #558 ) ;
#1759 = ORIENTED_EDGE ( 'NONE', *, *, #1941, .F. ) ;
#1760 =( NAMED_UNIT ( * ) SI_UNIT ( $, .STERADIAN. ) SOLID_ANGLE_UNIT ( ) );
#1761 = ORIENTED_EDGE ( 'NONE', *, *, #2412, .F. ) ;
#1762 = CARTESIAN_POINT ( 'NONE',  ( -0.8000000000000041522, 0.2799999999999998601, -1.149999999999997469 ) ) ;
#1763 = CARTESIAN_POINT ( 'NONE',  ( -1.030000000000003801, 0.2300000000000000100, -1.029999999999996696 ) ) ;
#1764 = VECTOR ( 'NONE', #4068, 1000.000000000000000 ) ;
#1765 = PRODUCT_DEFINITION_FORMATION_WITH_SPECIFIED_SOURCE ( 'ANY', '', #2279, .NOT_KNOWN. ) ;
#1766 = VERTEX_POINT ( 'NONE', #4374 ) ;
#1767 = CIRCLE ( 'NONE', #2659, 0.1199999999999999956 ) ;
#1768 = CARTESIAN_POINT ( 'NONE',  ( 0.8000000000000037081, 0.2800000000000050782, 0.9999999999999974465 ) ) ;
#1769 = ADVANCED_FACE ( 'NONE', ( #2453 ), #2069, .T. ) ;
#1770 = CARTESIAN_POINT ( 'NONE',  ( -1.150000000000003908, 0.1000000000000000056, -1.149999999999994804 ) ) ;
#1771 = B_SPLINE_CURVE_WITH_KNOTS ( 'NONE', 3,
 ( #1078, #2332, #2236, #1901, #3811, #3038, #1846, #2613, #341, #4935, #3792, #2662, #720 ),
 .UNSPECIFIED., .F., .F.,
 ( 4, 2, 2, 1, 2, 2, 4 ),
 ( 0.000000000000000000, 0.2500000000000007216, 0.5000000000000014433, 0.6250000000000017764, 0.6875000000000016653, 0.7500000000000014433, 1.000000000000000000 ),
 .UNSPECIFIED. ) ;
#1772 = VECTOR ( 'NONE', #4378, 1000.000000000000000 ) ;
#1773 = EDGE_CURVE ( 'NONE', #4340, #2183, #4633, .T. ) ;
#1774 = DIRECTION ( 'NONE',  ( 2.871937240279987626E-15, 0.000000000000000000, 1.000000000000000000 ) ) ;
#1775 = PLANE ( 'NONE',  #261 ) ;
#1776 = ORIENTED_EDGE ( 'NONE', *, *, #4988, .F. ) ;
#1777 = ORIENTED_EDGE ( 'NONE', *, *, #985, .F. ) ;
#1778 =( LENGTH_UNIT ( ) NAMED_UNIT ( * ) SI_UNIT ( .MILLI., .METRE. ) );
#1779 = EDGE_CURVE ( 'NONE', #3177, #1401, #4828, .T. ) ;
#1780 = DIRECTION ( 'NONE',  ( 2.971064296050092805E-15, 0.000000000000000000, 1.000000000000000000 ) ) ;
#1781 = ORIENTED_EDGE ( 'NONE', *, *, #82, .T. ) ;
#1782 = CIRCLE ( 'NONE', #882, 0.1200000000000000927 ) ;
#1783 = LINE ( 'NONE', #1396, #3826 ) ;
#1784 = FACE_OUTER_BOUND ( 'NONE', #161, .T. ) ;
#1785 = ORIENTED_EDGE ( 'NONE', *, *, #714, .T. ) ;
#1786 = FILL_AREA_STYLE_COLOUR ( '', #4850 ) ;
#1787 = EDGE_LOOP ( 'NONE', ( #2522, #4130, #897, #3493 ) ) ;
#1788 = LINE ( 'NONE', #3343, #2053 ) ;
#1789 = DIRECTION ( 'NONE',  ( 1.000000000000000000, 0.000000000000000000, -3.491481338843133355E-15 ) ) ;
#1790 = EDGE_CURVE ( 'NONE', #1438, #4693, #4497, .T. ) ;
#1791 = ORIENTED_EDGE ( 'NONE', *, *, #4890, .F. ) ;
#1792 = ADVANCED_FACE ( 'NONE', ( #974 ), #4854, .F. ) ;
#1793 = DIRECTION ( 'NONE',  ( -3.491481338843133355E-15, 0.000000000000000000, -1.000000000000000000 ) ) ;
#1794 = EDGE_CURVE ( 'NONE', #1369, #2978, #4072, .T. ) ;
#1795 = DIRECTION ( 'NONE',  ( -1.000000000000000000, 0.000000000000000000, 3.252606517456510147E-15 ) ) ;
#1796 = CARTESIAN_POINT ( 'NONE',  ( -0.8500000000000004219, 0.9000000000000001332, 2.967759138016664535E-15 ) ) ;
#1797 = VERTEX_POINT ( 'NONE', #3759 ) ;
#1798 = VERTEX_POINT ( 'NONE', #185 ) ;
#1799 =( NAMED_UNIT ( * ) SI_UNIT ( $, .STERADIAN. ) SOLID_ANGLE_UNIT ( ) );
#1800 = EDGE_CURVE ( 'NONE', #3835, #3503, #1835, .T. ) ;
#1801 = FACE_OUTER_BOUND ( 'NONE', #4921, .T. ) ;
#1802 = VECTOR ( 'NONE', #2581, 1000.000000000000000 ) ;
#1803 = DIRECTION ( 'NONE',  ( -0.000000000000000000, -1.000000000000000000, -0.000000000000000000 ) ) ;
#1804 = FACE_OUTER_BOUND ( 'NONE', #2351, .T. ) ;
#1805 = VECTOR ( 'NONE', #1449, 1000.000000000000000 ) ;
#1806 = VECTOR ( 'NONE', #309, 1000.000000000000000 ) ;
#1807 = ORIENTED_EDGE ( 'NONE', *, *, #3370, .T. ) ;
#1808 = CARTESIAN_POINT ( 'NONE',  ( -1.250000000000012434, 0.000000000000000000, -1.249999999999993339 ) ) ;
#1809 = VERTEX_POINT ( 'NONE', #4448 ) ;
#1810 = CARTESIAN_POINT ( 'NONE',  ( 0.8000000000000030420, 5.111269837220810075, 0.7999999999999974909 ) ) ;
#1811 = DIRECTION ( 'NONE',  ( 1.000000000000000000, -0.000000000000000000, -3.491481338843133355E-15 ) ) ;
#1812 = DIRECTION ( 'NONE',  ( -1.000000000000000000, -0.000000000000000000, 3.491481338843133355E-15 ) ) ;
#1813 = AXIS2_PLACEMENT_3D ( 'NONE', #2088, #103, #1594 ) ;
#1814 =( GEOMETRIC_REPRESENTATION_CONTEXT ( 3 ) GLOBAL_UNCERTAINTY_ASSIGNED_CONTEXT ( ( #215 ) ) GLOBAL_UNIT_ASSIGNED_CONTEXT ( ( #854, #2446, #4332 ) ) REPRESENTATION_CONTEXT ( 'NONE', 'WORKASPACE' ) );
#1815 = VERTEX_POINT ( 'NONE', #2604 ) ;
#1816 = EDGE_CURVE ( 'NONE', #4599, #1925, #2146, .T. ) ;
#1817 = FACE_BOUND ( 'NONE', #4751, .T. ) ;
#1818 = DIRECTION ( 'NONE',  ( -1.000000000000000000, -0.000000000000000000, 4.111025437406278295E-15 ) ) ;
#1819 = EDGE_CURVE ( 'NONE', #4296, #4667, #2122, .T. ) ;
#1820 = EDGE_CURVE ( 'NONE', #1860, #3734, #3501, .T. ) ;
#1821 = EDGE_CURVE ( 'NONE', #3794, #4630, #3698, .T. ) ;
#1822 = PLANE ( 'NONE',  #1851 ) ;
#1823 = LINE ( 'NONE', #4157, #1313 ) ;
#1824 = VERTEX_POINT ( 'NONE', #640 ) ;
#1825 = EDGE_LOOP ( 'NONE', ( #4263, #4288, #3483, #3956 ) ) ;
#1826 = CARTESIAN_POINT ( 'NONE',  ( 1.149999999999998135, 0.1000000000000000056, -0.5000000000000037748 ) ) ;
#1827 = PLANE ( 'NONE',  #862 ) ;
#1828 = DIRECTION ( 'NONE',  ( 3.181709289561560491E-15, -0.000000000000000000, 1.000000000000000000 ) ) ;
#1829 = DIRECTION ( 'NONE',  ( -1.000000000000000000, -0.000000000000000000, 2.871937240279988021E-15 ) ) ;
#1830 = CARTESIAN_POINT ( 'NONE',  ( 1.099999999999997424, 0.7499999999999997780, -0.8000000000000033751 ) ) ;
#1831 = ORIENTED_EDGE ( 'NONE', *, *, #2573, .F. ) ;
#1832 = CARTESIAN_POINT ( 'NONE',  ( 0.8292893218813484069, 0.9999999999999998890, 0.8499999999999973133 ) ) ;
#1833 = ORIENTED_EDGE ( 'NONE', *, *, #1881, .T. ) ;
#1834 = CARTESIAN_POINT ( 'NONE',  ( 0.4999999999999907851, 0.000000000000000000, -0.9750000000000018652 ) ) ;
#1835 = LINE ( 'NONE', #3386, #1802 ) ;
#1836 = CARTESIAN_POINT ( 'NONE',  ( -0.8000000000000024869, 0.000000000000000000, -0.7999999999999967137 ) ) ;
#1837 = DIRECTION ( 'NONE',  ( 3.469446951953614189E-15, 0.000000000000000000, 1.000000000000000000 ) ) ;
#1838 = EDGE_LOOP ( 'NONE', ( #3520, #2500, #488, #4312 ) ) ;
#1839 = CARTESIAN_POINT ( 'NONE',  ( -0.7999999999999969358, 0.1000000000000000056, 0.8000000000000023759 ) ) ;
#1840 = DIRECTION ( 'NONE',  ( 3.801253388124705825E-15, 0.000000000000000000, 1.000000000000000000 ) ) ;
#1841 = VECTOR ( 'NONE', #372, 1000.000000000000000 ) ;
#1842 = MECHANICAL_DESIGN_GEOMETRIC_PRESENTATION_REPRESENTATION (  '', ( #463 ), #949 ) ;
#1843 = AXIS2_PLACEMENT_3D ( 'NONE', #4870, #2975, #2501 ) ;
#1844 = CARTESIAN_POINT ( 'NONE',  ( 1.149999999999997025, 0.1000000000000000056, -0.8000000000000037081 ) ) ;
#1845 = DIRECTION ( 'NONE',  ( -0.000000000000000000, 1.000000000000000000, -0.000000000000000000 ) ) ;
#1846 = CARTESIAN_POINT ( 'NONE',  ( -1.003561853682088723, 0.2300000000000001210, -1.086599498416574328 ) ) ;
#1847 = VERTEX_POINT ( 'NONE', #209 ) ;
#1848 = CIRCLE ( 'NONE', #3783, 0.04999999999999991257 ) ;
#1849 = VERTEX_POINT ( 'NONE', #3322 ) ;
#1850 = DIRECTION ( 'NONE',  ( 1.000000000000000000, 0.000000000000000000, 0.000000000000000000 ) ) ;
#1851 = AXIS2_PLACEMENT_3D ( 'NONE', #4128, #4891, #1006 ) ;
#1852 = CARTESIAN_POINT ( 'NONE',  ( -0.7999999999999992673, 0.1000000000000000056, 0.1500000000000027423 ) ) ;
#1853 = DIRECTION ( 'NONE',  ( 1.000000000000000000, -0.000000000000000000, -3.491481338843133355E-15 ) ) ;
#1854 = CARTESIAN_POINT ( 'NONE',  ( 1.044948974278321785, 0.1300000000000000044, 1.049999999999996270 ) ) ;
#1855 = DIRECTION ( 'NONE',  ( -3.491481338843133355E-15, 0.000000000000000000, -1.000000000000000000 ) ) ;
#1856 = VECTOR ( 'NONE', #4395, 1000.000000000000000 ) ;
#1857 = EDGE_CURVE ( 'NONE', #2406, #937, #3718, .T. ) ;
#1858 = CIRCLE ( 'NONE', #3648, 0.2500000000000000000 ) ;
#1859 = ORIENTED_EDGE ( 'NONE', *, *, #243, .T. ) ;
#1860 = VERTEX_POINT ( 'NONE', #2936 ) ;
#1861 = DIRECTION ( 'NONE',  ( 1.000000000000000000, 0.000000000000000000, -3.491481338843133355E-15 ) ) ;
#1862 = CARTESIAN_POINT ( 'NONE',  ( -1.150000000000001465, 0.000000000000000000, -0.4999999999999953371 ) ) ;
#1863 = CARTESIAN_POINT ( 'NONE',  ( -1.030000000000004245, 0.1300000000000000044, -1.149999999999996581 ) ) ;
#1864 = CARTESIAN_POINT ( 'NONE',  ( 0.8000000000000031530, 0.7499999999999997780, 0.8499999999999974243 ) ) ;
#1865 = ORIENTED_EDGE ( 'NONE', *, *, #446, .F. ) ;
#1866 = FACE_OUTER_BOUND ( 'NONE', #4286, .T. ) ;
#1867 = EDGE_CURVE ( 'NONE', #4518, #76, #2705, .T. ) ;
#1868 = FACE_OUTER_BOUND ( 'NONE', #4688, .T. ) ;
#1869 = CARTESIAN_POINT ( 'NONE',  ( 0.8000000000000025979, 0.1000000000000000056, 0.7999999999999972689 ) ) ;
#1870 = DIRECTION ( 'NONE',  ( 3.491481338843133355E-15, -0.000000000000000000, 1.000000000000000000 ) ) ;
#1871 = ORIENTED_EDGE ( 'NONE', *, *, #4635, .F. ) ;
#1872 = VERTEX_POINT ( 'NONE', #2981 ) ;
#1873 = B_SPLINE_CURVE_WITH_KNOTS ( 'NONE', 3,
 ( #2679, #4172, #3030, #4220 ),
 .UNSPECIFIED., .F., .F.,
 ( 4, 4 ),
 ( 2.185279341460844539E-19, 0.0002474874620873806315 ),
 .UNSPECIFIED. ) ;
#1874 =( NAMED_UNIT ( * ) PLANE_ANGLE_UNIT ( ) SI_UNIT ( $, .RADIAN. ) );
#1875 = ADVANCED_FACE ( 'NONE', ( #3007 ), #2558, .F. ) ;
#1876 = EDGE_CURVE ( 'NONE', #2594, #1815, #4231, .T. ) ;
#1877 = CARTESIAN_POINT ( 'NONE',  ( 0.7999999999999966027, 0.2507106781186556610, -1.100000000000001865 ) ) ;
#1878 = EDGE_CURVE ( 'NONE', #1174, #3628, #1788, .T. ) ;
#1879 = DIRECTION ( 'NONE',  ( -3.801253388124706614E-15, 0.000000000000000000, -1.000000000000000000 ) ) ;
#1880 = FACE_OUTER_BOUND ( 'NONE', #4248, .T. ) ;
#1881 = EDGE_CURVE ( 'NONE', #3352, #2819, #4876, .T. ) ;
#1882 = DIRECTION ( 'NONE',  ( 3.491481338843133355E-15, 0.000000000000000000, 1.000000000000000000 ) ) ;
#1883 = AXIS2_PLACEMENT_3D ( 'NONE', #3941, #3169, #90 ) ;
#1884 = VERTEX_POINT ( 'NONE', #4925 ) ;
#1885 = CLOSED_SHELL ( 'NONE', ( #4942, #4493, #3884, #3088, #2142, #382 ) ) ;
#1886 = EDGE_CURVE ( 'NONE', #1960, #3793, #4546, .T. ) ;
#1887 = ADVANCED_FACE ( 'NONE', ( #567 ), #3436, .F. ) ;
#1888 = ORIENTED_EDGE ( 'NONE', *, *, #1443, .T. ) ;
#1889 = CARTESIAN_POINT ( 'NONE',  ( -1.064270121133414460, 0.2299999999999999822, 1.030862378215502195 ) ) ;
#1890 = CARTESIAN_POINT ( 'NONE',  ( 0.9999999999999974465, 0.7499999999999988898, -0.8000000000000029310 ) ) ;
#1891 = CARTESIAN_POINT ( 'NONE',  ( 1.149999999999999689, 0.000000000000000000, -4.015203539669602570E-15 ) ) ;
#1892 = CARTESIAN_POINT ( 'NONE',  ( -0.9610464578786996892, 0.1299999999999996991, 1.050000000000003375 ) ) ;
#1893 = VECTOR ( 'NONE', #518, 1000.000000000000000 ) ;
#1894 = ORIENTED_EDGE ( 'NONE', *, *, #1260, .T. ) ;
#1895 = COLOUR_RGB ( '',0.9686274509803921573, 0.8784313725490195957, 0.5999999999999999778 ) ;
#1896 = DIRECTION ( 'NONE',  ( -1.000000000000000000, 0.000000000000000000, 2.871937240279988021E-15 ) ) ;
#1897 = VECTOR ( 'NONE', #3380, 1000.000000000000000 ) ;
#1898 = FACE_OUTER_BOUND ( 'NONE', #3717, .T. ) ;
#1899 = CARTESIAN_POINT ( 'NONE',  ( -0.7999999999999957145, 0.1000000000000000056, 1.150000000000001910 ) ) ;
#1900 = DIRECTION ( 'NONE',  ( -3.369016658928398207E-15, -0.000000000000000000, -1.000000000000000000 ) ) ;
#1901 = CARTESIAN_POINT ( 'NONE',  ( -1.108234432236724132, 0.2300000000000000655, -0.9728385119356274258 ) ) ;
#1902 = ORIENTED_EDGE ( 'NONE', *, *, #4460, .F. ) ;
#1903 = ORIENTED_EDGE ( 'NONE', *, *, #4359, .F. ) ;
#1904 = LINE ( 'NONE', #1583, #4994 ) ;
#1905 =( LENGTH_UNIT ( ) NAMED_UNIT ( * ) SI_UNIT ( .MILLI., .METRE. ) );
#1906 = DIRECTION ( 'NONE',  ( -3.491481338843133355E-15, 0.000000000000000000, -1.000000000000000000 ) ) ;
#1907 = DIRECTION ( 'NONE',  ( 1.000000000000000000, 0.000000000000000000, -3.627006610403821410E-15 ) ) ;
#1908 = ORIENTED_EDGE ( 'NONE', *, *, #3253, .F. ) ;
#1909 = ORIENTED_EDGE ( 'NONE', *, *, #1499, .T. ) ;
#1910 = LINE ( 'NONE', #1138, #4078 ) ;
#1911 = FACE_OUTER_BOUND ( 'NONE', #4006, .T. ) ;
#1912 = DIRECTION ( 'NONE',  ( -3.491481338843133355E-15, 0.000000000000000000, -1.000000000000000000 ) ) ;
#1913 = ORIENTED_EDGE ( 'NONE', *, *, #2110, .F. ) ;
#1914 = DIRECTION ( 'NONE',  ( -1.000000000000000000, 0.000000000000000000, 3.491481338843133355E-15 ) ) ;
#1915 =( BOUNDED_SURFACE ( )  B_SPLINE_SURFACE ( 3, 3, ( 
 ( #2704, #1163, #4672, #4647 ),
 ( #2369, #32, #6, #2425 ),
 ( #3080, #762, #3851, #4241 ),
 ( #4621, #1140, #3877, #4697 ) ),
 .UNSPECIFIED., .F., .F., .F. ) 
 B_SPLINE_SURFACE_WITH_KNOTS ( ( 4, 4 ),
 ( 4, 4 ),
 ( 0.000000000000000000, 1.000000000000000000 ),
 ( 0.000000000000000000, 1.000000000000000000 ),
 .UNSPECIFIED. ) 
 GEOMETRIC_REPRESENTATION_ITEM ( )  RATIONAL_B_SPLINE_SURFACE ( (
 ( 1.000000000000000000, 0.8047378541243639383, 0.8047378541243639383, 1.000000000000000000),
 ( 0.8047378541243588312, 0.6476030138606819753, 0.6476030138606819753, 0.8047378541243588312),
 ( 0.8047378541243588312, 0.6476030138606819753, 0.6476030138606819753, 0.8047378541243588312),
 ( 1.000000000000000000, 0.8047378541243639383, 0.8047378541243639383, 1.000000000000000000) ) ) 
 REPRESENTATION_ITEM ( '' )  SURFACE ( )  );
#1916 = DIRECTION ( 'NONE',  ( -0.000000000000000000, 1.000000000000000000, -0.000000000000000000 ) ) ;
#1917 = LINE ( 'NONE', #3089, #4355 ) ;
#1918 = FACE_OUTER_BOUND ( 'NONE', #4701, .T. ) ;
#1919 = DIRECTION ( 'NONE',  ( -1.000000000000000000, 2.096124200138639171E-14, 3.614007241618343643E-15 ) ) ;
#1920 = ORIENTED_EDGE ( 'NONE', *, *, #2949, .F. ) ;
#1921 = ORIENTED_EDGE ( 'NONE', *, *, #3058, .T. ) ;
#1922 = MECHANICAL_DESIGN_GEOMETRIC_PRESENTATION_REPRESENTATION (  '', ( #621 ), #2821 ) ;
#1923 = CARTESIAN_POINT ( 'NONE',  ( 1.150000000000004130, 0.1300000000000000044, 1.029999999999995364 ) ) ;
#1924 = CIRCLE ( 'NONE', #3858, 0.1199999999999999956 ) ;
#1925 = VERTEX_POINT ( 'NONE', #3106 ) ;
#1926 = DIRECTION ( 'NONE',  ( 1.000000000000000000, 0.000000000000000000, -3.614007241618347587E-15 ) ) ;
#1927 = FACE_OUTER_BOUND ( 'NONE', #3291, .T. ) ;
#1928 = LINE ( 'NONE', #4301, #3376 ) ;
#1929 = VECTOR ( 'NONE', #4933, 1000.000000000000000 ) ;
#1930 = DIRECTION ( 'NONE',  ( 4.111025437406279084E-15, 0.000000000000000000, 1.000000000000000000 ) ) ;
#1931 = ORIENTED_EDGE ( 'NONE', *, *, #1284, .F. ) ;
#1932 = VECTOR ( 'NONE', #2919, 1000.000000000000000 ) ;
#1933 =( NAMED_UNIT ( * ) PLANE_ANGLE_UNIT ( ) SI_UNIT ( $, .RADIAN. ) );
#1934 = DIRECTION ( 'NONE',  ( 3.491481338843133355E-15, -0.000000000000000000, 1.000000000000000000 ) ) ;
#1935 = DIRECTION ( 'NONE',  ( -0.000000000000000000, -1.000000000000000000, -0.000000000000000000 ) ) ;
#1936 = LINE ( 'NONE', #4993, #1445 ) ;
#1937 = ORIENTED_EDGE ( 'NONE', *, *, #1241, .T. ) ;
#1938 = AXIS2_PLACEMENT_3D ( 'NONE', #2729, #3559, #4262 ) ;
#1939 = CARTESIAN_POINT ( 'NONE',  ( -1.030000000000003801, 0.2300000000000000100, -1.029999999999996696 ) ) ;
#1940 = ORIENTED_EDGE ( 'NONE', *, *, #1559, .T. ) ;
#1941 = EDGE_CURVE ( 'NONE', #3010, #1872, #4, .T. ) ;
#1942 = ADVANCED_FACE ( 'NONE', ( #1542 ), #4619, .F. ) ;
#1943 = EDGE_CURVE ( 'NONE', #373, #1995, #2727, .T. ) ;
#1944 = CARTESIAN_POINT ( 'NONE',  ( 0.7999999999999963807, 0.2299999999999999545, -1.150000000000002798 ) ) ;
#1945 = CARTESIAN_POINT ( 'NONE',  ( 0.8000000000000025979, 0.1000000000000000056, 0.7999999999999972689 ) ) ;
#1946 = DIRECTION ( 'NONE',  ( 1.000000000000000000, 0.000000000000000000, -3.801253388124706614E-15 ) ) ;
#1947 = ORIENTED_EDGE ( 'NONE', *, *, #514, .T. ) ;
#1948 = EDGE_CURVE ( 'NONE', #1999, #2803, #1910, .T. ) ;
#1949 = ORIENTED_EDGE ( 'NONE', *, *, #604, .F. ) ;
#1950 = LINE ( 'NONE', #1560, #3714 ) ;
#1951 = CARTESIAN_POINT ( 'NONE',  ( 0.9513657228807924637, 0.2300000000000000655, 1.115755018388781439 ) ) ;
#1952 = FILL_AREA_STYLE_COLOUR ( '', #2983 ) ;
#1953 = CARTESIAN_POINT ( 'NONE',  ( 0.7999999999999949374, 0.2800000000000011924, -1.100000000000003197 ) ) ;
#1954 = CYLINDRICAL_SURFACE ( 'NONE', #289, 0.1499999999999999667 ) ;
#1955 = LINE ( 'NONE', #3502, #220 ) ;
#1956 = VERTEX_POINT ( 'NONE', #2275 ) ;
#1957 = PLANE ( 'NONE',  #4154 ) ;
#1958 = FACE_OUTER_BOUND ( 'NONE', #3657, .T. ) ;
#1959 = DIRECTION ( 'NONE',  ( 4.111025437406278295E-15, 0.000000000000000000, 1.000000000000000000 ) ) ;
#1960 = VERTEX_POINT ( 'NONE', #2343 ) ;
#1961 = VECTOR ( 'NONE', #1280, 1000.000000000000000 ) ;
#1962 = CLOSED_SHELL ( 'NONE', ( #2029, #3085, #1293, #4724, #3565, #2476 ) ) ;
#1963 = LINE ( 'NONE', #1545, #4044 ) ;
#1964 = ORIENTED_EDGE ( 'NONE', *, *, #2353, .T. ) ;
#1965 = LINE ( 'NONE', #738, #544 ) ;
#1966 = VECTOR ( 'NONE', #1019, 1000.000000000000000 ) ;
#1967 = CIRCLE ( 'NONE', #4804, 0.1499999999999999667 ) ;
#1968 = CARTESIAN_POINT ( 'NONE',  ( 0.7999999999999974909, 5.111269837220810075, -0.8000000000000029310 ) ) ;
#1969 = CARTESIAN_POINT ( 'NONE',  ( 0.7999999999999991562, 0.1000000000000000056, -0.1500000000000027423 ) ) ;
#1970 = PLANE ( 'NONE',  #4960 ) ;
#1971 = CARTESIAN_POINT ( 'NONE',  ( -0.8000000000000015987, 0.000000000000000000, -0.4999999999999965583 ) ) ;
#1972 = ORIENTED_EDGE ( 'NONE', *, *, #1350, .F. ) ;
#1973 = EDGE_LOOP ( 'NONE', ( #3806, #4494, #4815, #2238 ) ) ;
#1974 = VECTOR ( 'NONE', #124, 1000.000000000000000 ) ;
#1975 = AXIS2_PLACEMENT_3D ( 'NONE', #329, #1494, #4596 ) ;
#1976 = EDGE_CURVE ( 'NONE', #3238, #1125, #328, .T. ) ;
#1977 = FACE_OUTER_BOUND ( 'NONE', #2438, .T. ) ;
#1978 = CARTESIAN_POINT ( 'NONE',  ( 0.8000000000000041522, 0.2299999999999998990, 1.149999999999997247 ) ) ;
#1979 = CARTESIAN_POINT ( 'NONE',  ( 0.7999999999999958256, 0.1000000000000000056, -1.150000000000002798 ) ) ;
#1980 = CARTESIAN_POINT ( 'NONE',  ( -1.149999999999998135, 0.000000000000000000, 0.5000000000000037748 ) ) ;
#1981 = DIRECTION ( 'NONE',  ( 3.491481338843133355E-15, -0.000000000000000000, 1.000000000000000000 ) ) ;
#1982 = ORIENTED_EDGE ( 'NONE', *, *, #2633, .F. ) ;
#1983 = LINE ( 'NONE', #2855, #264 ) ;
#1984 = CARTESIAN_POINT ( 'NONE',  ( 0.8000000000000041522, 0.2299999999999998990, 1.149999999999997247 ) ) ;
#1985 = DIRECTION ( 'NONE',  ( -1.000000000000000000, 0.000000000000000000, 3.614007241618345221E-15 ) ) ;
#1986 = ORIENTED_EDGE ( 'NONE', *, *, #664, .T. ) ;
#1987 = CARTESIAN_POINT ( 'NONE',  ( 0.8000000000000024869, 0.000000000000000000, 0.7999999999999972689 ) ) ;
#1988 = ORIENTED_EDGE ( 'NONE', *, *, #4733, .T. ) ;
#1989 = CARTESIAN_POINT ( 'NONE',  ( -0.7999999999999979350, 0.1000000000000000056, 0.5000000000000024425 ) ) ;
#1990 = CARTESIAN_POINT ( 'NONE',  ( 0.9757359312880747870, 0.8964466094067268243, 1.099999999999995648 ) ) ;
#1991 = LINE ( 'NONE', #3544, #2099 ) ;
#1992 = CIRCLE ( 'NONE', #2649, 0.1499999999999999667 ) ;
#1993 = LINE ( 'NONE', #361, #1475 ) ;
#1994 = CARTESIAN_POINT ( 'NONE',  ( 0.8000000000000037081, 0.7500000000000032196, 0.9999999999999974465 ) ) ;
#1995 = VERTEX_POINT ( 'NONE', #2248 ) ;
#1996 = VERTEX_POINT ( 'NONE', #1890 ) ;
#1997 = VECTOR ( 'NONE', #1460, 1000.000000000000000 ) ;
#1998 = DIRECTION ( 'NONE',  ( 1.000000000000000000, 0.000000000000000000, -3.491481338843133355E-15 ) ) ;
#1999 = VERTEX_POINT ( 'NONE', #4973 ) ;
#2000 = ORIENTED_EDGE ( 'NONE', *, *, #4264, .F. ) ;
#2001 = DIRECTION ( 'NONE',  ( 0.000000000000000000, 1.000000000000000000, 0.000000000000000000 ) ) ;
#2002 = EDGE_CURVE ( 'NONE', #3334, #4027, #2702, .T. ) ;
#2003 = VECTOR ( 'NONE', #3284, 1000.000000000000000 ) ;
#2004 = DIRECTION ( 'NONE',  ( -1.000000000000000000, -0.000000000000000000, 3.491481338843133355E-15 ) ) ;
#2005 = EDGE_LOOP ( 'NONE', ( #569, #549, #2579, #4834 ) ) ;
#2006 = SURFACE_STYLE_USAGE ( .BOTH. , #1619 ) ;
#2007 = LINE ( 'NONE', #4695, #2135 ) ;
#2008 = DIRECTION ( 'NONE',  ( 3.702006032529638986E-15, -0.000000000000000000, 1.000000000000000000 ) ) ;
#2009 = CARTESIAN_POINT ( 'NONE',  ( -1.029999999999996252, 0.2300000000000000100, 1.030000000000003357 ) ) ;
#2010 = AXIS2_PLACEMENT_3D ( 'NONE', #2486, #2841, #4783 ) ;
#2011 = EDGE_LOOP ( 'NONE', ( #3579, #1908, #4651, #3948 ) ) ;
#2012 = VECTOR ( 'NONE', #1044, 1000.000000000000000 ) ;
#2013 = B_SPLINE_CURVE_WITH_KNOTS ( 'NONE', 3,
 ( #3779, #3077, #4188, #3484, #1469, #1889, #1448, #2247, #3848, #2319, #3408, #3802, #3831 ),
 .UNSPECIFIED., .F., .F.,
 ( 4, 2, 2, 1, 2, 2, 4 ),
 ( 0.000000000000000000, 0.2500000000000003886, 0.5000000000000007772, 0.6250000000000002220, 0.6875000000000002220, 0.7500000000000001110, 1.000000000000000000 ),
 .UNSPECIFIED. ) ;
#2014 = CARTESIAN_POINT ( 'NONE',  ( 0.9757359312880747870, 0.2507106781186555500, 1.099999999999995870 ) ) ;
#2015 = EDGE_LOOP ( 'NONE', ( #4385, #3735, #2068, #1262 ) ) ;
#2016 = FACE_OUTER_BOUND ( 'NONE', #1641, .T. ) ;
#2017 = AXIS2_PLACEMENT_3D ( 'NONE', #2559, #4829, #1685 ) ;
#2018 = CARTESIAN_POINT ( 'NONE',  ( -1.099999999999997424, 0.8964466094067260471, 0.8000000000000045963 ) ) ;
#2019 = CARTESIAN_POINT ( 'NONE',  ( 1.149999999999999245, 0.000000000000000000, -0.1500000000000037415 ) ) ;
#2020 = AXIS2_PLACEMENT_3D ( 'NONE', #537, #2475, #3206 ) ;
#2021 = FACE_OUTER_BOUND ( 'NONE', #3245, .T. ) ;
#2022 = CARTESIAN_POINT ( 'NONE',  ( 0.8000000000000034861, 0.8999999999999999112, 0.9378679656440315204 ) ) ;
#2023 = ORIENTED_EDGE ( 'NONE', *, *, #290, .F. ) ;
#2024 = ORIENTED_EDGE ( 'NONE', *, *, #609, .F. ) ;
#2025 = PLANE ( 'NONE',  #3635 ) ;
#2026 = CARTESIAN_POINT ( 'NONE',  ( -0.8292893218813488510, 0.9999999999999998890, -0.8499999999999973133 ) ) ;
#2027 = EDGE_LOOP ( 'NONE', ( #4525, #773, #4467, #2641 ) ) ;
#2028 = DIRECTION ( 'NONE',  ( -0.000000000000000000, -1.000000000000000000, 0.000000000000000000 ) ) ;
#2029 = ADVANCED_FACE ( 'NONE', ( #1493 ), #4239, .T. ) ;
#2030 = EDGE_CURVE ( 'NONE', #3841, #3672, #4959, .T. ) ;
#2031 = DIRECTION ( 'NONE',  ( 0.000000000000000000, -1.000000000000000000, 0.000000000000000000 ) ) ;
#2032 = EDGE_LOOP ( 'NONE', ( #3509, #812 ) ) ;
#2033 = EDGE_CURVE ( 'NONE', #3628, #76, #420, .T. ) ;
#2034 = DIRECTION ( 'NONE',  ( 3.469446951953614189E-15, 0.000000000000000000, 1.000000000000000000 ) ) ;
#2035 = FILL_AREA_STYLE_COLOUR ( '', #4107 ) ;
#2036 = CARTESIAN_POINT ( 'NONE',  ( 1.049999999999997158, 0.1681966011250106141, -0.8000000000000032641 ) ) ;
#2037 = CARTESIAN_POINT ( 'NONE',  ( 0.7999999999999940492, 0.8999999999999999112, -0.9378679656440387369 ) ) ;
#2038 = VERTEX_POINT ( 'NONE', #760 ) ;
#2039 = ADVANCED_FACE ( 'NONE', ( #404 ), #1957, .F. ) ;
#2040 = EDGE_CURVE ( 'NONE', #4242, #3334, #353, .T. ) ;
#2041 = EDGE_CURVE ( 'NONE', #1401, #3081, #3454, .T. ) ;
#2042 = EDGE_LOOP ( 'NONE', ( #893, #4995, #395, #1903 ) ) ;
#2043 = FACE_OUTER_BOUND ( 'NONE', #3161, .T. ) ;
#2044 = ORIENTED_EDGE ( 'NONE', *, *, #758, .T. ) ;
#2045 = CARTESIAN_POINT ( 'NONE',  ( -0.7999999999999961586, 0.8964466094067260471, 1.100000000000003197 ) ) ;
#2046 = AXIS2_PLACEMENT_3D ( 'NONE', #3839, #4981, #4607 ) ;
#2047 = CARTESIAN_POINT ( 'NONE',  ( 0.7999999999999991562, 0.000000000000000000, -0.1500000000000027423 ) ) ;
#2048 = VECTOR ( 'NONE', #3418, 1000.000000000000000 ) ;
#2049 = CYLINDRICAL_SURFACE ( 'NONE', #997, 0.1499999999999999667 ) ;
#2050 = CARTESIAN_POINT ( 'NONE',  ( 1.000000000000002887, 5.111269837220810075, 0.7999999999999969358 ) ) ;
#2051 = ORIENTED_EDGE ( 'NONE', *, *, #2537, .T. ) ;
#2052 = ORIENTED_EDGE ( 'NONE', *, *, #240, .T. ) ;
#2053 = VECTOR ( 'NONE', #3364, 1000.000000000000000 ) ;
#2054 = VECTOR ( 'NONE', #4404, 1000.000000000000000 ) ;
#2055 = FACE_BOUND ( 'NONE', #2389, .T. ) ;
#2056 = CARTESIAN_POINT ( 'NONE',  ( 1.029999999999996252, 0.2300000000000000100, -1.030000000000003801 ) ) ;
#2057 = ORIENTED_EDGE ( 'NONE', *, *, #1857, .T. ) ;
#2058 = COLOUR_RGB ( '',0.9686274509803921573, 0.8784313725490195957, 0.5999999999999999778 ) ;
#2059 = DIRECTION ( 'NONE',  ( 0.000000000000000000, 1.000000000000000000, 0.000000000000000000 ) ) ;
#2060 = DIRECTION ( 'NONE',  ( -1.000000000000000000, 0.000000000000000000, 2.871937240279988021E-15 ) ) ;
#2061 = ORIENTED_EDGE ( 'NONE', *, *, #2194, .T. ) ;
#2062 = FILL_AREA_STYLE_COLOUR ( '', #2058 ) ;
#2063 = LINE ( 'NONE', #78, #2878 ) ;
#2064 = DIRECTION ( 'NONE',  ( -3.355956067282445301E-15, -0.000000000000000000, -1.000000000000000000 ) ) ;
#2065 = LINE ( 'NONE', #3641, #46 ) ;
#2066 = ORIENTED_EDGE ( 'NONE', *, *, #2540, .F. ) ;
#2067 = CARTESIAN_POINT ( 'NONE',  ( -0.8000000000000041522, 0.2800000000000015810, -1.099999999999997202 ) ) ;
#2068 = ORIENTED_EDGE ( 'NONE', *, *, #1857, .F. ) ;
#2069 = CYLINDRICAL_SURFACE ( 'NONE', #2457, 0.1499999999999999667 ) ;
#2070 = DIRECTION ( 'NONE',  ( 1.000000000000000000, 0.000000000000000000, -4.111025437406278295E-15 ) ) ;
#2071 = EDGE_LOOP ( 'NONE', ( #141, #642, #3496, #2051 ) ) ;
#2072 = LINE ( 'NONE', #2402, #1282 ) ;
#2073 = PLANE ( 'NONE',  #2664 ) ;
#2074 = CARTESIAN_POINT ( 'NONE',  ( 1.149999999999996358, 0.2300000000000000100, -1.030000000000003579 ) ) ;
#2075 = DIRECTION ( 'NONE',  ( 0.000000000000000000, 1.000000000000000000, 0.000000000000000000 ) ) ;
#2076 = ORIENTED_EDGE ( 'NONE', *, *, #4421, .T. ) ;
#2077 = ORIENTED_EDGE ( 'NONE', *, *, #3377, .F. ) ;
#2078 = DIRECTION ( 'NONE',  ( -1.000000000000000000, 0.000000000000000000, 3.491481338843133355E-15 ) ) ;
#2079 = CARTESIAN_POINT ( 'NONE',  ( -0.8292893218813425227, 0.8999999999999998002, 0.8500000000000033085 ) ) ;
#2080 = EDGE_LOOP ( 'NONE', ( #4046, #765, #1446, #2374 ) ) ;
#2081 =( BOUNDED_SURFACE ( )  B_SPLINE_SURFACE ( 3, 3, ( 
 ( #42, #2026, #2798, #1584 ),
 ( #1207, #4326, #2542, #4084 ),
 ( #576, #935, #1722, #3631 ),
 ( #1386, #599, #218, #146 ) ),
 .UNSPECIFIED., .F., .F., .T. ) 
 B_SPLINE_SURFACE_WITH_KNOTS ( ( 4, 4 ),
 ( 4, 4 ),
 ( 0.000000000000000000, 1.000000000000000000 ),
 ( 0.000000000000000000, 1.000000000000000000 ),
 .UNSPECIFIED. ) 
 GEOMETRIC_REPRESENTATION_ITEM ( )  RATIONAL_B_SPLINE_SURFACE ( (
 ( 1.000000000000000000, 0.8047378541243647154, 0.8047378541243647154, 1.000000000000000000),
 ( 0.8047378541243649375, 0.6476030138606875264, 0.6476030138606875264, 0.8047378541243649375),
 ( 0.8047378541243649375, 0.6476030138606875264, 0.6476030138606875264, 0.8047378541243649375),
 ( 1.000000000000000000, 0.8047378541243647154, 0.8047378541243647154, 1.000000000000000000) ) ) 
 REPRESENTATION_ITEM ( '' )  SURFACE ( )  );
#2082 = DIRECTION ( 'NONE',  ( -1.000000000000000000, 0.000000000000000000, 3.491481338843133355E-15 ) ) ;
#2083 = VECTOR ( 'NONE', #3921, 1000.000000000000000 ) ;
#2084 = CARTESIAN_POINT ( 'NONE',  ( 1.149999999999996136, 0.2300000000000000100, -1.030000000000003579 ) ) ;
#2085 = EDGE_LOOP ( 'NONE', ( #2916, #2441, #676, #530 ) ) ;
#2086 = ADVANCED_FACE ( 'NONE', ( #4951 ), #2652, .F. ) ;
#2087 = CARTESIAN_POINT ( 'NONE',  ( 0.8500000000000000888, 0.9000000000000001332, -2.967759138016663352E-15 ) ) ;
#2088 = CARTESIAN_POINT ( 'NONE',  ( 0.8000000000000014877, 0.000000000000000000, 0.4999999999999971689 ) ) ;
#2089 = LINE ( 'NONE', #835, #2138 ) ;
#2090 = DIRECTION ( 'NONE',  ( -0.000000000000000000, -1.000000000000000000, 0.000000000000000000 ) ) ;
#2091 = VECTOR ( 'NONE', #4538, 1000.000000000000000 ) ;
#2092 = B_SPLINE_CURVE_WITH_KNOTS ( 'NONE', 3,
 ( #2825, #3578, #1673, #2421 ),
 .UNSPECIFIED., .F., .F.,
 ( 4, 4 ),
 ( 2.185279341460844539E-19, 0.0002474874620873819325 ),
 .UNSPECIFIED. ) ;
#2093 = CARTESIAN_POINT ( 'NONE',  ( 1.150000000000000133, 0.000000000000000000, 0.1499999999999961919 ) ) ;
#2094 = VECTOR ( 'NONE', #3308, 1000.000000000000000 ) ;
#2095 = ORIENTED_EDGE ( 'NONE', *, *, #3465, .T. ) ;
#2096 = CARTESIAN_POINT ( 'NONE',  ( 1.150000000000000133, 0.1000000000000000056, 0.1499999999999961642 ) ) ;
#2097 = CARTESIAN_POINT ( 'NONE',  ( -0.7999999999999957145, 0.1000000000000000056, 1.150000000000001910 ) ) ;
#2098 = ORIENTED_EDGE ( 'NONE', *, *, #4264, .T. ) ;
#2099 = VECTOR ( 'NONE', #4319, 1000.000000000000000 ) ;
#2100 = EDGE_CURVE ( 'NONE', #4630, #3232, #4570, .T. ) ;
#2101 = FACE_OUTER_BOUND ( 'NONE', #1541, .T. ) ;
#2102 = ADVANCED_FACE ( 'NONE', ( #3849 ), #1088, .F. ) ;
#2103 = DIRECTION ( 'NONE',  ( 1.000000000000000000, 0.000000000000000000, -3.491481338843133355E-15 ) ) ;
#2104 = CARTESIAN_POINT ( 'NONE',  ( -1.149999999999997025, 0.000000000000000000, 0.8000000000000037081 ) ) ;
#2105 = EDGE_CURVE ( 'NONE', #4088, #2847, #1648, .T. ) ;
#2106 = DIRECTION ( 'NONE',  ( -0.000000000000000000, -1.000000000000000000, -0.000000000000000000 ) ) ;
#2107 = ORIENTED_EDGE ( 'NONE', *, *, #3087, .F. ) ;
#2108 = ORIENTED_EDGE ( 'NONE', *, *, #4137, .F. ) ;
#2109 = VECTOR ( 'NONE', #4425, 1000.000000000000000 ) ;
#2110 = EDGE_CURVE ( 'NONE', #147, #1345, #2376, .T. ) ;
#2111 = DIRECTION ( 'NONE',  ( 1.000000000000000000, 0.000000000000000000, -3.491481338843133355E-15 ) ) ;
#2112 = CARTESIAN_POINT ( 'NONE',  ( 1.151413695764969658, 0.1300066619336573970, -0.8000000000000017097 ) ) ;
#2113 = EDGE_LOOP ( 'NONE', ( #4173, #902, #4535, #2121 ) ) ;
#2114 = VERTEX_POINT ( 'NONE', #4389 ) ;
#2115 = LINE ( 'NONE', #1726, #3460 ) ;
#2116 = DIRECTION ( 'NONE',  ( -1.000000000000000000, -0.000000000000000000, 3.491481338843133355E-15 ) ) ;
#2117 = ORIENTED_EDGE ( 'NONE', *, *, #1816, .T. ) ;
#2118 = FILL_AREA_STYLE_COLOUR ( '', #3227 ) ;
#2119 = LINE ( 'NONE', #3664, #4164 ) ;
#2120 = FACE_OUTER_BOUND ( 'NONE', #2292, .T. ) ;
#2121 = ORIENTED_EDGE ( 'NONE', *, *, #4867, .T. ) ;
#2122 = LINE ( 'NONE', #1355, #98 ) ;
#2123 = CARTESIAN_POINT ( 'NONE',  ( -1.050000000000003819, 0.1300000000000000044, -1.029999999999995808 ) ) ;
#2124 = EDGE_LOOP ( 'NONE', ( #1474, #4116, #4013, #2758 ) ) ;
#2125 = DIRECTION ( 'NONE',  ( 1.000000000000000000, 0.000000000000000000, -4.336808689942025625E-15 ) ) ;
#2126 = CARTESIAN_POINT ( 'NONE',  ( -1.000000000000003553, 0.2800000000000033573, -0.7999999999999966027 ) ) ;
#2127 = CARTESIAN_POINT ( 'NONE',  ( -0.8000000000000002665, 0.1000000000000000056, -0.1499999999999969413 ) ) ;
#2128 = VERTEX_POINT ( 'NONE', #3158 ) ;
#2129 = CARTESIAN_POINT ( 'NONE',  ( 0.9999999999999954481, 0.1914739966757354472, -0.8000000000000023759 ) ) ;
#2130 = ORIENTED_EDGE ( 'NONE', *, *, #3094, .T. ) ;
#2131 = EDGE_LOOP ( 'NONE', ( #3548, #1785, #4373, #2839, #1871, #2463 ) ) ;
#2132 = LINE ( 'NONE', #850, #3853 ) ;
#2133 = VECTOR ( 'NONE', #661, 1000.000000000000000 ) ;
#2134 = AXIS2_PLACEMENT_3D ( 'NONE', #1607, #62, #392 ) ;
#2135 = VECTOR ( 'NONE', #3609, 1000.000000000000000 ) ;
#2136 = LINE ( 'NONE', #3689, #4676 ) ;
#2137 = ORIENTED_EDGE ( 'NONE', *, *, #1411, .T. ) ;
#2138 = VECTOR ( 'NONE', #4747, 1000.000000000000000 ) ;
#2139 = CARTESIAN_POINT ( 'NONE',  ( 1.049999999999996270, 0.1300000000000000044, -1.030000000000003135 ) ) ;
#2140 = CARTESIAN_POINT ( 'NONE',  ( 3.840629472727448269E-15, 0.7500000000000000000, 1.100000000000000311 ) ) ;
#2141 = LINE ( 'NONE', #1678, #301 ) ;
#2142 = ADVANCED_FACE ( 'NONE', ( #3179 ), #916, .F. ) ;
#2143 = EDGE_LOOP ( 'NONE', ( #4762, #3973, #4928, #2724 ) ) ;
#2144 = DIRECTION ( 'NONE',  ( 1.000000000000000000, -0.000000000000000000, -3.491481338843133355E-15 ) ) ;
#2145 = VERTEX_POINT ( 'NONE', #1676 ) ;
#2146 = LINE ( 'NONE', #2531, #908 ) ;
#2147 = DIRECTION ( 'NONE',  ( 3.491481338843133355E-15, 0.000000000000000000, 1.000000000000000000 ) ) ;
#2148 = EDGE_CURVE ( 'NONE', #3081, #4247, #2007, .T. ) ;
#2149 = EDGE_LOOP ( 'NONE', ( #327, #3451, #612, #17 ) ) ;
#2150 = EDGE_CURVE ( 'NONE', #1797, #1724, #1265, .T. ) ;
#2151 = DIRECTION ( 'NONE',  ( 1.000000000000000000, -0.000000000000000000, -3.801253388124705825E-15 ) ) ;
#2152 = CARTESIAN_POINT ( 'NONE',  ( -0.7999999999999957145, 0.1000000000000000056, 1.150000000000001910 ) ) ;
#2153 = EDGE_CURVE ( 'NONE', #1205, #4648, #806, .T. ) ;
#2154 = LINE ( 'NONE', #3349, #786 ) ;
#2155 = FACE_OUTER_BOUND ( 'NONE', #3757, .T. ) ;
#2156 = ORIENTED_EDGE ( 'NONE', *, *, #3614, .F. ) ;
#2157 = ORIENTED_EDGE ( 'NONE', *, *, #982, .F. ) ;
#2158 = SURFACE_SIDE_STYLE ('',( #4536 ) ) ;
#2159 = LINE ( 'NONE', #3709, #1101 ) ;
#2160 = ORIENTED_EDGE ( 'NONE', *, *, #754, .F. ) ;
#2161 = EDGE_CURVE ( 'NONE', #3147, #4990, #1213, .T. ) ;
#2162 = EDGE_CURVE ( 'NONE', #1459, #4711, #3262, .T. ) ;
#2163 = CARTESIAN_POINT ( 'NONE',  ( 0.4999999999999907851, 0.1000000000000000056, -0.9750000000000018652 ) ) ;
#2164 = FACE_OUTER_BOUND ( 'NONE', #1483, .T. ) ;
#2165 = EDGE_CURVE ( 'NONE', #3193, #1401, #2385, .T. ) ;
#2166 = CARTESIAN_POINT ( 'NONE',  ( 0.7999999999999962697, 0.2799999999999998601, -1.150000000000002798 ) ) ;
#2167 = ORIENTED_EDGE ( 'NONE', *, *, #2239, .T. ) ;
#2168 = EDGE_CURVE ( 'NONE', #501, #4186, #509, .T. ) ;
#2169 = DIRECTION ( 'NONE',  ( -0.000000000000000000, -1.000000000000000000, 0.000000000000000000 ) ) ;
#2170 = ORIENTED_EDGE ( 'NONE', *, *, #3511, .T. ) ;
#2171 = CARTESIAN_POINT ( 'NONE',  ( -0.8000000000000015987, 0.1000000000000000056, -0.4999999999999966693 ) ) ;
#2172 = LINE ( 'NONE', #1356, #4450 ) ;
#2173 = VECTOR ( 'NONE', #2609, 1000.000000000000000 ) ;
#2174 = ORIENTED_EDGE ( 'NONE', *, *, #1323, .T. ) ;
#2175 = AXIS2_PLACEMENT_3D ( 'NONE', #346, #4249, #3526 ) ;
#2176 = CARTESIAN_POINT ( 'NONE',  ( -0.9999999999999976685, 0.7499999999999977796, 0.8000000000000038192 ) ) ;
#2177 = FACE_OUTER_BOUND ( 'NONE', #2202, .T. ) ;
#2178 = EDGE_CURVE ( 'NONE', #3232, #4727, #3557, .T. ) ;
#2179 = AXIS2_PLACEMENT_3D ( 'NONE', #870, #2812, #2458 ) ;
#2180 = DIRECTION ( 'NONE',  ( 0.000000000000000000, 1.000000000000000000, 0.000000000000000000 ) ) ;
#2181 = CIRCLE ( 'NONE', #2833, 0.1000000000000001027 ) ;
#2182 = CARTESIAN_POINT ( 'NONE',  ( 1.150000000000003908, 0.000000000000000000, 1.149999999999996136 ) ) ;
#2183 = VERTEX_POINT ( 'NONE', #3234 ) ;
#2184 = ORIENTED_EDGE ( 'NONE', *, *, #1043, .F. ) ;
#2185 = AXIS2_PLACEMENT_3D ( 'NONE', #689, #4953, #4975 ) ;
#2186 = CARTESIAN_POINT ( 'NONE',  ( 1.099999999999995426, 0.2507106781186556055, -0.9757359312880747870 ) ) ;
#2187 = ORIENTED_EDGE ( 'NONE', *, *, #453, .T. ) ;
#2188 = VECTOR ( 'NONE', #3312, 1000.000000000000000 ) ;
#2189 = SURFACE_STYLE_FILL_AREA ( #2551 ) ;
#2190 = LINE ( 'NONE', #1442, #2229 ) ;
#2191 = CARTESIAN_POINT ( 'NONE',  ( 0.7999999999999903855, 0.8964466094067260471, -1.100000000000002753 ) ) ;
#2192 = ADVANCED_FACE ( 'NONE', ( #2447 ), #3986, .F. ) ;
#2193 = EDGE_CURVE ( 'NONE', #2844, #4272, #4333, .T. ) ;
#2194 = EDGE_CURVE ( 'NONE', #147, #1252, #512, .T. ) ;
#2195 = EDGE_CURVE ( 'NONE', #991, #4063, #2063, .T. ) ;
#2196 = ORIENTED_EDGE ( 'NONE', *, *, #1886, .T. ) ;
#2197 = SURFACE_STYLE_FILL_AREA ( #1017 ) ;
#2198 = ORIENTED_EDGE ( 'NONE', *, *, #3086, .T. ) ;
#2199 = DIRECTION ( 'NONE',  ( -3.491481338843133355E-15, -0.000000000000000000, -1.000000000000000000 ) ) ;
#2200 = DIRECTION ( 'NONE',  ( -1.000000000000000000, 0.000000000000000000, 3.614007241618349954E-15 ) ) ;
#2201 = LINE ( 'NONE', #1404, #793 ) ;
#2202 = EDGE_LOOP ( 'NONE', ( #4710, #826, #2608, #4457 ) ) ;
#2203 = EDGE_CURVE ( 'NONE', #1659, #2803, #1983, .T. ) ;
#2204 = EDGE_CURVE ( 'NONE', #174, #3222, #834, .T. ) ;
#2205 = SURFACE_STYLE_USAGE ( .BOTH. , #4811 ) ;
#2206 = CARTESIAN_POINT ( 'NONE',  ( 0.7999999999999967137, 0.1681966011250103643, -1.050000000000002931 ) ) ;
#2207 = B_SPLINE_CURVE_WITH_KNOTS ( 'NONE', 3,
 ( #2678, #3455, #4992, #3079 ),
 .UNSPECIFIED., .F., .F.,
 ( 4, 4 ),
 ( 0.000000000000000000, 0.0002474874620873810109 ),
 .UNSPECIFIED. ) ;
#2208 = DIRECTION ( 'NONE',  ( 0.000000000000000000, -1.000000000000000000, 0.000000000000000000 ) ) ;
#2209 = CARTESIAN_POINT ( 'NONE',  ( -1.029999999999996252, 0.2300000000000000100, 1.030000000000003357 ) ) ;
#2210 = ORIENTED_EDGE ( 'NONE', *, *, #3404, .F. ) ;
#2211 = EDGE_LOOP ( 'NONE', ( #1126, #707, #4017, #1012 ) ) ;
#2212 = CIRCLE ( 'NONE', #4074, 0.1500000000000001887 ) ;
#2213 = MANIFOLD_SOLID_BREP ( 'Boss-Extrude4[7]', #4798 ) ;
#2214 = LINE ( 'NONE', #2619, #2420 ) ;
#2215 = VECTOR ( 'NONE', #1380, 1000.000000000000000 ) ;
#2216 = DIRECTION ( 'NONE',  ( 3.491481338843133355E-15, -0.000000000000000000, 1.000000000000000000 ) ) ;
#2217 = CARTESIAN_POINT ( 'NONE',  ( 0.9757359312880647950, 0.7499999999999998890, -1.100000000000006972 ) ) ;
#2218 =( BOUNDED_SURFACE ( )  B_SPLINE_SURFACE ( 3, 3, ( 
 ( #673, #3703, #4103, #1748 ),
 ( #1052, #4531, #2611, #2924 ),
 ( #3302, #4863, #2590, #4156 ),
 ( #3332, #3747, #2234, #4837 ) ),
 .UNSPECIFIED., .F., .F., .F. ) 
 B_SPLINE_SURFACE_WITH_KNOTS ( ( 4, 4 ),
 ( 4, 4 ),
 ( 0.000000000000000000, 1.000000000000000000 ),
 ( 0.000000000000000000, 1.000000000000000000 ),
 .UNSPECIFIED. ) 
 GEOMETRIC_REPRESENTATION_ITEM ( )  RATIONAL_B_SPLINE_SURFACE ( (
 ( 1.000000000000000000, 0.8047378541243648264, 0.8047378541243648264, 1.000000000000000000),
 ( 0.8047378541243578320, 0.6476030138606818642, 0.6476030138606818642, 0.8047378541243578320),
 ( 0.8047378541243578320, 0.6476030138606818642, 0.6476030138606818642, 0.8047378541243578320),
 ( 1.000000000000000000, 0.8047378541243648264, 0.8047378541243648264, 1.000000000000000000) ) ) 
 REPRESENTATION_ITEM ( '' )  SURFACE ( )  );
#2219 = CIRCLE ( 'NONE', #4080, 0.1000000000000001582 ) ;
#2220 = VERTEX_POINT ( 'NONE', #4799 ) ;
#2221 = MANIFOLD_SOLID_BREP ( 'Boss-Extrude4[4]', #667 ) ;
#2222 = CARTESIAN_POINT ( 'NONE',  ( 0.8500000000000029754, 0.9999999999999998890, 0.8292893218813425227 ) ) ;
#2223 = ORIENTED_EDGE ( 'NONE', *, *, #1286, .F. ) ;
#2224 = DIRECTION ( 'NONE',  ( -3.614007241618349165E-15, 0.000000000000000000, -1.000000000000000000 ) ) ;
#2225 = DIRECTION ( 'NONE',  ( 3.491481338843133355E-15, 0.000000000000000000, 1.000000000000000000 ) ) ;
#2226 = CARTESIAN_POINT ( 'NONE',  ( 1.249999999999994227, 0.1300000000000000044, -4.364351673553896184E-15 ) ) ;
#2227 = DIRECTION ( 'NONE',  ( 1.000000000000000000, 0.000000000000000000, -3.307784318971030239E-15 ) ) ;
#2228 = VECTOR ( 'NONE', #4309, 1000.000000000000000 ) ;
#2229 = VECTOR ( 'NONE', #2216, 1000.000000000000000 ) ;
#2230 = EDGE_LOOP ( 'NONE', ( #2871, #2650, #1508, #1859 ) ) ;
#2231 = CARTESIAN_POINT ( 'NONE',  ( 0.7999999999999947153, 5.111269837220810075, -1.000000000000002887 ) ) ;
#2232 = DIRECTION ( 'NONE',  ( 1.000000000000000000, -0.000000000000000000, -3.491481338843133355E-15 ) ) ;
#2233 = PRODUCT_RELATED_PRODUCT_CATEGORY ( 'part', '', ( #2279 ) ) ;
#2234 = CARTESIAN_POINT ( 'NONE',  ( -1.100000000000004308, 0.2800000000000016365, -0.9757359312880676816 ) ) ;
#2235 = CARTESIAN_POINT ( 'NONE',  ( -0.7999999999999974909, 0.2800000000000015810, 0.8000000000000031530 ) ) ;
#2236 = CARTESIAN_POINT ( 'NONE',  ( -1.142617378506984638, 0.2300000000000000100, -0.8848277847576755395 ) ) ;
#2237 = ORIENTED_EDGE ( 'NONE', *, *, #4482, .F. ) ;
#2238 = ORIENTED_EDGE ( 'NONE', *, *, #3523, .T. ) ;
#2239 = EDGE_CURVE ( 'NONE', #4274, #3432, #3663, .T. ) ;
#2240 = CARTESIAN_POINT ( 'NONE',  ( 0.7999999999999962697, 0.2299999999999998712, -1.150000000000002576 ) ) ;
#2241 = LINE ( 'NONE', #1537, #2091 ) ;
#2242 = CARTESIAN_POINT ( 'NONE',  ( 1.150000000000003908, 0.1000000000000000056, 1.149999999999996136 ) ) ;
#2243 = DIRECTION ( 'NONE',  ( 3.627006610403821410E-15, 0.000000000000000000, 1.000000000000000000 ) ) ;
#2244 = EDGE_CURVE ( 'NONE', #999, #76, #3358, .T. ) ;
#2245 = VERTEX_POINT ( 'NONE', #3287 ) ;
#2246 = ORIENTED_EDGE ( 'NONE', *, *, #1038, .T. ) ;
#2247 = CARTESIAN_POINT ( 'NONE',  ( -1.104661759258706244, 0.2300000000000000100, 0.9727167815480521895 ) ) ;
#2248 = CARTESIAN_POINT ( 'NONE',  ( -0.8000000000000038192, 0.000000000000000000, -1.149999999999996358 ) ) ;
#2249 = PLANE ( 'NONE',  #2291 ) ;
#2250 = FACE_OUTER_BOUND ( 'NONE', #4486, .T. ) ;
#2251 = PRESENTATION_LAYER_ASSIGNMENT (  '', '', ( #1581 ) ) ;
#2252 = VERTEX_POINT ( 'NONE', #4089 ) ;
#2253 = CYLINDRICAL_SURFACE ( 'NONE', #1198, 0.04999999999999991257 ) ;
#2254 = EDGE_CURVE ( 'NONE', #1999, #2913, #1324, .T. ) ;
#2255 = ADVANCED_FACE ( 'NONE', ( #607 ), #4490, .F. ) ;
#2256 = VECTOR ( 'NONE', #3154, 1000.000000000000000 ) ;
#2257 = EDGE_CURVE ( 'NONE', #3279, #4396, #2908, .T. ) ;
#2258 = EDGE_CURVE ( 'NONE', #932, #4059, #1395, .T. ) ;
#2259 = CARTESIAN_POINT ( 'NONE',  ( 1.115755018388776554, 0.2300000000000001210, -0.9513657228808002353 ) ) ;
#2260 = LINE ( 'NONE', #3748, #4634 ) ;
#2261 = LINE ( 'NONE', #1457, #1719 ) ;
#2262 = ORIENTED_EDGE ( 'NONE', *, *, #968, .F. ) ;
#2263 = AXIS2_PLACEMENT_3D ( 'NONE', #1026, #2988, #291 ) ;
#2264 = ORIENTED_EDGE ( 'NONE', *, *, #645, .F. ) ;
#2265 = EDGE_CURVE ( 'NONE', #2495, #4272, #2657, .T. ) ;
#2266 = MECHANICAL_DESIGN_GEOMETRIC_PRESENTATION_REPRESENTATION (  '', ( #4526 ), #1518 ) ;
#2267 = CARTESIAN_POINT ( 'NONE',  ( 1.005025253169412824, 0.2299999999999998712, -1.150000000000003242 ) ) ;
#2268 = CARTESIAN_POINT ( 'NONE',  ( 0.8000000000000003775, 0.1000000000000000056, 0.1499999999999972744 ) ) ;
#2269 = CARTESIAN_POINT ( 'NONE',  ( 2.967759138016664141E-15, 0.7500000000000000000, 0.8500000000000003109 ) ) ;
#2270 = VECTOR ( 'NONE', #160, 1000.000000000000000 ) ;
#2271 = VECTOR ( 'NONE', #3486, 1000.000000000000000 ) ;
#2272 = ORIENTED_EDGE ( 'NONE', *, *, #4889, .F. ) ;
#2273 = EDGE_LOOP ( 'NONE', ( #1204, #543, #1064, #3133 ) ) ;
#2274 = PRESENTATION_STYLE_ASSIGNMENT (( #3435 ) ) ;
#2275 = CARTESIAN_POINT ( 'NONE',  ( -0.7999999999999974909, 1.000000000000000000, 0.8500000000000030864 ) ) ;
#2276 = PLANE ( 'NONE',  #2880 ) ;
#2277 = DIRECTION ( 'NONE',  ( 0.000000000000000000, 1.000000000000000000, 0.000000000000000000 ) ) ;
#2278 = EDGE_LOOP ( 'NONE', ( #4406, #2675, #2883, #2293 ) ) ;
#2279 = PRODUCT ( 'BME280', 'BME280', '', ( #4507 ) ) ;
#2280 = DIRECTION ( 'NONE',  ( -3.491481338843133355E-15, 0.000000000000000000, -1.000000000000000000 ) ) ;
#2281 = DIRECTION ( 'NONE',  ( 1.000000000000000000, 0.000000000000000000, -3.355956067282445695E-15 ) ) ;
#2282 = FACE_OUTER_BOUND ( 'NONE', #2085, .T. ) ;
#2283 = DIRECTION ( 'NONE',  ( 0.000000000000000000, -1.000000000000000000, 0.000000000000000000 ) ) ;
#2284 = CARTESIAN_POINT ( 'NONE',  ( -1.150000000000001465, 0.1000000000000000056, -0.4999999999999953371 ) ) ;
#2285 = ORIENTED_EDGE ( 'NONE', *, *, #2524, .F. ) ;
#2286 = ORIENTED_EDGE ( 'NONE', *, *, #447, .T. ) ;
#2287 = DIRECTION ( 'NONE',  ( -3.181709289561560491E-15, -0.000000000000000000, -1.000000000000000000 ) ) ;
#2288 = DIRECTION ( 'NONE',  ( 1.000000000000000000, 0.000000000000000000, -4.111025437406278295E-15 ) ) ;
#2289 = CARTESIAN_POINT ( 'NONE',  ( 0.7999999999999969358, 0.1000000000000000056, -0.8000000000000027089 ) ) ;
#2290 = DIRECTION ( 'NONE',  ( -3.801253388124706614E-15, 0.000000000000000000, -1.000000000000000000 ) ) ;
#2291 = AXIS2_PLACEMENT_3D ( 'NONE', #1450, #2605, #3652 ) ;
#2292 = EDGE_LOOP ( 'NONE', ( #1627, #4139, #3683, #617 ) ) ;
#2293 = ORIENTED_EDGE ( 'NONE', *, *, #2254, .F. ) ;
#2294 =( LENGTH_UNIT ( ) NAMED_UNIT ( * ) SI_UNIT ( .MILLI., .METRE. ) );
#2295 = DIRECTION ( 'NONE',  ( -3.355956067282445301E-15, 0.000000000000000000, -1.000000000000000000 ) ) ;
#2296 = DIRECTION ( 'NONE',  ( 3.491481338843133355E-15, -0.000000000000000000, 1.000000000000000000 ) ) ;
#2297 = CARTESIAN_POINT ( 'NONE',  ( -0.8832085319182411132, 0.1681966011250106974, 1.050000000000002931 ) ) ;
#2298 = ORIENTED_EDGE ( 'NONE', *, *, #602, .T. ) ;
#2299 = PRESENTATION_LAYER_ASSIGNMENT (  '', '', ( #4479 ) ) ;
#2300 = CARTESIAN_POINT ( 'NONE',  ( 1.149999999999997025, 0.000000000000000000, -0.8000000000000037081 ) ) ;
#2301 = EDGE_CURVE ( 'NONE', #657, #1252, #583, .T. ) ;
#2302 = CARTESIAN_POINT ( 'NONE',  ( 0.5999999999999909850, 0.1000000000000000056, -0.9750000000000021982 ) ) ;
#2303 = CARTESIAN_POINT ( 'NONE',  ( 0.5999999999999908740, 0.000000000000000000, -0.9750000000000021982 ) ) ;
#2304 = CARTESIAN_POINT ( 'NONE',  ( -1.150000000000003908, 0.1000000000000000056, -1.149999999999994804 ) ) ;
#2305 = CARTESIAN_POINT ( 'NONE',  ( -1.149999999999999245, 0.1000000000000000056, 0.1500000000000040468 ) ) ;
#2306 = ORIENTED_EDGE ( 'NONE', *, *, #3086, .F. ) ;
#2307 = ORIENTED_EDGE ( 'NONE', *, *, #2787, .T. ) ;
#2308 = EDGE_CURVE ( 'NONE', #3841, #4858, #2621, .T. ) ;
#2309 = MANIFOLD_SOLID_BREP ( 'Cut-Extrude1', #1467 ) ;
#2310 = FACE_OUTER_BOUND ( 'NONE', #2544, .T. ) ;
#2311 = CARTESIAN_POINT ( 'NONE',  ( -0.9539983479848354042, 0.1291723363603945463, 1.062891624136447888 ) ) ;
#2312 = CARTESIAN_POINT ( 'NONE',  ( 0.8000000000000042633, 0.2799999999999998601, 1.149999999999997469 ) ) ;
#2313 = LINE ( 'NONE', #1158, #3307 ) ;
#2314 = ADVANCED_FACE ( 'NONE', ( #2669 ), #3021, .F. ) ;
#2315 = EDGE_CURVE ( 'NONE', #2183, #3390, #2416, .T. ) ;
#2316 = DIRECTION ( 'NONE',  ( 1.000000000000000000, 0.000000000000000000, -3.801253388124705825E-15 ) ) ;
#2317 = EDGE_LOOP ( 'NONE', ( #2768, #2972, #3575, #1295 ) ) ;
#2318 = EDGE_CURVE ( 'NONE', #3616, #1724, #2241, .T. ) ;
#2319 = CARTESIAN_POINT ( 'NONE',  ( -1.121330222933822229, 0.2299999999999999545, 0.9390431872924166479 ) ) ;
#2320 = DIRECTION ( 'NONE',  ( 3.491481338843133355E-15, 0.000000000000000000, 1.000000000000000000 ) ) ;
#2321 = DIRECTION ( 'NONE',  ( -1.000000000000000000, -0.000000000000000000, 2.871937240279988021E-15 ) ) ;
#2322 = CARTESIAN_POINT ( 'NONE',  ( -1.149999999999999245, 0.000000000000000000, 0.1500000000000040745 ) ) ;
#2323 = ORIENTED_EDGE ( 'NONE', *, *, #1127, .T. ) ;
#2324 = UNCERTAINTY_MEASURE_WITH_UNIT (LENGTH_MEASURE( 1.000000000000000082E-05 ), #3441, 'distance_accuracy_value', 'NONE');
#2325 = ADVANCED_FACE ( 'NONE', ( #3070 ), #3324, .T. ) ;
#2326 = DIRECTION ( 'NONE',  ( -1.000000000000000000, 0.000000000000000000, 3.614007241618347587E-15 ) ) ;
#2327 = ORIENTED_EDGE ( 'NONE', *, *, #735, .F. ) ;
#2328 = VECTOR ( 'NONE', #2001, 1000.000000000000000 ) ;
#2329 = EDGE_CURVE ( 'NONE', #2220, #3727, #3098, .T. ) ;
#2330 = DIRECTION ( 'NONE',  ( -1.000000000000000000, 0.000000000000000000, 4.111025437406278295E-15 ) ) ;
#2331 = DIRECTION ( 'NONE',  ( 1.000000000000000000, 0.000000000000000000, -3.252606517456510147E-15 ) ) ;
#2332 = CARTESIAN_POINT ( 'NONE',  ( -1.150000000000003242, 0.2300000000000000100, -0.8439535588689774936 ) ) ;
#2333 = ORIENTED_EDGE ( 'NONE', *, *, #1558, .T. ) ;
#2334 = EDGE_LOOP ( 'NONE', ( #2198, #2196, #659, #1414 ) ) ;
#2335 = COLOUR_RGB ( '',0.7921568627450980005, 0.8196078431372548767, 0.9333333333333333481 ) ;
#2336 = CARTESIAN_POINT ( 'NONE',  ( 1.062891624136447444, 0.1291723363603947961, 0.9539983479848355152 ) ) ;
#2337 = EDGE_LOOP ( 'NONE', ( #1598, #729, #3318, #721 ) ) ;
#2338 = LINE ( 'NONE', #5013, #4797 ) ;
#2339 = CARTESIAN_POINT ( 'NONE',  ( 1.150000000000002576, 0.1000000000000000056, 0.7999999999999961586 ) ) ;
#2340 = AXIS2_PLACEMENT_3D ( 'NONE', #619, #3764, #670 ) ;
#2341 = CARTESIAN_POINT ( 'NONE',  ( 1.745740669421567467E-15, 0.000000000000000000, 0.5000000000000002220 ) ) ;
#2342 = ORIENTED_EDGE ( 'NONE', *, *, #1943, .T. ) ;
#2343 = CARTESIAN_POINT ( 'NONE',  ( -1.049999999999996936, 0.1681966011250107251, 0.8000000000000040412 ) ) ;
#2344 = LINE ( 'NONE', #4646, #4480 ) ;
#2345 = ADVANCED_FACE ( 'NONE', ( #4181 ), #3843, .F. ) ;
#2346 = LINE ( 'NONE', #4722, #2923 ) ;
#2347 = ORIENTED_EDGE ( 'NONE', *, *, #1881, .F. ) ;
#2348 = ADVANCED_FACE ( 'NONE', ( #1156 ), #3868, .F. ) ;
#2349 = VECTOR ( 'NONE', #3294, 1000.000000000000000 ) ;
#2350 = FACE_OUTER_BOUND ( 'NONE', #397, .T. ) ;
#2351 = EDGE_LOOP ( 'NONE', ( #4376, #3893, #1310, #1375 ) ) ;
#2352 = DIRECTION ( 'NONE',  ( 0.000000000000000000, 1.000000000000000000, 0.000000000000000000 ) ) ;
#2353 = EDGE_CURVE ( 'NONE', #3857, #1872, #4916, .T. ) ;
#2354 = LINE ( 'NONE', #4979, #2912 ) ;
#2355 = CARTESIAN_POINT ( 'NONE',  ( 0.8500000000000029754, 0.8999999999999998002, 0.8292893218813425227 ) ) ;
#2356 = CARTESIAN_POINT ( 'NONE',  ( 1.000000000000002887, 0.7500000000000032196, 0.7999999999999969358 ) ) ;
#2357 = ORIENTED_EDGE ( 'NONE', *, *, #3984, .T. ) ;
#2358 = ORIENTED_EDGE ( 'NONE', *, *, #4733, .F. ) ;
#2359 = MANIFOLD_SOLID_BREP ( 'Boss-Extrude4[8]', #4303 ) ;
#2360 = CARTESIAN_POINT ( 'NONE',  ( 0.8000000000000039302, 0.1291723363603947683, 1.062891624136441227 ) ) ;
#2361 = CARTESIAN_POINT ( 'NONE',  ( 1.080737363814874730, 0.2299999999999999822, 1.013921877979039765 ) ) ;
#2362 = LINE ( 'NONE', #4662, #1393 ) ;
#2363 = FACE_OUTER_BOUND ( 'NONE', #3882, .T. ) ;
#2364 = CARTESIAN_POINT ( 'NONE',  ( 0.8284245181110733158, 1.000000000000000000, -0.8496829852707361574 ) ) ;
#2365 = ORIENTED_EDGE ( 'NONE', *, *, #499, .F. ) ;
#2366 = LINE ( 'NONE', #2827, #3188 ) ;
#2367 = CARTESIAN_POINT ( 'NONE',  ( 1.050000000000003819, 0.1300000000000000044, 1.044948974278313569 ) ) ;
#2368 = CARTESIAN_POINT ( 'NONE',  ( -0.8499999999999972022, 0.8999999999999998002, 0.8292893218813488510 ) ) ;
#2369 = CARTESIAN_POINT ( 'NONE',  ( -1.120710678118650883, 0.2300000000000001210, 0.8000000000000043743 ) ) ;
#2370 = ORIENTED_EDGE ( 'NONE', *, *, #4126, .T. ) ;
#2371 = VECTOR ( 'NONE', #3861, 1000.000000000000000 ) ;
#2372 = AXIS2_PLACEMENT_3D ( 'NONE', #2235, #1845, #4934 ) ;
#2373 = DIRECTION ( 'NONE',  ( 0.000000000000000000, -1.000000000000000000, 0.000000000000000000 ) ) ;
#2374 = ORIENTED_EDGE ( 'NONE', *, *, #2673, .T. ) ;
#2375 = DIRECTION ( 'NONE',  ( -3.369016658928398207E-15, -0.000000000000000000, -1.000000000000000000 ) ) ;
#2376 = CIRCLE ( 'NONE', #181, 0.1499999999999999667 ) ;
#2377 = VECTOR ( 'NONE', #3838, 1000.000000000000000 ) ;
#2378 = PRESENTATION_LAYER_ASSIGNMENT (  '', '', ( #828 ) ) ;
#2379 = CARTESIAN_POINT ( 'NONE',  ( 1.100000000000002975, 0.7500000000000015543, 0.7999999999999966027 ) ) ;
#2380 = DIRECTION ( 'NONE',  ( -1.000000000000000000, 0.000000000000000000, 2.871937240279988021E-15 ) ) ;
#2381 = DIRECTION ( 'NONE',  ( -3.491481338843131778E-15, 0.000000000000000000, -1.000000000000000000 ) ) ;
#2382 = FACE_OUTER_BOUND ( 'NONE', #3047, .T. ) ;
#2383 = VERTEX_POINT ( 'NONE', #4661 ) ;
#2384 = EDGE_LOOP ( 'NONE', ( #2323, #2567, #4608, #4315 ) ) ;
#2385 = CIRCLE ( 'NONE', #189, 0.1499999999999999667 ) ;
#2386 = CIRCLE ( 'NONE', #2046, 0.1499999999999999667 ) ;
#2387 = CARTESIAN_POINT ( 'NONE',  ( 0.9999999999999998890, 0.1914739966757366407, 0.7999999999999967137 ) ) ;
#2388 = B_SPLINE_CURVE_WITH_KNOTS ( 'NONE', 3,
 ( #4660, #2745, #2767, #4277, #2361, #848, #4637, #3196, #1951, #423, #69, #2414, #1978 ),
 .UNSPECIFIED., .F., .F.,
 ( 4, 2, 2, 1, 2, 2, 4 ),
 ( 0.000000000000000000, 0.2500000000000003886, 0.5000000000000007772, 0.6250000000000005551, 0.6875000000000004441, 0.7500000000000002220, 1.000000000000000000 ),
 .UNSPECIFIED. ) ;
#2389 = EDGE_LOOP ( 'NONE', ( #2327, #4506, #2764, #3612 ) ) ;
#2390 = EDGE_LOOP ( 'NONE', ( #2615, #342, #3862, #4228 ) ) ;
#2391 = FACE_OUTER_BOUND ( 'NONE', #219, .T. ) ;
#2392 = FACE_OUTER_BOUND ( 'NONE', #4616, .T. ) ;
#2393 = ORIENTED_EDGE ( 'NONE', *, *, #3601, .T. ) ;
#2394 = DIRECTION ( 'NONE',  ( -1.000000000000000000, 0.000000000000000000, 2.871937240279987626E-15 ) ) ;
#2395 = DIRECTION ( 'NONE',  ( -1.000000000000000000, 0.000000000000000000, 3.614007241618349165E-15 ) ) ;
#2396 = CARTESIAN_POINT ( 'NONE',  ( -0.7999999999999992673, 0.000000000000000000, 0.1500000000000027423 ) ) ;
#2397 = FACE_OUTER_BOUND ( 'NONE', #4436, .T. ) ;
#2398 = ORIENTED_EDGE ( 'NONE', *, *, #3525, .F. ) ;
#2399 = CARTESIAN_POINT ( 'NONE',  ( 0.8000000000000041522, 0.2299999999999998712, 1.149999999999997469 ) ) ;
#2400 = ORIENTED_EDGE ( 'NONE', *, *, #978, .F. ) ;
#2401 = LINE ( 'NONE', #3540, #996 ) ;
#2402 = CARTESIAN_POINT ( 'NONE',  ( -1.149999999999999689, 0.000000000000000000, 4.015203539669602570E-15 ) ) ;
#2403 = PLANE ( 'NONE',  #4273 ) ;
#2404 = DIRECTION ( 'NONE',  ( -1.000000000000000000, 0.000000000000000000, 3.491481338843133355E-15 ) ) ;
#2405 = CARTESIAN_POINT ( 'NONE',  ( 0.8500000000000027534, 0.8999999999999998002, 0.7999999999999973799 ) ) ;
#2406 = VERTEX_POINT ( 'NONE', #2658 ) ;
#2407 = EDGE_CURVE ( 'NONE', #2114, #722, #1117, .T. ) ;
#2408 = ORIENTED_EDGE ( 'NONE', *, *, #4040, .F. ) ;
#2409 = EDGE_CURVE ( 'NONE', #4559, #2183, #10, .T. ) ;
#2410 = EDGE_CURVE ( 'NONE', #2935, #4693, #1965, .T. ) ;
#2411 = VECTOR ( 'NONE', #4234, 1000.000000000000000 ) ;
#2412 = EDGE_CURVE ( 'NONE', #3942, #932, #1547, .T. ) ;
#2413 = DIRECTION ( 'NONE',  ( -4.111025437406279084E-15, 0.000000000000000000, -1.000000000000000000 ) ) ;
#2414 = CARTESIAN_POINT ( 'NONE',  ( 0.8450486097814178255, 0.2300000000000000377, 1.149999999999997247 ) ) ;
#2415 = EDGE_LOOP ( 'NONE', ( #3576, #4086, #1099, #2393 ) ) ;
#2416 = CIRCLE ( 'NONE', #1182, 0.3000000000000000444 ) ;
#2417 = CARTESIAN_POINT ( 'NONE',  ( -0.8274134121841462131, 1.000000000000000000, -0.8496942619956464604 ) ) ;
#2418 = ADVANCED_FACE ( 'NONE', ( #3114 ), #3134, .F. ) ;
#2419 = ADVANCED_FACE ( 'NONE', ( #1168 ), #4956, .F. ) ;
#2420 = VECTOR ( 'NONE', #1461, 1000.000000000000000 ) ;
#2421 = CARTESIAN_POINT ( 'NONE',  ( 1.049999999999997158, 0.1681966011250106141, -0.8000000000000032641 ) ) ;
#2422 = ORIENTED_EDGE ( 'NONE', *, *, #5000, .T. ) ;
#2423 = DIRECTION ( 'NONE',  ( 0.000000000000000000, 1.000000000000000000, 0.000000000000000000 ) ) ;
#2424 = DIRECTION ( 'NONE',  ( 1.000000000000000000, 0.000000000000000000, -3.491481338843133355E-15 ) ) ;
#2425 = CARTESIAN_POINT ( 'NONE',  ( -0.7999999999999950484, 0.2300000000000001210, 1.120710678118656878 ) ) ;
#2426 = VECTOR ( 'NONE', #2790, 1000.000000000000000 ) ;
#2427 = VECTOR ( 'NONE', #157, 1000.000000000000000 ) ;
#2428 = CARTESIAN_POINT ( 'NONE',  ( -1.150000000000003908, 0.000000000000000000, -1.149999999999994804 ) ) ;
#2429 = EDGE_LOOP ( 'NONE', ( #2952, #352, #1831, #4796 ) ) ;
#2430 = CARTESIAN_POINT ( 'NONE',  ( 0.01199999999999640070, 0.5000000000000000000, 0.6250000000000045519 ) ) ;
#2431 = AXIS2_PLACEMENT_3D ( 'NONE', #1763, #4073, #4097 ) ;
#2432 = VERTEX_POINT ( 'NONE', #3464 ) ;
#2433 = CARTESIAN_POINT ( 'NONE',  ( -0.8000000000000030420, 0.9000000000000000222, -0.8499999999999973133 ) ) ;
#2434 = CARTESIAN_POINT ( 'NONE',  ( 1.149999999999998135, 0.000000000000000000, -0.5000000000000037748 ) ) ;
#2435 = AXIS2_PLACEMENT_3D ( 'NONE', #1650, #4369, #2449 ) ;
#2436 = DIRECTION ( 'NONE',  ( 0.000000000000000000, 1.000000000000000000, 0.000000000000000000 ) ) ;
#2437 = CARTESIAN_POINT ( 'NONE',  ( -1.149999999999997025, 0.000000000000000000, 0.8000000000000037081 ) ) ;
#2438 = EDGE_LOOP ( 'NONE', ( #1391, #797, #1913, #2061, #444, #3827 ) ) ;
#2439 = ORIENTED_EDGE ( 'NONE', *, *, #513, .T. ) ;
#2440 = PLANE ( 'NONE',  #628 ) ;
#2441 = ORIENTED_EDGE ( 'NONE', *, *, #2690, .F. ) ;
#2442 = ORIENTED_EDGE ( 'NONE', *, *, #3967, .T. ) ;
#2443 = DIRECTION ( 'NONE',  ( -0.000000000000000000, 1.000000000000000000, -0.000000000000000000 ) ) ;
#2444 = DIRECTION ( 'NONE',  ( -3.491481338843133355E-15, 0.000000000000000000, -1.000000000000000000 ) ) ;
#2445 = EDGE_LOOP ( 'NONE', ( #827, #2984, #3929, #3494 ) ) ;
#2446 =( NAMED_UNIT ( * ) PLANE_ANGLE_UNIT ( ) SI_UNIT ( $, .RADIAN. ) );
#2447 = FACE_OUTER_BOUND ( 'NONE', #1554, .T. ) ;
#2448 = DIRECTION ( 'NONE',  ( -1.000000000000000000, -0.000000000000000000, 4.111025437406278295E-15 ) ) ;
#2449 = DIRECTION ( 'NONE',  ( -1.000000000000000000, 0.000000000000000000, 2.871937240279988021E-15 ) ) ;
#2450 = EDGE_LOOP ( 'NONE', ( #4964, #4949, #127, #540 ) ) ;
#2451 = CARTESIAN_POINT ( 'NONE',  ( 0.7999999999999956035, 0.9000000000000001332, -0.8500000000000028644 ) ) ;
#2452 = ORIENTED_EDGE ( 'NONE', *, *, #4092, .F. ) ;
#2453 = FACE_OUTER_BOUND ( 'NONE', #5011, .T. ) ;
#2454 = DIRECTION ( 'NONE',  ( 4.111025437406278295E-15, 0.000000000000000000, 1.000000000000000000 ) ) ;
#2455 = ORIENTED_EDGE ( 'NONE', *, *, #800, .F. ) ;
#2456 = DIRECTION ( 'NONE',  ( -0.000000000000000000, 1.000000000000000000, -0.000000000000000000 ) ) ;
#2457 = AXIS2_PLACEMENT_3D ( 'NONE', #3242, #1303, #4397 ) ;
#2458 = DIRECTION ( 'NONE',  ( -1.000000000000000000, 0.000000000000000000, 3.614007241618348376E-15 ) ) ;
#2459 = VECTOR ( 'NONE', #2876, 1000.000000000000000 ) ;
#2460 = CARTESIAN_POINT ( 'NONE',  ( -1.149999999999997025, 0.1000000000000000056, 0.8000000000000037081 ) ) ;
#2461 = DIRECTION ( 'NONE',  ( 1.000000000000000000, -0.000000000000000000, -3.491481338843133355E-15 ) ) ;
#2462 = EDGE_LOOP ( 'NONE', ( #1377, #3731, #363, #3784 ) ) ;
#2463 = ORIENTED_EDGE ( 'NONE', *, *, #1592, .T. ) ;
#2464 = AXIS2_PLACEMENT_3D ( 'NONE', #403, #1110, #1861 ) ;
#2465 = DIRECTION ( 'NONE',  ( 3.614007241618349165E-15, 0.000000000000000000, 1.000000000000000000 ) ) ;
#2466 = LINE ( 'NONE', #168, #3897 ) ;
#2467 = ORIENTED_EDGE ( 'NONE', *, *, #3223, .F. ) ;
#2468 = VECTOR ( 'NONE', #2622, 1000.000000000000000 ) ;
#2469 = CARTESIAN_POINT ( 'NONE',  ( -1.150000000000001465, 0.1000000000000000056, -0.4999999999999953371 ) ) ;
#2470 = CARTESIAN_POINT ( 'NONE',  ( 0.7999999999999974909, 5.111269837220810075, -0.8000000000000029310 ) ) ;
#2471 = VERTEX_POINT ( 'NONE', #3515 ) ;
#2472 = CARTESIAN_POINT ( 'NONE',  ( -0.7999999999999970468, 0.1000000000000000056, 0.8000000000000023759 ) ) ;
#2473 = CARTESIAN_POINT ( 'NONE',  ( -1.000000000000003331, 5.111269837220810075, -0.7999999999999966027 ) ) ;
#2474 = FACE_OUTER_BOUND ( 'NONE', #1579, .T. ) ;
#2475 = DIRECTION ( 'NONE',  ( 0.000000000000000000, 1.000000000000000000, 0.000000000000000000 ) ) ;
#2476 = ADVANCED_FACE ( 'NONE', ( #1898 ), #3416, .F. ) ;
#2477 = EDGE_CURVE ( 'NONE', #932, #1369, #297, .T. ) ;
#2478 = ADVANCED_FACE ( 'NONE', ( #3034 ), #4678, .F. ) ;
#2479 = FACE_OUTER_BOUND ( 'NONE', #435, .T. ) ;
#2480 = ORIENTED_EDGE ( 'NONE', *, *, #287, .T. ) ;
#2481 = LINE ( 'NONE', #1628, #3354 ) ;
#2482 = DIRECTION ( 'NONE',  ( -3.491481338843133355E-15, 0.000000000000000000, -1.000000000000000000 ) ) ;
#2483 = VERTEX_POINT ( 'NONE', #1197 ) ;
#2484 = EDGE_CURVE ( 'NONE', #832, #3562, #2759, .T. ) ;
#2485 = DIRECTION ( 'NONE',  ( -1.000000000000000000, 0.000000000000000000, 3.702006032529638986E-15 ) ) ;
#2486 = CARTESIAN_POINT ( 'NONE',  ( -0.8000000000000030420, 0.2800000000000033573, -0.7999999999999972689 ) ) ;
#2487 = DIRECTION ( 'NONE',  ( 0.000000000000000000, -1.000000000000000000, 0.000000000000000000 ) ) ;
#2488 = CARTESIAN_POINT ( 'NONE',  ( 0.7999999999999980460, 0.1000000000000000056, -0.5000000000000027756 ) ) ;
#2489 = ORIENTED_EDGE ( 'NONE', *, *, #4920, .T. ) ;
#2490 = ORIENTED_EDGE ( 'NONE', *, *, #378, .F. ) ;
#2491 = VECTOR ( 'NONE', #4690, 1000.000000000000000 ) ;
#2492 = LINE ( 'NONE', #4354, #2987 ) ;
#2493 = CARTESIAN_POINT ( 'NONE',  ( 1.151413695764970546, 0.1300066619336573970, -1.005853376975472058 ) ) ;
#2494 = ORIENTED_EDGE ( 'NONE', *, *, #77, .F. ) ;
#2495 = VERTEX_POINT ( 'NONE', #2302 ) ;
#2496 = DIRECTION ( 'NONE',  ( 1.000000000000000000, -0.000000000000000000, -3.491481338843133355E-15 ) ) ;
#2497 = AXIS2_PLACEMENT_3D ( 'NONE', #4358, #2443, #3634 ) ;
#2498 = CARTESIAN_POINT ( 'NONE',  ( 0.8000000000000031530, 0.9000000000000000222, 0.8499999999999974243 ) ) ;
#2499 = VECTOR ( 'NONE', #766, 1000.000000000000000 ) ;
#2500 = ORIENTED_EDGE ( 'NONE', *, *, #704, .T. ) ;
#2501 = DIRECTION ( 'NONE',  ( 1.000000000000000000, 0.000000000000000000, -3.252606517456508174E-15 ) ) ;
#2502 = PLANE ( 'NONE',  #107 ) ;
#2503 = CARTESIAN_POINT ( 'NONE',  ( 0.8292893218813419676, 0.8999999999999998002, -0.8500000000000035305 ) ) ;
#2504 = AXIS2_PLACEMENT_3D ( 'NONE', #1100, #366, #1177 ) ;
#2505 = CARTESIAN_POINT ( 'NONE',  ( 0.7999999999999980460, 0.1000000000000000056, -0.5000000000000027756 ) ) ;
#2506 = AXIS2_PLACEMENT_3D ( 'NONE', #778, #3125, #401 ) ;
#2507 = ORIENTED_EDGE ( 'NONE', *, *, #1652, .F. ) ;
#2508 = DIRECTION ( 'NONE',  ( -1.000000000000000000, 0.000000000000000000, 3.614007241618349954E-15 ) ) ;
#2509 = DIRECTION ( 'NONE',  ( 0.000000000000000000, 1.000000000000000000, 0.000000000000000000 ) ) ;
#2510 = ORIENTED_EDGE ( 'NONE', *, *, #4737, .F. ) ;
#2511 = AXIS2_PLACEMENT_3D ( 'NONE', #3330, #2943, #3675 ) ;
#2512 = CARTESIAN_POINT ( 'NONE',  ( 0.7999999999999969358, 0.000000000000000000, -0.8000000000000027089 ) ) ;
#2513 = CARTESIAN_POINT ( 'NONE',  ( -1.149999999999999245, 0.1000000000000000056, 0.1500000000000040745 ) ) ;
#2514 = CARTESIAN_POINT ( 'NONE',  ( -1.050000000000002931, 0.1681966011250106696, -0.7999999999999963807 ) ) ;
#2515 = EDGE_CURVE ( 'NONE', #4520, #2530, #3808, .T. ) ;
#2516 = AXIS2_PLACEMENT_3D ( 'NONE', #2093, #1328, #658 ) ;
#2517 = ORIENTED_EDGE ( 'NONE', *, *, #3293, .F. ) ;
#2518 = VECTOR ( 'NONE', #1050, 1000.000000000000000 ) ;
#2519 = DIRECTION ( 'NONE',  ( -1.000000000000000000, 0.000000000000000000, 3.491481338843133355E-15 ) ) ;
#2520 = DIRECTION ( 'NONE',  ( 1.000000000000000000, 0.000000000000000000, -3.702006032529638986E-15 ) ) ;
#2521 = ORIENTED_EDGE ( 'NONE', *, *, #286, .F. ) ;
#2522 = ORIENTED_EDGE ( 'NONE', *, *, #1129, .T. ) ;
#2523 = CARTESIAN_POINT ( 'NONE',  ( 0.8496829852707307174, 1.000000000000000000, 0.8284245181110804213 ) ) ;
#2524 = EDGE_CURVE ( 'NONE', #4396, #4296, #1528, .T. ) ;
#2525 = EDGE_CURVE ( 'NONE', #501, #722, #484, .T. ) ;
#2526 = DIRECTION ( 'NONE',  ( 1.000000000000000000, -0.000000000000000000, -3.491481338843133355E-15 ) ) ;
#2527 = ORIENTED_EDGE ( 'NONE', *, *, #4408, .T. ) ;
#2528 = CARTESIAN_POINT ( 'NONE',  ( -0.8000000000000034861, 0.8999999999999996891, -0.9378679656440329637 ) ) ;
#2529 = CARTESIAN_POINT ( 'NONE',  ( 0.000000000000000000, 0.1000000000000000056, 0.000000000000000000 ) ) ;
#2530 = VERTEX_POINT ( 'NONE', #1839 ) ;
#2531 = CARTESIAN_POINT ( 'NONE',  ( 1.029999999999994920, 0.2300000000000000100, -1.150000000000003908 ) ) ;
#2532 = EDGE_CURVE ( 'NONE', #3734, #1196, #3872, .T. ) ;
#2533 = CARTESIAN_POINT ( 'NONE',  ( 1.150000000000002576, 0.1000000000000000056, 0.7999999999999961586 ) ) ;
#2534 = VERTEX_POINT ( 'NONE', #28 ) ;
#2535 = LINE ( 'NONE', #4077, #1041 ) ;
#2536 = CARTESIAN_POINT ( 'NONE',  ( -1.005853376975472058, 0.1300066619336573692, -1.151413695764968326 ) ) ;
#2537 = EDGE_CURVE ( 'NONE', #4851, #4411, #3923, .T. ) ;
#2538 = VECTOR ( 'NONE', #3387, 1000.000000000000000 ) ;
#2539 = VECTOR ( 'NONE', #2612, 1000.000000000000000 ) ;
#2540 = EDGE_CURVE ( 'NONE', #2483, #4247, #465, .T. ) ;
#2541 = FACE_OUTER_BOUND ( 'NONE', #2015, .T. ) ;
#2542 = CARTESIAN_POINT ( 'NONE',  ( -0.9964466094067297997, 0.9999999999999997780, -0.9150757595082469331 ) ) ;
#2543 = ORIENTED_EDGE ( 'NONE', *, *, #3931, .F. ) ;
#2544 = EDGE_LOOP ( 'NONE', ( #1305, #4787 ) ) ;
#2545 = DIRECTION ( 'NONE',  ( 0.000000000000000000, 0.000000000000000000, 1.000000000000000000 ) ) ;
#2546 = AXIS2_PLACEMENT_3D ( 'NONE', #4522, #1740, #2225 ) ;
#2547 = VECTOR ( 'NONE', #2713, 1000.000000000000000 ) ;
#2548 = CARTESIAN_POINT ( 'NONE',  ( 0.9757359312880677926, 0.2800000000000015810, -1.100000000000003419 ) ) ;
#2549 = EDGE_LOOP ( 'NONE', ( #1272, #221, #4622, #3063 ) ) ;
#2550 = PRESENTATION_LAYER_ASSIGNMENT (  '', '', ( #4888 ) ) ;
#2551 = FILL_AREA_STYLE ('',( #2035 ) ) ;
#2552 = DIRECTION ( 'NONE',  ( -1.000000000000000000, 0.000000000000000000, 2.710505431213762663E-15 ) ) ;
#2553 = DIRECTION ( 'NONE',  ( 1.000000000000000000, 0.000000000000000000, -3.491481338843133355E-15 ) ) ;
#2554 = EDGE_CURVE ( 'NONE', #1317, #3194, #455, .T. ) ;
#2555 = ORIENTED_EDGE ( 'NONE', *, *, #1247, .F. ) ;
#2556 = FILL_AREA_STYLE ('',( #1786 ) ) ;
#2557 = VERTEX_POINT ( 'NONE', #669 ) ;
#2558 = PLANE ( 'NONE',  #3272 ) ;
#2559 = CARTESIAN_POINT ( 'NONE',  ( -0.8000000000000030420, 0.7500000000000015543, -0.7999999999999972689 ) ) ;
#2560 = ORIENTED_EDGE ( 'NONE', *, *, #3688, .F. ) ;
#2561 = CARTESIAN_POINT ( 'NONE',  ( -4.015203539669599414E-15, 0.000000000000000000, -1.149999999999998801 ) ) ;
#2562 = DIRECTION ( 'NONE',  ( 1.000000000000000000, 0.000000000000000000, -3.307784318971030239E-15 ) ) ;
#2563 = LINE ( 'NONE', #1844, #1276 ) ;
#2564 = EDGE_CURVE ( 'NONE', #3864, #3010, #4305, .T. ) ;
#2565 = CARTESIAN_POINT ( 'NONE',  ( -0.7999999999999998224, 0.000000000000000000, 2.793185071074506290E-15 ) ) ;
#2566 = ORIENTED_EDGE ( 'NONE', *, *, #4512, .T. ) ;
#2567 = ORIENTED_EDGE ( 'NONE', *, *, #73, .F. ) ;
#2568 = EDGE_CURVE ( 'NONE', #3352, #3835, #2723, .T. ) ;
#2569 = LINE ( 'NONE', #1826, #1997 ) ;
#2570 = EDGE_CURVE ( 'NONE', #4544, #2859, #1955, .T. ) ;
#2571 = DIRECTION ( 'NONE',  ( 0.000000000000000000, 1.000000000000000000, 0.000000000000000000 ) ) ;
#2572 = ORIENTED_EDGE ( 'NONE', *, *, #4126, .F. ) ;
#2573 = EDGE_CURVE ( 'NONE', #278, #56, #4642, .T. ) ;
#2574 = CARTESIAN_POINT ( 'NONE',  ( 0.8000000000000037081, 0.1000000000000000056, 1.149999999999997247 ) ) ;
#2575 = CARTESIAN_POINT ( 'NONE',  ( 0.7999999999999969358, 0.000000000000000000, -0.8000000000000027089 ) ) ;
#2576 = ADVANCED_FACE ( 'NONE', ( #4666 ), #1566, .F. ) ;
#2577 = CARTESIAN_POINT ( 'NONE',  ( 0.9999999999999974465, 0.7499999999999997780, -0.8000000000000032641 ) ) ;
#2578 = AXIS2_PLACEMENT_3D ( 'NONE', #1671, #4036, #2822 ) ;
#2579 = ORIENTED_EDGE ( 'NONE', *, *, #3593, .F. ) ;
#2580 = ORIENTED_EDGE ( 'NONE', *, *, #499, .T. ) ;
#2581 = DIRECTION ( 'NONE',  ( -1.000000000000000000, -0.000000000000000000, 3.491481338843133355E-15 ) ) ;
#2582 = DIRECTION ( 'NONE',  ( -3.491481338843133355E-15, 0.000000000000000000, -1.000000000000000000 ) ) ;
#2583 = AXIS2_PLACEMENT_3D ( 'NONE', #700, #1103, #2288 ) ;
#2584 = ADVANCED_FACE ( 'NONE', ( #2699 ), #4236, .T. ) ;
#2585 = ORIENTED_EDGE ( 'NONE', *, *, #1820, .F. ) ;
#2586 = AXIS2_PLACEMENT_3D ( 'NONE', #2928, #1780, #299 ) ;
#2587 = CARTESIAN_POINT ( 'NONE',  ( 0.000000000000000000, 0.9000000000000001332, 0.000000000000000000 ) ) ;
#2588 = CARTESIAN_POINT ( 'NONE',  ( -0.8000000000000037081, 0.2800000000000033573, -0.9999999999999974465 ) ) ;
#2589 = AXIS2_PLACEMENT_3D ( 'NONE', #4224, #3809, #2330 ) ;
#2590 = CARTESIAN_POINT ( 'NONE',  ( -1.100000000000003419, 0.2507106781186556055, -0.9757359312880671265 ) ) ;
#2591 = AXIS2_PLACEMENT_3D ( 'NONE', #737, #8, #764 ) ;
#2592 = CARTESIAN_POINT ( 'NONE',  ( -1.150000000000003242, 0.2799999999999998601, -0.7999999999999960476 ) ) ;
#2593 = ORIENTED_EDGE ( 'NONE', *, *, #980, .T. ) ;
#2594 = VERTEX_POINT ( 'NONE', #1453 ) ;
#2595 = AXIS2_PLACEMENT_3D ( 'NONE', #4500, #3673, #191 ) ;
#2596 = LINE ( 'NONE', #679, #3944 ) ;
#2597 = DIRECTION ( 'NONE',  ( 3.181709289561560491E-15, -0.000000000000000000, 1.000000000000000000 ) ) ;
#2598 = CARTESIAN_POINT ( 'NONE',  ( -0.8000000000000034861, 0.7499999999999997780, -0.9999999999999972244 ) ) ;
#2599 = DIRECTION ( 'NONE',  ( -1.000000000000000000, 0.000000000000000000, 4.336808689942025625E-15 ) ) ;
#2600 = ORIENTED_EDGE ( 'NONE', *, *, #3991, .T. ) ;
#2601 = CARTESIAN_POINT ( 'NONE',  ( 1.030000000000003357, 0.2300000000000000100, 1.149999999999996136 ) ) ;
#2602 = ORIENTED_EDGE ( 'NONE', *, *, #2033, .T. ) ;
#2603 = CARTESIAN_POINT ( 'NONE',  ( 1.030000000000003801, 0.2300000000000000100, 1.029999999999996252 ) ) ;
#2604 = CARTESIAN_POINT ( 'NONE',  ( -1.099999999999997424, 0.2800000000000015810, 0.8000000000000041522 ) ) ;
#2605 = DIRECTION ( 'NONE',  ( -1.000000000000000000, 0.000000000000000000, 3.801253388124706614E-15 ) ) ;
#2606 = DIRECTION ( 'NONE',  ( 3.369016658928398207E-15, 0.000000000000000000, 1.000000000000000000 ) ) ;
#2607 =( BOUNDED_SURFACE ( )  B_SPLINE_SURFACE ( 3, 3, ( 
 ( #1154, #2718, #2743, #772 ),
 ( #2360, #3042, #2336, #3892 ),
 ( #1511, #3068, #422, #2387 ),
 ( #449, #1206, #4611, #4211 ) ),
 .UNSPECIFIED., .F., .F., .F. ) 
 B_SPLINE_SURFACE_WITH_KNOTS ( ( 4, 4 ),
 ( 4, 4 ),
 ( 0.000000000000000000, 1.000000000000000000 ),
 ( 0.000000000000000000, 1.000000000000000000 ),
 .UNSPECIFIED. ) 
 GEOMETRIC_REPRESENTATION_ITEM ( )  RATIONAL_B_SPLINE_SURFACE ( (
 ( 1.000000000000000000, 0.8047378541243648264, 0.8047378541243648264, 1.000000000000000000),
 ( 0.8025111867385854580, 0.6458111303268067038, 0.6458111303268067038, 0.8025111867385854580),
 ( 0.8025111867385854580, 0.6458111303268067038, 0.6458111303268067038, 0.8025111867385854580),
 ( 1.000000000000000000, 0.8047378541243648264, 0.8047378541243648264, 1.000000000000000000) ) ) 
 REPRESENTATION_ITEM ( '' )  SURFACE ( )  );
#2608 = ORIENTED_EDGE ( 'NONE', *, *, #2040, .T. ) ;
#2609 = DIRECTION ( 'NONE',  ( -3.491481338843133355E-15, 0.000000000000000000, -1.000000000000000000 ) ) ;
#2610 = CARTESIAN_POINT ( 'NONE',  ( -0.8000000000000035971, 0.1914739966757357525, -0.9999999999999954481 ) ) ;
#2611 = CARTESIAN_POINT ( 'NONE',  ( -1.120710678118658210, 0.2300000000000000100, -0.9878679656440314538 ) ) ;
#2612 = DIRECTION ( 'NONE',  ( -3.181709289561560491E-15, -0.000000000000000000, -1.000000000000000000 ) ) ;
#2613 = CARTESIAN_POINT ( 'NONE',  ( -0.9727167815480599611, 0.2300000000000000377, -1.104661759258702469 ) ) ;
#2614 = ORIENTED_EDGE ( 'NONE', *, *, #2407, .T. ) ;
#2615 = ORIENTED_EDGE ( 'NONE', *, *, #3293, .T. ) ;
#2616 = ADVANCED_FACE ( 'NONE', ( #2749 ), #3763, .T. ) ;
#2617 = AXIS2_PLACEMENT_3D ( 'NONE', #2312, #4213, #3428 ) ;
#2618 = CLOSED_SHELL ( 'NONE', ( #2697, #4259, #2680, #1565, #1409, #4147 ) ) ;
#2619 = CARTESIAN_POINT ( 'NONE',  ( -1.149999999999998135, 0.000000000000000000, 0.5000000000000037748 ) ) ;
#2620 = AXIS2_PLACEMENT_3D ( 'NONE', #3934, #1273, #541 ) ;
#2621 = LINE ( 'NONE', #3822, #1679 ) ;
#2622 = DIRECTION ( 'NONE',  ( -3.491481338843133355E-15, 0.000000000000000000, -1.000000000000000000 ) ) ;
#2623 = DIRECTION ( 'NONE',  ( -1.000000000000000000, 0.000000000000000000, 3.491481338843133355E-15 ) ) ;
#2624 = CIRCLE ( 'NONE', #3113, 0.2500000000000000000 ) ;
#2625 = VERTEX_POINT ( 'NONE', #1210 ) ;
#2626 = FACE_OUTER_BOUND ( 'NONE', #206, .T. ) ;
#2627 = ORIENTED_EDGE ( 'NONE', *, *, #3829, .F. ) ;
#2628 = EDGE_CURVE ( 'NONE', #4340, #3715, #1589, .T. ) ;
#2629 = CARTESIAN_POINT ( 'NONE',  ( 0.8000000000000003775, 0.1000000000000000056, 0.1499999999999972744 ) ) ;
#2630 = DIRECTION ( 'NONE',  ( -1.000000000000000000, -0.000000000000000000, 3.491481338843133355E-15 ) ) ;
#2631 = PLANE ( 'NONE',  #1630 ) ;
#2632 = CARTESIAN_POINT ( 'NONE',  ( 0.8499999999999974243, 1.000000000000000000, -0.8000000000000028200 ) ) ;
#2633 = EDGE_CURVE ( 'NONE', #2145, #4336, #3846, .T. ) ;
#2634 = ORIENTED_EDGE ( 'NONE', *, *, #12, .F. ) ;
#2635 = EDGE_CURVE ( 'NONE', #1008, #4599, #1590, .T. ) ;
#2636 = FACE_OUTER_BOUND ( 'NONE', #194, .T. ) ;
#2637 = ADVANCED_FACE ( 'NONE', ( #2392 ), #4148, .F. ) ;
#2638 = CARTESIAN_POINT ( 'NONE',  ( 1.149999999999997025, 0.1000000000000000056, -0.8000000000000037081 ) ) ;
#2639 = CARTESIAN_POINT ( 'NONE',  ( 0.7999999999999958256, 0.1000000000000000056, -1.150000000000002798 ) ) ;
#2640 = FACE_OUTER_BOUND ( 'NONE', #2681, .T. ) ;
#2641 = ORIENTED_EDGE ( 'NONE', *, *, #2917, .F. ) ;
#2642 = EDGE_LOOP ( 'NONE', ( #2967, #4295, #117, #3749 ) ) ;
#2643 = CARTESIAN_POINT ( 'NONE',  ( 0.000000000000000000, 0.000000000000000000, 0.000000000000000000 ) ) ;
#2644 = CARTESIAN_POINT ( 'NONE',  ( -0.7999999999999966027, 0.1914739966757364464, 1.000000000000000222 ) ) ;
#2645 = FACE_OUTER_BOUND ( 'NONE', #4875, .T. ) ;
#2646 = CARTESIAN_POINT ( 'NONE',  ( 1.099999999999997424, 0.8964466094067260471, -0.8000000000000032641 ) ) ;
#2647 = B_SPLINE_CURVE_WITH_KNOTS ( 'NONE', 3,
 ( #1944, #3060, #1148, #14, #4244, #718, #1504, #3517, #2259, #4604, #4581, #3417, #1551 ),
 .UNSPECIFIED., .F., .F.,
 ( 4, 2, 2, 1, 2, 2, 4 ),
 ( 0.000000000000000000, 0.2499999999999995004, 0.4999999999999990008, 0.6249999999999987788, 0.6874999999999986677, 0.7499999999999984457, 1.000000000000000000 ),
 .UNSPECIFIED. ) ;
#2648 = ORIENTED_EDGE ( 'NONE', *, *, #3928, .T. ) ;
#2649 = AXIS2_PLACEMENT_3D ( 'NONE', #2977, #2243, #227 ) ;
#2650 = ORIENTED_EDGE ( 'NONE', *, *, #359, .F. ) ;
#2651 = DIRECTION ( 'NONE',  ( -0.000000000000000000, 1.000000000000000000, -0.000000000000000000 ) ) ;
#2652 = PLANE ( 'NONE',  #4393 ) ;
#2653 = CARTESIAN_POINT ( 'NONE',  ( 0.7999999999999980460, 0.1000000000000000056, -0.5000000000000027756 ) ) ;
#2654 = DIRECTION ( 'NONE',  ( 1.000000000000000000, -0.000000000000000000, -2.871937240279988021E-15 ) ) ;
#2655 = ORIENTED_EDGE ( 'NONE', *, *, #858, .T. ) ;
#2656 = DIRECTION ( 'NONE',  ( -0.000000000000000000, 1.000000000000000000, -0.000000000000000000 ) ) ;
#2657 = CIRCLE ( 'NONE', #1843, 0.1000000000000001582 ) ;
#2658 = CARTESIAN_POINT ( 'NONE',  ( 0.7999999999999957145, 0.1000000000000000056, -1.150000000000002798 ) ) ;
#2659 = AXIS2_PLACEMENT_3D ( 'NONE', #1320, #150, #4012 ) ;
#2660 = CARTESIAN_POINT ( 'NONE',  ( 0.7999999999999958256, 0.1000000000000000056, -1.150000000000002798 ) ) ;
#2661 = LINE ( 'NONE', #719, #740 ) ;
#2662 = CARTESIAN_POINT ( 'NONE',  ( -0.8450486097814150499, 0.2300000000000000100, -1.149999999999997469 ) ) ;
#2663 = EDGE_LOOP ( 'NONE', ( #4145, #4819, #2357, #1242 ) ) ;
#2664 = AXIS2_PLACEMENT_3D ( 'NONE', #3913, #929, #441 ) ;
#2665 = ORIENTED_EDGE ( 'NONE', *, *, #3316, .F. ) ;
#2666 = VECTOR ( 'NONE', #3621, 1000.000000000000000 ) ;
#2667 = CARTESIAN_POINT ( 'NONE',  ( -1.150000000000000133, 0.1000000000000000056, -0.1499999999999956368 ) ) ;
#2668 = EDGE_CURVE ( 'NONE', #879, #988, #3482, .T. ) ;
#2669 = FACE_OUTER_BOUND ( 'NONE', #684, .T. ) ;
#2670 = PLANE ( 'NONE',  #2945 ) ;
#2671 = PLANE ( 'NONE',  #2904 ) ;
#2672 = AXIS2_PLACEMENT_3D ( 'NONE', #186, #2147, #3323 ) ;
#2673 = EDGE_CURVE ( 'NONE', #937, #2383, #3201, .T. ) ;
#2674 = VECTOR ( 'NONE', #1622, 1000.000000000000000 ) ;
#2675 = ORIENTED_EDGE ( 'NONE', *, *, #2203, .F. ) ;
#2676 = VERTEX_POINT ( 'NONE', #2852 ) ;
#2677 = DIRECTION ( 'NONE',  ( -0.000000000000000000, -1.000000000000000000, 0.000000000000000000 ) ) ;
#2678 = CARTESIAN_POINT ( 'NONE',  ( -1.049999999999996048, 0.1300000000000000044, 1.044948974278322229 ) ) ;
#2679 = CARTESIAN_POINT ( 'NONE',  ( 1.044948974278321785, 0.1300000000000000044, 1.049999999999996270 ) ) ;
#2680 = ADVANCED_FACE ( 'NONE', ( #4387 ), #1236, .F. ) ;
#2681 = EDGE_LOOP ( 'NONE', ( #2358, #477, #4206, #2052 ) ) ;
#2682 = EDGE_CURVE ( 'NONE', #3325, #3503, #505, .T. ) ;
#2683 = CARTESIAN_POINT ( 'NONE',  ( -0.7999999999999974909, 0.7500000000000008882, 0.8000000000000031530 ) ) ;
#2684 =( NAMED_UNIT ( * ) SI_UNIT ( $, .STERADIAN. ) SOLID_ANGLE_UNIT ( ) );
#2685 = DIRECTION ( 'NONE',  ( -3.491481338843133355E-15, 0.000000000000000000, -1.000000000000000000 ) ) ;
#2686 = LINE ( 'NONE', #1945, #263 ) ;
#2687 = CARTESIAN_POINT ( 'NONE',  ( -0.7999999999999998224, 0.000000000000000000, 2.793185071074506290E-15 ) ) ;
#2688 = VERTEX_POINT ( 'NONE', #4441 ) ;
#2689 = ORIENTED_EDGE ( 'NONE', *, *, #2477, .T. ) ;
#2690 = EDGE_CURVE ( 'NONE', #3727, #2676, #2136, .T. ) ;
#2691 = EDGE_CURVE ( 'NONE', #4771, #1008, #1924, .T. ) ;
#2692 = ADVANCED_FACE ( 'NONE', ( #2802 ), #4414, .F. ) ;
#2693 = DIRECTION ( 'NONE',  ( -3.181709289561560491E-15, 0.000000000000000000, -1.000000000000000000 ) ) ;
#2694 = CARTESIAN_POINT ( 'NONE',  ( -0.7999999999999967137, 0.2800000000000050782, 1.000000000000003331 ) ) ;
#2695 = DIRECTION ( 'NONE',  ( 3.181709289561560491E-15, 0.000000000000000000, 1.000000000000000000 ) ) ;
#2696 = DIRECTION ( 'NONE',  ( 1.000000000000000000, 0.000000000000000000, -3.491481338843133355E-15 ) ) ;
#2697 = ADVANCED_FACE ( 'NONE', ( #1753 ), #966, .T. ) ;
#2698 = VECTOR ( 'NONE', #769, 1000.000000000000000 ) ;
#2699 = FACE_OUTER_BOUND ( 'NONE', #3452, .T. ) ;
#2700 = ORIENTED_EDGE ( 'NONE', *, *, #3317, .T. ) ;
#2701 = SURFACE_STYLE_FILL_AREA ( #4618 ) ;
#2702 = LINE ( 'NONE', #1111, #19 ) ;
#2703 = CARTESIAN_POINT ( 'NONE',  ( 0.7999999999999969358, 0.1000000000000000056, -0.8000000000000027089 ) ) ;
#2704 = CARTESIAN_POINT ( 'NONE',  ( -1.149999999999997025, 0.2299999999999998712, 0.8000000000000045963 ) ) ;
#2705 = CIRCLE ( 'NONE', #504, 0.2999999999999998224 ) ;
#2706 = ADVANCED_FACE ( 'NONE', ( #1261 ), #3231, .F. ) ;
#2707 = ORIENTED_EDGE ( 'NONE', *, *, #3524, .F. ) ;
#2708 =( GEOMETRIC_REPRESENTATION_CONTEXT ( 3 ) GLOBAL_UNCERTAINTY_ASSIGNED_CONTEXT ( ( #1285 ) ) GLOBAL_UNIT_ASSIGNED_CONTEXT ( ( #2294, #1933, #3 ) ) REPRESENTATION_CONTEXT ( 'NONE', 'WORKASPACE' ) );
#2709 = LINE ( 'NONE', #4243, #706 ) ;
#2710 = AXIS2_PLACEMENT_3D ( 'NONE', #1298, #3960, #562 ) ;
#2711 = DIRECTION ( 'NONE',  ( -1.000000000000000000, -0.000000000000000000, 3.491481338843133355E-15 ) ) ;
#2712 = FACE_OUTER_BOUND ( 'NONE', #4761, .T. ) ;
#2713 = DIRECTION ( 'NONE',  ( 3.491481338843133355E-15, -0.000000000000000000, 1.000000000000000000 ) ) ;
#2714 = DIRECTION ( 'NONE',  ( 0.000000000000000000, 1.000000000000000000, 0.000000000000000000 ) ) ;
#2715 = VERTEX_POINT ( 'NONE', #122 ) ;
#2716 = ORIENTED_EDGE ( 'NONE', *, *, #1658, .F. ) ;
#2717 = ADVANCED_FACE ( 'NONE', ( #4038 ), #173, .F. ) ;
#2718 = CARTESIAN_POINT ( 'NONE',  ( 1.005853376975471614, 0.1300066619336573692, 1.151413695764968326 ) ) ;
#2719 = VERTEX_POINT ( 'NONE', #2498 ) ;
#2720 = CYLINDRICAL_SURFACE ( 'NONE', #2617, 0.04999999999999991257 ) ;
#2721 = EDGE_CURVE ( 'NONE', #657, #809, #2092, .T. ) ;
#2722 = LINE ( 'NONE', #1539, #1176 ) ;
#2723 = LINE ( 'NONE', #4256, #4437 ) ;
#2724 = ORIENTED_EDGE ( 'NONE', *, *, #521, .F. ) ;
#2725 = EDGE_CURVE ( 'NONE', #2815, #1798, #852, .T. ) ;
#2726 = EDGE_CURVE ( 'NONE', #998, #4740, #4821, .T. ) ;
#2727 = LINE ( 'NONE', #376, #1068 ) ;
#2728 = DIRECTION ( 'NONE',  ( -0.000000000000000000, -1.000000000000000000, 0.000000000000000000 ) ) ;
#2729 = CARTESIAN_POINT ( 'NONE',  ( -0.8000000000000030420, 0.7499999999999997780, -0.8499999999999973133 ) ) ;
#2730 = ORIENTED_EDGE ( 'NONE', *, *, #172, .F. ) ;
#2731 = LINE ( 'NONE', #3786, #1444 ) ;
#2732 = ORIENTED_EDGE ( 'NONE', *, *, #749, .F. ) ;
#2733 = CARTESIAN_POINT ( 'NONE',  ( 1.149999999999998135, 0.1000000000000000056, -0.5000000000000037748 ) ) ;
#2734 =( BOUNDED_SURFACE ( )  B_SPLINE_SURFACE ( 3, 3, ( 
 ( #4922, #1832, #2222, #3383 ),
 ( #277, #3004, #4543, #1063 ),
 ( #3756, #1990, #841, #4731 ),
 ( #4377, #1306, #1688, #2379 ) ),
 .UNSPECIFIED., .F., .F., .F. ) 
 B_SPLINE_SURFACE_WITH_KNOTS ( ( 4, 4 ),
 ( 4, 4 ),
 ( 0.000000000000000000, 1.000000000000000000 ),
 ( 0.000000000000000000, 1.000000000000000000 ),
 .UNSPECIFIED. ) 
 GEOMETRIC_REPRESENTATION_ITEM ( )  RATIONAL_B_SPLINE_SURFACE ( (
 ( 1.000000000000000000, 0.8047378541243649375, 0.8047378541243649375, 1.000000000000000000),
 ( 0.8047378541243667138, 0.6476030138606890807, 0.6476030138606890807, 0.8047378541243667138),
 ( 0.8047378541243667138, 0.6476030138606890807, 0.6476030138606890807, 0.8047378541243667138),
 ( 1.000000000000000000, 0.8047378541243649375, 0.8047378541243649375, 1.000000000000000000) ) ) 
 REPRESENTATION_ITEM ( '' )  SURFACE ( )  );
#2735 = CIRCLE ( 'NONE', #4342, 0.1500000000000001887 ) ;
#2736 = DIRECTION ( 'NONE',  ( -3.491481338843133355E-15, 0.000000000000000000, -1.000000000000000000 ) ) ;
#2737 = FACE_OUTER_BOUND ( 'NONE', #2273, .T. ) ;
#2738 = DIRECTION ( 'NONE',  ( -1.000000000000000000, -0.000000000000000000, 3.491481338843133355E-15 ) ) ;
#2739 = EDGE_LOOP ( 'NONE', ( #506, #638, #1940, #3560 ) ) ;
#2740 = VERTEX_POINT ( 'NONE', #884 ) ;
#2741 = VECTOR ( 'NONE', #1828, 1000.000000000000000 ) ;
#2742 = B_SPLINE_CURVE_WITH_KNOTS ( 'NONE', 3,
 ( #2514, #4026, #2870, #4547 ),
 .UNSPECIFIED., .F., .F.,
 ( 4, 4 ),
 ( 0.000000000000000000, 0.0002475096858182249419 ),
 .UNSPECIFIED. ) ;
#2743 = CARTESIAN_POINT ( 'NONE',  ( 1.151413695764975209, 0.1300066619336573692, 1.005853376975464286 ) ) ;
#2744 = VECTOR ( 'NONE', #4008, 1000.000000000000000 ) ;
#2745 = CARTESIAN_POINT ( 'NONE',  ( 1.150000000000003242, 0.2299999999999999822, 0.8439535588689797141 ) ) ;
#2746 = LINE ( 'NONE', #3894, #4564 ) ;
#2747 = FACE_OUTER_BOUND ( 'NONE', #3345, .T. ) ;
#2748 = AXIS2_PLACEMENT_3D ( 'NONE', #1339, #1998, #3573 ) ;
#2749 = FACE_OUTER_BOUND ( 'NONE', #1387, .T. ) ;
#2750 = EDGE_LOOP ( 'NONE', ( #188, #4207, #4767, #4569 ) ) ;
#2751 = VECTOR ( 'NONE', #2144, 1000.000000000000000 ) ;
#2752 = DIRECTION ( 'NONE',  ( 0.000000000000000000, 1.000000000000000000, 0.000000000000000000 ) ) ;
#2753 = CARTESIAN_POINT ( 'NONE',  ( -0.9999999999999974465, 0.7499999999999997780, 0.8000000000000040412 ) ) ;
#2754 = DIRECTION ( 'NONE',  ( 1.000000000000000000, 0.000000000000000000, -3.491481338843133355E-15 ) ) ;
#2755 = VERTEX_POINT ( 'NONE', #481 ) ;
#2756 = AXIS2_PLACEMENT_3D ( 'NONE', #3701, #4527, #4053 ) ;
#2757 = CARTESIAN_POINT ( 'NONE',  ( 0.7999999999999957145, 1.000000000000000000, -0.8500000000000028644 ) ) ;
#2758 = ORIENTED_EDGE ( 'NONE', *, *, #3317, .F. ) ;
#2759 = LINE ( 'NONE', #1093, #4034 ) ;
#2760 = CYLINDRICAL_SURFACE ( 'NONE', #634, 0.3000000000000000444 ) ;
#2761 = CARTESIAN_POINT ( 'NONE',  ( -1.250000000000003775, 0.1300000000000000044, 1.250000000000008882 ) ) ;
#2762 = DIRECTION ( 'NONE',  ( 1.000000000000000000, 0.000000000000000000, -3.702006032529638986E-15 ) ) ;
#2763 = CARTESIAN_POINT ( 'NONE',  ( 0.7999999999999958256, 0.1000000000000000056, -1.150000000000002798 ) ) ;
#2764 = ORIENTED_EDGE ( 'NONE', *, *, #3230, .F. ) ;
#2765 = ORIENTED_EDGE ( 'NONE', *, *, #2573, .T. ) ;
#2766 = CARTESIAN_POINT ( 'NONE',  ( 0.8000000000000014877, 0.1000000000000000056, 0.4999999999999971689 ) ) ;
#2767 = CARTESIAN_POINT ( 'NONE',  ( 1.142617378506987746, 0.2300000000000000100, 0.8848277847576702104 ) ) ;
#2768 = ORIENTED_EDGE ( 'NONE', *, *, #815, .F. ) ;
#2769 = EDGE_CURVE ( 'NONE', #722, #2938, #4770, .T. ) ;
#2770 = DIRECTION ( 'NONE',  ( 1.000000000000000000, 0.000000000000000000, -3.491481338843133355E-15 ) ) ;
#2771 = CARTESIAN_POINT ( 'NONE',  ( -1.149999999999999689, 0.000000000000000000, 4.015203539669602570E-15 ) ) ;
#2772 = ORIENTED_EDGE ( 'NONE', *, *, #2917, .T. ) ;
#2773 = CARTESIAN_POINT ( 'NONE',  ( 0.7999999999999969358, 0.1000000000000000056, -0.8000000000000027089 ) ) ;
#2774 = LINE ( 'NONE', #3581, #920 ) ;
#2775 = DIRECTION ( 'NONE',  ( 0.000000000000000000, -1.000000000000000000, 0.000000000000000000 ) ) ;
#2776 = ORIENTED_EDGE ( 'NONE', *, *, #985, .T. ) ;
#2777 = VECTOR ( 'NONE', #3823, 1000.000000000000000 ) ;
#2778 = AXIS2_PLACEMENT_3D ( 'NONE', #3704, #4864, #3656 ) ;
#2779 = EDGE_CURVE ( 'NONE', #1009, #2929, #1767, .T. ) ;
#2780 = EDGE_CURVE ( 'NONE', #385, #4109, #532, .T. ) ;
#2781 = DIRECTION ( 'NONE',  ( -0.000000000000000000, -1.000000000000000000, -0.000000000000000000 ) ) ;
#2782 = ORIENTED_EDGE ( 'NONE', *, *, #1403, .F. ) ;
#2783 = DIRECTION ( 'NONE',  ( -3.627006610403821410E-15, 0.000000000000000000, -1.000000000000000000 ) ) ;
#2784 = EDGE_CURVE ( 'NONE', #3715, #3390, #4763, .T. ) ;
#2785 = AXIS2_PLACEMENT_3D ( 'NONE', #3875, #2295, #3832 ) ;
#2786 = AXIS2_PLACEMENT_3D ( 'NONE', #1810, #4056, #494 ) ;
#2787 = EDGE_CURVE ( 'NONE', #695, #158, #605, .T. ) ;
#2788 = AXIS2_PLACEMENT_3D ( 'NONE', #1212, #833, #2394 ) ;
#2789 = CARTESIAN_POINT ( 'NONE',  ( -0.9150757595082468221, 0.9999999999999997780, 0.9964466094067299107 ) ) ;
#2790 = DIRECTION ( 'NONE',  ( 0.000000000000000000, 1.000000000000000000, 0.000000000000000000 ) ) ;
#2791 = EDGE_CURVE ( 'NONE', #2808, #3672, #2159, .T. ) ;
#2792 = PLANE ( 'NONE',  #1728 ) ;
#2793 = LINE ( 'NONE', #1251, #175 ) ;
#2794 = ORIENTED_EDGE ( 'NONE', *, *, #4471, .F. ) ;
#2795 = ADVANCED_FACE ( 'NONE', ( #3356 ), #4914, .F. ) ;
#2796 = VERTEX_POINT ( 'NONE', #3019 ) ;
#2797 = DIRECTION ( 'NONE',  ( 1.000000000000000000, 0.000000000000000000, -3.491481338843133355E-15 ) ) ;
#2798 = CARTESIAN_POINT ( 'NONE',  ( -0.8500000000000034195, 0.9999999999999998890, -0.8292893218813426337 ) ) ;
#2799 = ORIENTED_EDGE ( 'NONE', *, *, #5000, .F. ) ;
#2800 =( BOUNDED_SURFACE ( )  B_SPLINE_SURFACE ( 3, 3, ( 
 ( #2909, #970, #4848, #994 ),
 ( #2528, #4069, #584, #3712 ),
 ( #632, #3732, #226, #3338 ),
 ( #2598, #2960, #3123, #1179 ) ),
 .UNSPECIFIED., .F., .F., .F. ) 
 B_SPLINE_SURFACE_WITH_KNOTS ( ( 4, 4 ),
 ( 4, 4 ),
 ( 0.000000000000000000, 1.000000000000000000 ),
 ( 0.000000000000000000, 1.000000000000000000 ),
 .UNSPECIFIED. ) 
 GEOMETRIC_REPRESENTATION_ITEM ( )  RATIONAL_B_SPLINE_SURFACE ( (
 ( 1.000000000000000000, 0.8047378541243647154, 0.8047378541243647154, 1.000000000000000000),
 ( 0.8047378541243654926, 0.6476030138606879705, 0.6476030138606879705, 0.8047378541243654926),
 ( 0.8047378541243654926, 0.6476030138606879705, 0.6476030138606879705, 0.8047378541243654926),
 ( 1.000000000000000000, 0.8047378541243647154, 0.8047378541243647154, 1.000000000000000000) ) ) 
 REPRESENTATION_ITEM ( '' )  SURFACE ( )  );
#2801 = FACE_OUTER_BOUND ( 'NONE', #2663, .T. ) ;
#2802 = FACE_OUTER_BOUND ( 'NONE', #1253, .T. ) ;
#2803 = VERTEX_POINT ( 'NONE', #4108 ) ;
#2804 = FACE_OUTER_BOUND ( 'NONE', #1421, .T. ) ;
#2805 = CARTESIAN_POINT ( 'NONE',  ( -0.7999999999999973799, 0.7500000000000000000, 0.8500000000000030864 ) ) ;
#2806 = DIRECTION ( 'NONE',  ( -1.000000000000000000, -0.000000000000000000, 3.491481338843133355E-15 ) ) ;
#2807 = DIRECTION ( 'NONE',  ( 1.000000000000000000, 0.000000000000000000, -3.491481338843133355E-15 ) ) ;
#2808 = VERTEX_POINT ( 'NONE', #4163 ) ;
#2809 = CARTESIAN_POINT ( 'NONE',  ( 0.8000000000000039302, 0.2299999999999999267, 1.120710678118651327 ) ) ;
#2810 = ORIENTED_EDGE ( 'NONE', *, *, #2691, .F. ) ;
#2811 = PLANE ( 'NONE',  #2620 ) ;
#2812 = DIRECTION ( 'NONE',  ( 0.000000000000000000, -1.000000000000000000, 0.000000000000000000 ) ) ;
#2813 = CARTESIAN_POINT ( 'NONE',  ( -1.149999999999995692, 0.000000000000000000, 1.150000000000003242 ) ) ;
#2814 = FACE_OUTER_BOUND ( 'NONE', #2230, .T. ) ;
#2815 = VERTEX_POINT ( 'NONE', #1033 ) ;
#2816 = ORIENTED_EDGE ( 'NONE', *, *, #714, .F. ) ;
#2817 = CIRCLE ( 'NONE', #1263, 0.04999999999999991257 ) ;
#2818 = FACE_BOUND ( 'NONE', #1080, .T. ) ;
#2819 = VERTEX_POINT ( 'NONE', #990 ) ;
#2820 = ORIENTED_EDGE ( 'NONE', *, *, #2725, .T. ) ;
#2821 =( GEOMETRIC_REPRESENTATION_CONTEXT ( 3 ) GLOBAL_UNCERTAINTY_ASSIGNED_CONTEXT ( ( #265 ) ) GLOBAL_UNIT_ASSIGNED_CONTEXT ( ( #4847, #4823, #4464 ) ) REPRESENTATION_CONTEXT ( 'NONE', 'WORKASPACE' ) );
#2822 = DIRECTION ( 'NONE',  ( -1.000000000000000000, 0.000000000000000000, 3.491481338843133355E-15 ) ) ;
#2823 = VECTOR ( 'NONE', #1540, 1000.000000000000000 ) ;
#2824 = ADVANCED_FACE ( 'NONE', ( #1801 ), #1417, .F. ) ;
#2825 = CARTESIAN_POINT ( 'NONE',  ( 1.049999999999996270, 0.1300000000000000044, -1.044948974278322673 ) ) ;
#2826 = ORIENTED_EDGE ( 'NONE', *, *, #1625, .T. ) ;
#2827 = CARTESIAN_POINT ( 'NONE',  ( -0.7999999999999992673, 0.000000000000000000, 0.1500000000000027423 ) ) ;
#2828 = DIRECTION ( 'NONE',  ( 1.000000000000000000, -0.000000000000000000, -3.491481338843133355E-15 ) ) ;
#2829 = CARTESIAN_POINT ( 'NONE',  ( -0.7999999999999991562, 0.1000000000000000056, 0.1500000000000027423 ) ) ;
#2830 = LINE ( 'NONE', #1267, #2188 ) ;
#2831 = VECTOR ( 'NONE', #594, 1000.000000000000000 ) ;
#2832 = ORIENTED_EDGE ( 'NONE', *, *, #3230, .T. ) ;
#2833 = AXIS2_PLACEMENT_3D ( 'NONE', #3054, #3440, #4624 ) ;
#2834 = CARTESIAN_POINT ( 'NONE',  ( -0.7999999999999979350, 0.000000000000000000, 0.5000000000000024425 ) ) ;
#2835 = ORIENTED_EDGE ( 'NONE', *, *, #1943, .F. ) ;
#2836 = DIRECTION ( 'NONE',  ( 1.000000000000000000, -0.000000000000000000, -3.491481338843133355E-15 ) ) ;
#2837 = LINE ( 'NONE', #4472, #1696 ) ;
#2838 = AXIS2_PLACEMENT_3D ( 'NONE', #947, #2509, #4048 ) ;
#2839 = ORIENTED_EDGE ( 'NONE', *, *, #3327, .T. ) ;
#2840 = CARTESIAN_POINT ( 'NONE',  ( -1.745740669421566283E-15, 0.000000000000000000, -0.4999999999999998890 ) ) ;
#2841 = DIRECTION ( 'NONE',  ( -0.000000000000000000, 1.000000000000000000, -0.000000000000000000 ) ) ;
#2842 = FACE_OUTER_BOUND ( 'NONE', #933, .T. ) ;
#2843 = CARTESIAN_POINT ( 'NONE',  ( 0.8500000000000028644, 0.8999999999999998002, 0.8292893218813425227 ) ) ;
#2844 = VERTEX_POINT ( 'NONE', #1390 ) ;
#2845 = EDGE_LOOP ( 'NONE', ( #1341, #2400, #4035, #3131 ) ) ;
#2846 = DIRECTION ( 'NONE',  ( -3.627006610403821410E-15, -0.000000000000000000, -1.000000000000000000 ) ) ;
#2847 = VERTEX_POINT ( 'NONE', #3401 ) ;
#2848 = EDGE_CURVE ( 'NONE', #3632, #4894, #2596, .T. ) ;
#2849 = ADVANCED_FACE ( 'NONE', ( #3336 ), #3796, .F. ) ;
#2850 = CARTESIAN_POINT ( 'NONE',  ( -0.8000000000000024869, 0.1000000000000000056, -0.7999999999999966027 ) ) ;
#2851 = EDGE_CURVE ( 'NONE', #3226, #1018, #1441, .T. ) ;
#2852 = CARTESIAN_POINT ( 'NONE',  ( -1.149999999999998135, 0.000000000000000000, 0.5000000000000037748 ) ) ;
#2853 = VERTEX_POINT ( 'NONE', #2974 ) ;
#2854 = LINE ( 'NONE', #2472, #1070 ) ;
#2855 = CARTESIAN_POINT ( 'NONE',  ( 0.7999999999999997113, 0.000000000000000000, -2.793185071074505895E-15 ) ) ;
#2856 = DIRECTION ( 'NONE',  ( 3.801253388124706614E-15, 0.000000000000000000, 1.000000000000000000 ) ) ;
#2857 = ADVANCED_FACE ( 'NONE', ( #4133 ), #1827, .T. ) ;
#2858 = LINE ( 'NONE', #105, #1529 ) ;
#2859 = VERTEX_POINT ( 'NONE', #4941 ) ;
#2860 = CARTESIAN_POINT ( 'NONE',  ( 1.100000000000002087, 0.2507106781186555500, 0.7999999999999967137 ) ) ;
#2861 = ORIENTED_EDGE ( 'NONE', *, *, #1439, .F. ) ;
#2862 = DIRECTION ( 'NONE',  ( 0.000000000000000000, 1.000000000000000000, 0.000000000000000000 ) ) ;
#2863 = CARTESIAN_POINT ( 'NONE',  ( -1.150000000000002576, 0.000000000000000000, -0.7999999999999952704 ) ) ;
#2864 = AXIS2_PLACEMENT_3D ( 'NONE', #4271, #1664, #4760 ) ;
#2865 = ORIENTED_EDGE ( 'NONE', *, *, #2329, .T. ) ;
#2866 = DIRECTION ( 'NONE',  ( 1.000000000000000000, 0.000000000000000000, -3.491481338843133355E-15 ) ) ;
#2867 = VECTOR ( 'NONE', #1934, 1000.000000000000000 ) ;
#2868 = LINE ( 'NONE', #1307, #1106 ) ;
#2869 = DIRECTION ( 'NONE',  ( 0.000000000000000000, 1.000000000000000000, 0.000000000000000000 ) ) ;
#2870 = CARTESIAN_POINT ( 'NONE',  ( -1.050000000000003597, 0.1299999999999998934, -0.9610464578786985790 ) ) ;
#2871 = ORIENTED_EDGE ( 'NONE', *, *, #374, .F. ) ;
#2872 = EDGE_LOOP ( 'NONE', ( #1655, #2580, #3658, #4357 ) ) ;
#2873 = UNCERTAINTY_MEASURE_WITH_UNIT (LENGTH_MEASURE( 1.000000000000000082E-05 ), #3341, 'distance_accuracy_value', 'NONE');
#2874 = CIRCLE ( 'NONE', #3510, 0.3000000000000000444 ) ;
#2875 = CARTESIAN_POINT ( 'NONE',  ( 0.8000000000000037081, 0.7500000000000024425, 0.9999999999999974465 ) ) ;
#2876 = DIRECTION ( 'NONE',  ( -0.000000000000000000, -1.000000000000000000, -0.000000000000000000 ) ) ;
#2877 = ORIENTED_EDGE ( 'NONE', *, *, #1403, .T. ) ;
#2878 = VECTOR ( 'NONE', #432, 1000.000000000000000 ) ;
#2879 = VERTEX_POINT ( 'NONE', #4563 ) ;
#2880 = AXIS2_PLACEMENT_3D ( 'NONE', #4261, #2728, #377 ) ;
#2881 = DIRECTION ( 'NONE',  ( 0.000000000000000000, 1.000000000000000000, 0.000000000000000000 ) ) ;
#2882 = DIRECTION ( 'NONE',  ( -3.702006032529638986E-15, -0.000000000000000000, -1.000000000000000000 ) ) ;
#2883 = ORIENTED_EDGE ( 'NONE', *, *, #4856, .T. ) ;
#2884 =( NAMED_UNIT ( * ) PLANE_ANGLE_UNIT ( ) SI_UNIT ( $, .RADIAN. ) );
#2885 = LINE ( 'NONE', #3205, #4313 ) ;
#2886 = DIRECTION ( 'NONE',  ( -3.491481338843133355E-15, 0.000000000000000000, -1.000000000000000000 ) ) ;
#2887 = EDGE_CURVE ( 'NONE', #1824, #2676, #2214, .T. ) ;
#2888 = ORIENTED_EDGE ( 'NONE', *, *, #1559, .F. ) ;
#2889 = DIRECTION ( 'NONE',  ( -3.801253388124706614E-15, -0.000000000000000000, -1.000000000000000000 ) ) ;
#2890 = CYLINDRICAL_SURFACE ( 'NONE', #2838, 0.1000000000000001582 ) ;
#2891 = ORIENTED_EDGE ( 'NONE', *, *, #1729, .T. ) ;
#2892 = SURFACE_STYLE_FILL_AREA ( #954 ) ;
#2893 = ADVANCED_FACE ( 'NONE', ( #3751 ), #4862, .F. ) ;
#2894 = CARTESIAN_POINT ( 'NONE',  ( -1.150000000000001465, 0.1000000000000000056, -0.4999999999999953371 ) ) ;
#2895 = CARTESIAN_POINT ( 'NONE',  ( 1.149999999999997025, 0.2299999999999998990, -0.8000000000000031530 ) ) ;
#2896 = DIRECTION ( 'NONE',  ( 3.491481338843133355E-15, 0.000000000000000000, 1.000000000000000000 ) ) ;
#2897 = ORIENTED_EDGE ( 'NONE', *, *, #4984, .T. ) ;
#2898 = AXIS2_PLACEMENT_3D ( 'NONE', #4113, #2623, #3713 ) ;
#2899 = PLANE ( 'NONE',  #953 ) ;
#2900 = CARTESIAN_POINT ( 'NONE',  ( 0.8500000000000028644, 0.9000000000000001332, 0.7999999999999974909 ) ) ;
#2901 = EDGE_LOOP ( 'NONE', ( #3075, #2160, #3720, #600 ) ) ;
#2902 = ORIENTED_EDGE ( 'NONE', *, *, #1075, .T. ) ;
#2903 = CARTESIAN_POINT ( 'NONE',  ( 1.149999999999995692, 0.1000000000000000056, -1.150000000000003908 ) ) ;
#2904 = AXIS2_PLACEMENT_3D ( 'NONE', #4214, #1907, #3283 ) ;
#2905 = CARTESIAN_POINT ( 'NONE',  ( -1.150000000000003686, 0.2300000000000000100, -1.029999999999996252 ) ) ;
#2906 = VECTOR ( 'NONE', #202, 1000.000000000000000 ) ;
#2907 = ORIENTED_EDGE ( 'NONE', *, *, #2161, .F. ) ;
#2908 = LINE ( 'NONE', #631, #1764 ) ;
#2909 = CARTESIAN_POINT ( 'NONE',  ( -0.8000000000000031530, 0.8999999999999998002, -0.8499999999999973133 ) ) ;
#2910 = DIRECTION ( 'NONE',  ( 0.000000000000000000, -1.000000000000000000, 0.000000000000000000 ) ) ;
#2911 = CIRCLE ( 'NONE', #4268, 0.1499999999999999667 ) ;
#2912 = VECTOR ( 'NONE', #4175, 1000.000000000000000 ) ;
#2913 = VERTEX_POINT ( 'NONE', #2766 ) ;
#2914 = DIRECTION ( 'NONE',  ( 3.491481338843133355E-15, -0.000000000000000000, 1.000000000000000000 ) ) ;
#2915 = DIRECTION ( 'NONE',  ( 1.000000000000000000, 0.000000000000000000, -3.614007241618349165E-15 ) ) ;
#2916 = ORIENTED_EDGE ( 'NONE', *, *, #2887, .T. ) ;
#2917 = EDGE_CURVE ( 'NONE', #2879, #4348, #4276, .T. ) ;
#2918 = PRESENTATION_LAYER_ASSIGNMENT (  '', '', ( #5002 ) ) ;
#2919 = DIRECTION ( 'NONE',  ( -0.000000000000000000, -1.000000000000000000, -0.000000000000000000 ) ) ;
#2920 = CARTESIAN_POINT ( 'NONE',  ( 0.9610464578786992451, 0.1299999999999996714, -1.050000000000003597 ) ) ;
#2921 = DIRECTION ( 'NONE',  ( 3.181709289561560491E-15, 0.000000000000000000, 1.000000000000000000 ) ) ;
#2922 = PRESENTATION_LAYER_ASSIGNMENT (  '', '', ( #4691 ) ) ;
#2923 = VECTOR ( 'NONE', #4335, 1000.000000000000000 ) ;
#2924 = CARTESIAN_POINT ( 'NONE',  ( -1.120710678118657100, 0.2299999999999999822, -0.7999999999999959366 ) ) ;
#2925 = CARTESIAN_POINT ( 'NONE',  ( 0.9171572875253767299, 0.1914739966757354472, -1.000000000000002442 ) ) ;
#2926 = ORIENTED_EDGE ( 'NONE', *, *, #74, .F. ) ;
#2927 = ORIENTED_EDGE ( 'NONE', *, *, #4352, .T. ) ;
#2928 = CARTESIAN_POINT ( 'NONE',  ( 1.249999999999995115, 0.1300000000000000044, -1.250000000000000888 ) ) ;
#2929 = VERTEX_POINT ( 'NONE', #1923 ) ;
#2930 =( NAMED_UNIT ( * ) SI_UNIT ( $, .STERADIAN. ) SOLID_ANGLE_UNIT ( ) );
#2931 = CARTESIAN_POINT ( 'NONE',  ( 1.030000000000003801, 0.1300000000000000044, 1.149999999999996358 ) ) ;
#2932 = CARTESIAN_POINT ( 'NONE',  ( 0.8499999999999973133, 0.8999999999999998002, -0.8000000000000029310 ) ) ;
#2933 = ORIENTED_EDGE ( 'NONE', *, *, #910, .F. ) ;
#2934 = FILL_AREA_STYLE_COLOUR ( '', #228 ) ;
#2935 = VERTEX_POINT ( 'NONE', #1485 ) ;
#2936 = CARTESIAN_POINT ( 'NONE',  ( -0.8000000000000041522, 0.2299999999999998990, -1.149999999999997247 ) ) ;
#2937 = CARTESIAN_POINT ( 'NONE',  ( 1.150000000000002576, 0.000000000000000000, 0.7999999999999961586 ) ) ;
#2938 = VERTEX_POINT ( 'NONE', #3145 ) ;
#2939 = EDGE_CURVE ( 'NONE', #2935, #788, #1950, .T. ) ;
#2940 = EDGE_CURVE ( 'NONE', #1809, #1659, #3818, .T. ) ;
#2941 = DIRECTION ( 'NONE',  ( -1.000000000000000000, 0.000000000000000000, 3.491481338843133355E-15 ) ) ;
#2942 = EDGE_CURVE ( 'NONE', #988, #3340, #3495, .T. ) ;
#2943 = DIRECTION ( 'NONE',  ( -0.000000000000000000, -1.000000000000000000, -0.000000000000000000 ) ) ;
#2944 = EDGE_CURVE ( 'NONE', #3325, #4707, #3918, .T. ) ;
#2945 = AXIS2_PLACEMENT_3D ( 'NONE', #1979, #3798, #3479 ) ;
#2946 = ADVANCED_FACE ( 'NONE', ( #825 ), #4587, .F. ) ;
#2947 = AXIS2_PLACEMENT_3D ( 'NONE', #4839, #3603, #500 ) ;
#2948 = ADVANCED_FACE ( 'NONE', ( #4298 ), #750, .F. ) ;
#2949 = EDGE_CURVE ( 'NONE', #3857, #3864, #1904, .T. ) ;
#2950 = CARTESIAN_POINT ( 'NONE',  ( -1.030000000000003801, 0.2300000000000000100, -1.149999999999996581 ) ) ;
#2951 = LINE ( 'NONE', #4484, #3270 ) ;
#2952 = ORIENTED_EDGE ( 'NONE', *, *, #2564, .T. ) ;
#2953 = ORIENTED_EDGE ( 'NONE', *, *, #1790, .F. ) ;
#2954 = DIRECTION ( 'NONE',  ( -1.000000000000000000, 0.000000000000000000, 3.355956067282445301E-15 ) ) ;
#2955 = VECTOR ( 'NONE', #1811, 1000.000000000000000 ) ;
#2956 = AXIS2_PLACEMENT_3D ( 'NONE', #164, #2980, #4521 ) ;
#2957 = DIRECTION ( 'NONE',  ( -3.491481338843133355E-15, 0.000000000000000000, -1.000000000000000000 ) ) ;
#2958 = ORIENTED_EDGE ( 'NONE', *, *, #4857, .F. ) ;
#2959 = VECTOR ( 'NONE', #4721, 1000.000000000000000 ) ;
#2960 = CARTESIAN_POINT ( 'NONE',  ( -0.9171572875253847235, 0.7499999999999997780, -0.9999999999999970024 ) ) ;
#2961 = CARTESIAN_POINT ( 'NONE',  ( 0.9999999999999971134, 0.7499999999999997780, -0.9171572875253862778 ) ) ;
#2962 = ORIENTED_EDGE ( 'NONE', *, *, #4361, .T. ) ;
#2963 = SURFACE_STYLE_USAGE ( .BOTH. , #637 ) ;
#2964 = ORIENTED_EDGE ( 'NONE', *, *, #3521, .F. ) ;
#2965 = CARTESIAN_POINT ( 'NONE',  ( -0.8500000000000004219, 1.000000000000000000, 2.967759138016664535E-15 ) ) ;
#2966 = DIRECTION ( 'NONE',  ( -1.000000000000000000, 0.000000000000000000, 3.469446951953615767E-15 ) ) ;
#2967 = ORIENTED_EDGE ( 'NONE', *, *, #238, .T. ) ;
#2968 = LINE ( 'NONE', #1768, #876 ) ;
#2969 = CARTESIAN_POINT ( 'NONE',  ( -1.151413695764975209, 0.1300066619336573970, -0.7999999999999961586 ) ) ;
#2970 = DIRECTION ( 'NONE',  ( 1.000000000000000000, 0.000000000000000000, -2.871937240279987626E-15 ) ) ;
#2971 = DIRECTION ( 'NONE',  ( -0.000000000000000000, -1.000000000000000000, 0.000000000000000000 ) ) ;
#2972 = ORIENTED_EDGE ( 'NONE', *, *, #4939, .F. ) ;
#2973 = EDGE_LOOP ( 'NONE', ( #1609, #2816, #4684, #2964 ) ) ;
#2974 = CARTESIAN_POINT ( 'NONE',  ( 1.150000000000000133, 0.000000000000000000, 0.1499999999999961364 ) ) ;
#2975 = DIRECTION ( 'NONE',  ( -0.000000000000000000, -1.000000000000000000, -0.000000000000000000 ) ) ;
#2976 = CARTESIAN_POINT ( 'NONE',  ( -1.150000000000000133, 0.000000000000000000, -0.1499999999999956646 ) ) ;
#2977 = CARTESIAN_POINT ( 'NONE',  ( -1.150000000000003242, 0.2799999999999998601, -0.7999999999999960476 ) ) ;
#2978 = VERTEX_POINT ( 'NONE', #3448 ) ;
#2979 = ORIENTED_EDGE ( 'NONE', *, *, #1495, .F. ) ;
#2980 = DIRECTION ( 'NONE',  ( -0.000000000000000000, -1.000000000000000000, -0.000000000000000000 ) ) ;
#2981 = CARTESIAN_POINT ( 'NONE',  ( -1.250000000000012434, 0.1300000000000000044, -1.249999999999993339 ) ) ;
#2982 = CARTESIAN_POINT ( 'NONE',  ( -1.149999999999999689, 0.000000000000000000, 4.015203539669602570E-15 ) ) ;
#2983 = COLOUR_RGB ( '',0.9686274509803921573, 0.8784313725490195957, 0.5999999999999999778 ) ;
#2984 = ORIENTED_EDGE ( 'NONE', *, *, #2940, .F. ) ;
#2985 = VECTOR ( 'NONE', #4985, 1000.000000000000000 ) ;
#2986 = CARTESIAN_POINT ( 'NONE',  ( -0.9539983479848433978, 0.1291723363603947961, -1.062891624136441893 ) ) ;
#2987 = VECTOR ( 'NONE', #877, 1000.000000000000000 ) ;
#2988 = DIRECTION ( 'NONE',  ( 1.000000000000000000, 0.000000000000000000, -3.491481338843133355E-15 ) ) ;
#2989 = DIRECTION ( 'NONE',  ( 3.627006610403821410E-15, 0.000000000000000000, 1.000000000000000000 ) ) ;
#2990 = CARTESIAN_POINT ( 'NONE',  ( 5.237222008264702005E-16, 0.000000000000000000, 0.1500000000000000777 ) ) ;
#2991 = EDGE_LOOP ( 'NONE', ( #4893, #736, #4282, #497 ) ) ;
#2992 = ORIENTED_EDGE ( 'NONE', *, *, #5001, .T. ) ;
#2993 = VECTOR ( 'NONE', #4498, 1000.000000000000000 ) ;
#2994 = EDGE_CURVE ( 'NONE', #3905, #2471, #3120, .T. ) ;
#2995 = DIRECTION ( 'NONE',  ( -3.469446951953614189E-15, 3.469446951953614189E-14, -1.000000000000000000 ) ) ;
#2996 = EDGE_CURVE ( 'NONE', #3551, #3226, #396, .T. ) ;
#2997 = PRODUCT_DEFINITION_SHAPE ( 'NONE', 'NONE',  #4110 ) ;
#2998 = DIRECTION ( 'NONE',  ( 1.000000000000000000, 0.000000000000000000, -3.801253388124706614E-15 ) ) ;
#2999 = CARTESIAN_POINT ( 'NONE',  ( 1.099999999999997424, 0.2800000000000015810, -0.8000000000000022649 ) ) ;
#3000 = ADVANCED_FACE ( 'NONE', ( #1977 ), #2607, .T. ) ;
#3001 = PLANE ( 'NONE',  #4102 ) ;
#3002 = ORIENTED_EDGE ( 'NONE', *, *, #1658, .T. ) ;
#3003 = ADVANCED_FACE ( 'NONE', ( #3424 ), #4967, .F. ) ;
#3004 = CARTESIAN_POINT ( 'NONE',  ( 0.9150757595082533724, 0.9999999999999997780, 0.9964466094067225832 ) ) ;
#3005 = ORIENTED_EDGE ( 'NONE', *, *, #735, .T. ) ;
#3006 = SURFACE_STYLE_FILL_AREA ( #4950 ) ;
#3007 = FACE_OUTER_BOUND ( 'NONE', #3446, .T. ) ;
#3008 = CARTESIAN_POINT ( 'NONE',  ( 1.150000000000002576, 0.000000000000000000, 0.7999999999999961586 ) ) ;
#3009 = CARTESIAN_POINT ( 'NONE',  ( 0.8500000000000001998, 0.7500000000000000000, -2.852562657190078900E-15 ) ) ;
#3010 = VERTEX_POINT ( 'NONE', #4230 ) ;
#3011 = DIRECTION ( 'NONE',  ( -1.000000000000000000, -0.000000000000000000, 3.801253388124705825E-15 ) ) ;
#3012 = CARTESIAN_POINT ( 'NONE',  ( 0.5999999999999908740, 0.1000000000000000056, -0.9750000000000021982 ) ) ;
#3013 = DIRECTION ( 'NONE',  ( -1.000000000000000000, 0.000000000000000000, 3.491481338843133355E-15 ) ) ;
#3014 = DIRECTION ( 'NONE',  ( 1.000000000000000000, 0.000000000000000000, -3.614007241618349165E-15 ) ) ;
#3015 = LINE ( 'NONE', #1150, #2698 ) ;
#3016 = EDGE_LOOP ( 'NONE', ( #1937, #3213, #1091, #4686 ) ) ;
#3017 = ORIENTED_EDGE ( 'NONE', *, *, #11, .T. ) ;
#3018 = CIRCLE ( 'NONE', #2864, 0.1000000000000001027 ) ;
#3019 = CARTESIAN_POINT ( 'NONE',  ( -1.029999999999995586, 0.1300000000000000044, 1.150000000000003464 ) ) ;
#3020 = CIRCLE ( 'NONE', #2956, 0.1499999999999999389 ) ;
#3021 = PLANE ( 'NONE',  #3542 ) ;
#3022 = LINE ( 'NONE', #3869, #2777 ) ;
#3023 = CARTESIAN_POINT ( 'NONE',  ( -0.8000000000000002665, 0.000000000000000000, -0.1499999999999970524 ) ) ;
#3024 = VECTOR ( 'NONE', #49, 1000.000000000000000 ) ;
#3025 = ORIENTED_EDGE ( 'NONE', *, *, #4201, .F. ) ;
#3026 = ORIENTED_EDGE ( 'NONE', *, *, #374, .T. ) ;
#3027 = LINE ( 'NONE', #4644, #4161 ) ;
#3028 = DIRECTION ( 'NONE',  ( -1.000000000000000000, 0.000000000000000000, 3.491481338843133355E-15 ) ) ;
#3029 = FACE_OUTER_BOUND ( 'NONE', #2901, .T. ) ;
#3030 = CARTESIAN_POINT ( 'NONE',  ( 0.8840309863421768055, 0.1681966011250106974, 1.049999999999997380 ) ) ;
#3031 = CIRCLE ( 'NONE', #3183, 0.1499999999999999389 ) ;
#3032 = ORIENTED_EDGE ( 'NONE', *, *, #2791, .T. ) ;
#3033 = CARTESIAN_POINT ( 'NONE',  ( -0.7999999999999974909, 1.000000000000000000, 0.8500000000000030864 ) ) ;
#3034 = FACE_OUTER_BOUND ( 'NONE', #2317, .T. ) ;
#3035 = ADVANCED_FACE ( 'NONE', ( #2310 ), #2025, .T. ) ;
#3036 = DIRECTION ( 'NONE',  ( 0.000000000000000000, 1.000000000000000000, 0.000000000000000000 ) ) ;
#3037 = CARTESIAN_POINT ( 'NONE',  ( 1.150000000000000133, 0.1000000000000000056, 0.1499999999999961364 ) ) ;
#3038 = CARTESIAN_POINT ( 'NONE',  ( -1.030862378215508413, 0.2300000000000000655, -1.064270121133411573 ) ) ;
#3039 = ORIENTED_EDGE ( 'NONE', *, *, #44, .F. ) ;
#3040 = ORIENTED_EDGE ( 'NONE', *, *, #3574, .T. ) ;
#3041 = ADVANCED_FACE ( 'NONE', ( #4409 ), #2899, .F. ) ;
#3042 = CARTESIAN_POINT ( 'NONE',  ( 0.9539983479848425096, 0.1291723363603947961, 1.062891624136441004 ) ) ;
#3043 = CARTESIAN_POINT ( 'NONE',  ( -0.7999999999999979350, 0.000000000000000000, 0.5000000000000024425 ) ) ;
#3044 = CARTESIAN_POINT ( 'NONE',  ( 4.364351673553934049E-15, 0.1300000000000000044, 1.250000000000004885 ) ) ;
#3045 = FACE_OUTER_BOUND ( 'NONE', #1165, .T. ) ;
#3046 = EDGE_CURVE ( 'NONE', #4159, #1009, #1640, .T. ) ;
#3047 = EDGE_LOOP ( 'NONE', ( #106, #2246 ) ) ;
#3048 = VERTEX_POINT ( 'NONE', #934 ) ;
#3049 = DIRECTION ( 'NONE',  ( 3.491481338843133355E-15, -0.000000000000000000, 1.000000000000000000 ) ) ;
#3050 = FACE_OUTER_BOUND ( 'NONE', #3112, .T. ) ;
#3051 = FACE_OUTER_BOUND ( 'NONE', #95, .T. ) ;
#3052 = ORIENTED_EDGE ( 'NONE', *, *, #138, .F. ) ;
#3053 = VECTOR ( 'NONE', #3199, 1000.000000000000000 ) ;
#3054 = CARTESIAN_POINT ( 'NONE',  ( 0.4999999999999907851, 0.1000000000000000056, -0.9750000000000018652 ) ) ;
#3055 = DIRECTION ( 'NONE',  ( -3.355956067282445301E-15, -0.000000000000000000, -1.000000000000000000 ) ) ;
#3056 = EDGE_CURVE ( 'NONE', #295, #1136, #1848, .T. ) ;
#3057 = EDGE_CURVE ( 'NONE', #4858, #695, #2911, .T. ) ;
#3058 = EDGE_CURVE ( 'NONE', #3432, #991, #3224, .T. ) ;
#3059 = AXIS2_PLACEMENT_3D ( 'NONE', #2470, #2031, #4330 ) ;
#3060 = CARTESIAN_POINT ( 'NONE',  ( 0.8439535588689879297, 0.2300000000000000100, -1.150000000000003020 ) ) ;
#3061 = DIRECTION ( 'NONE',  ( -1.000000000000000000, 0.000000000000000000, 4.336808689942025625E-15 ) ) ;
#3062 = DIRECTION ( 'NONE',  ( 0.000000000000000000, 1.000000000000000000, 0.000000000000000000 ) ) ;
#3063 = ORIENTED_EDGE ( 'NONE', *, *, #1976, .F. ) ;
#3064 = ADVANCED_FACE ( 'NONE', ( #3602 ), #1668, .F. ) ;
#3065 = AXIS2_PLACEMENT_3D ( 'NONE', #1530, #767, #2736 ) ;
#3066 = ORIENTED_EDGE ( 'NONE', *, *, #2996, .T. ) ;
#3067 = CIRCLE ( 'NONE', #4603, 0.1199999999999998845 ) ;
#3068 = CARTESIAN_POINT ( 'NONE',  ( 0.9171572875253828361, 0.1914739966757366685, 0.9999999999999940048 ) ) ;
#3069 = ADVANCED_FACE ( 'NONE', ( #4816, #2818, #4739, #4061, #4764, #3254, #498, #144, #93, #2055 ), #4788, .F. ) ;
#3070 = FACE_OUTER_BOUND ( 'NONE', #3770, .T. ) ;
#3071 = FACE_OUTER_BOUND ( 'NONE', #4617, .T. ) ;
#3072 = PLANE ( 'NONE',  #4338 ) ;
#3073 = VECTOR ( 'NONE', #1812, 1000.000000000000000 ) ;
#3074 = AXIS2_PLACEMENT_3D ( 'NONE', #1571, #3130, #2754 ) ;
#3075 = ORIENTED_EDGE ( 'NONE', *, *, #2407, .F. ) ;
#3076 = ORIENTED_EDGE ( 'NONE', *, *, #1666, .F. ) ;
#3077 = CARTESIAN_POINT ( 'NONE',  ( -0.8439535588689818235, 0.2299999999999999822, 1.150000000000003020 ) ) ;
#3078 = DIRECTION ( 'NONE',  ( -3.181709289561560885E-15, 0.000000000000000000, -1.000000000000000000 ) ) ;
#3079 = CARTESIAN_POINT ( 'NONE',  ( -1.049999999999996936, 0.1681966011250107251, 0.8000000000000040412 ) ) ;
#3080 = CARTESIAN_POINT ( 'NONE',  ( -1.099999999999996314, 0.2507106781186557165, 0.8000000000000043743 ) ) ;
#3081 = VERTEX_POINT ( 'NONE', #2875 ) ;
#3082 = UNCERTAINTY_MEASURE_WITH_UNIT (LENGTH_MEASURE( 1.000000000000000082E-05 ), #3290, 'distance_accuracy_value', 'NONE');
#3083 = CARTESIAN_POINT ( 'NONE',  ( -0.8284245181110799772, 1.000000000000000000, 0.8496829852707336039 ) ) ;
#3084 = DIRECTION ( 'NONE',  ( -3.491481338843133355E-15, 0.000000000000000000, -1.000000000000000000 ) ) ;
#3085 = ADVANCED_FACE ( 'NONE', ( #3172 ), #3195, .F. ) ;
#3086 = EDGE_CURVE ( 'NONE', #2038, #1960, #4600, .T. ) ;
#3087 = EDGE_CURVE ( 'NONE', #2938, #3616, #2492, .T. ) ;
#3088 = ADVANCED_FACE ( 'NONE', ( #553 ), #2440, .F. ) ;
#3089 = CARTESIAN_POINT ( 'NONE',  ( -0.7999999999999970468, 0.1000000000000000056, 0.8000000000000023759 ) ) ;
#3090 = PLANE ( 'NONE',  #4554 ) ;
#3091 = CARTESIAN_POINT ( 'NONE',  ( -1.149999999999997025, 0.1000000000000000056, 0.8000000000000037081 ) ) ;
#3092 = ORIENTED_EDGE ( 'NONE', *, *, #2105, .F. ) ;
#3093 = ORIENTED_EDGE ( 'NONE', *, *, #1186, .T. ) ;
#3094 = EDGE_CURVE ( 'NONE', #4027, #2935, #4709, .T. ) ;
#3095 = ADVANCED_FACE ( 'NONE', ( #118 ), #4325, .F. ) ;
#3096 = DIRECTION ( 'NONE',  ( -1.000000000000000000, -0.000000000000000000, 3.801253388124705825E-15 ) ) ;
#3097 = LINE ( 'NONE', #1796, #2547 ) ;
#3098 = LINE ( 'NONE', #3043, #371 ) ;
#3099 = CARTESIAN_POINT ( 'NONE',  ( -2.793185071074505107E-15, 0.000000000000000000, -0.7999999999999994893 ) ) ;
#3100 = CARTESIAN_POINT ( 'NONE',  ( 0.7999999999999967137, 0.1681966011250103643, -1.050000000000002931 ) ) ;
#3101 = EDGE_CURVE ( 'NONE', #666, #2534, #3766, .T. ) ;
#3102 = AXIS2_PLACEMENT_3D ( 'NONE', #946, #925, #2508 ) ;
#3103 = CARTESIAN_POINT ( 'NONE',  ( 0.7999999999999943823, 0.2800000000000015810, -1.100000000000002975 ) ) ;
#3104 = VERTEX_POINT ( 'NONE', #2950 ) ;
#3105 = PLANE ( 'NONE',  #2464 ) ;
#3106 = CARTESIAN_POINT ( 'NONE',  ( 0.7999999999999963807, 0.2299999999999999545, -1.150000000000002798 ) ) ;
#3107 = CARTESIAN_POINT ( 'NONE',  ( -0.9378679656440330747, 0.8999999999999996891, 0.8000000000000038192 ) ) ;
#3108 = DIRECTION ( 'NONE',  ( 1.000000000000000000, 0.000000000000000000, -4.111025437406278295E-15 ) ) ;
#3109 = VERTEX_POINT ( 'NONE', #4083 ) ;
#3110 = VECTOR ( 'NONE', #3191, 1000.000000000000000 ) ;
#3111 = CYLINDRICAL_SURFACE ( 'NONE', #3643, 0.1499999999999999667 ) ;
#3112 = EDGE_LOOP ( 'NONE', ( #1781, #364, #1379, #3285 ) ) ;
#3113 = AXIS2_PLACEMENT_3D ( 'NONE', #4745, #508, #2034 ) ;
#3114 = FACE_OUTER_BOUND ( 'NONE', #208, .T. ) ;
#3115 = CARTESIAN_POINT ( 'NONE',  ( 1.249999999999998446, 0.000000000000000000, 1.250000000000000444 ) ) ;
#3116 = DIRECTION ( 'NONE',  ( 1.000000000000000000, 0.000000000000000000, -3.491481338843133355E-15 ) ) ;
#3117 = LINE ( 'NONE', #2437, #3671 ) ;
#3118 = ORIENTED_EDGE ( 'NONE', *, *, #4512, .F. ) ;
#3119 = ORIENTED_EDGE ( 'NONE', *, *, #378, .T. ) ;
#3120 = LINE ( 'NONE', #3866, #4517 ) ;
#3121 = ORIENTED_EDGE ( 'NONE', *, *, #1878, .T. ) ;
#3122 = CARTESIAN_POINT ( 'NONE',  ( -1.250000000000012434, 0.1300000000000000044, -1.249999999999993339 ) ) ;
#3123 = CARTESIAN_POINT ( 'NONE',  ( -1.000000000000003553, 0.7499999999999997780, -0.9171572875253776180 ) ) ;
#3124 = DIRECTION ( 'NONE',  ( -3.627006610403821410E-15, -0.000000000000000000, -1.000000000000000000 ) ) ;
#3125 = DIRECTION ( 'NONE',  ( 1.000000000000000000, 0.000000000000000000, -3.307784318971030239E-15 ) ) ;
#3126 = ORIENTED_EDGE ( 'NONE', *, *, #1416, .F. ) ;
#3127 = SURFACE_STYLE_FILL_AREA ( #4308 ) ;
#3128 = DIRECTION ( 'NONE',  ( 0.000000000000000000, 1.000000000000000000, 0.000000000000000000 ) ) ;
#3129 = CARTESIAN_POINT ( 'NONE',  ( -0.8499999999999974243, 0.8999999999999998002, 0.8000000000000034861 ) ) ;
#3130 = DIRECTION ( 'NONE',  ( 0.000000000000000000, 1.000000000000000000, 0.000000000000000000 ) ) ;
#3131 = ORIENTED_EDGE ( 'NONE', *, *, #2002, .F. ) ;
#3132 = PLANE ( 'NONE',  #3790 ) ;
#3133 = ORIENTED_EDGE ( 'NONE', *, *, #851, .T. ) ;
#3134 = PLANE ( 'NONE',  #3710 ) ;
#3135 = CIRCLE ( 'NONE', #1430, 0.3000000000000000444 ) ;
#3136 = AXIS2_PLACEMENT_3D ( 'NONE', #4578, #1501, #2281 ) ;
#3137 = ADVANCED_FACE ( 'NONE', ( #622 ), #195, .F. ) ;
#3138 = CARTESIAN_POINT ( 'NONE',  ( -0.9964466094067229163, 0.9999999999999997780, 0.9150757595082542606 ) ) ;
#3139 = DIRECTION ( 'NONE',  ( 3.181709289561560491E-15, -0.000000000000000000, 1.000000000000000000 ) ) ;
#3140 = LINE ( 'NONE', #4654, #2377 ) ;
#3141 = DIRECTION ( 'NONE',  ( -1.000000000000000000, -0.000000000000000000, 2.871937240279987626E-15 ) ) ;
#3142 = ORIENTED_EDGE ( 'NONE', *, *, #4029, .F. ) ;
#3143 = EDGE_LOOP ( 'NONE', ( #2286, #2992, #1754, #4463, #1750, #224, #945, #1141 ) ) ;
#3144 = AXIS2_PLACEMENT_3D ( 'NONE', #725, #1130, #2693 ) ;
#3145 = CARTESIAN_POINT ( 'NONE',  ( 0.8000000000000002665, 0.000000000000000000, 0.1499999999999972744 ) ) ;
#3146 = AXIS2_PLACEMENT_3D ( 'NONE', #1939, #4977, #315 ) ;
#3147 = VERTEX_POINT ( 'NONE', #2638 ) ;
#3148 = FACE_OUTER_BOUND ( 'NONE', #3361, .T. ) ;
#3149 = CARTESIAN_POINT ( 'NONE',  ( -5.237222008264691158E-16, 0.000000000000000000, -0.1499999999999997446 ) ) ;
#3150 = VECTOR ( 'NONE', #571, 1000.000000000000000 ) ;
#3151 = ADVANCED_FACE ( 'NONE', ( #3371 ), #2218, .F. ) ;
#3152 = EDGE_CURVE ( 'NONE', #1995, #1766, #1367, .T. ) ;
#3153 = ADVANCED_FACE ( 'NONE', ( #4483 ), #1822, .F. ) ;
#3154 = DIRECTION ( 'NONE',  ( 0.000000000000000000, 1.000000000000000000, 0.000000000000000000 ) ) ;
#3155 = ORIENTED_EDGE ( 'NONE', *, *, #4040, .T. ) ;
#3156 = EDGE_CURVE ( 'NONE', #520, #3147, #2563, .T. ) ;
#3157 = CARTESIAN_POINT ( 'NONE',  ( 0.8000000000000003775, 0.1000000000000000056, 0.1499999999999972744 ) ) ;
#3158 = CARTESIAN_POINT ( 'NONE',  ( -1.150000000000003908, 0.1000000000000000056, -1.149999999999994804 ) ) ;
#3159 = CARTESIAN_POINT ( 'NONE',  ( -0.7999999999999968248, 0.8999999999999996891, 0.9378679656440387369 ) ) ;
#3160 = DIRECTION ( 'NONE',  ( -3.491481338843133355E-15, 0.000000000000000000, -1.000000000000000000 ) ) ;
#3161 = EDGE_LOOP ( 'NONE', ( #1947, #606, #1536, #2933 ) ) ;
#3162 = AXIS2_PLACEMENT_3D ( 'NONE', #3009, #4548, #1020 ) ;
#3163 = ADVANCED_FACE ( 'NONE', ( #2541 ), #267, .F. ) ;
#3164 = DIRECTION ( 'NONE',  ( 3.801253388124706614E-15, -0.000000000000000000, 1.000000000000000000 ) ) ;
#3165 = EDGE_LOOP ( 'NONE', ( #1574, #2776, #2877, #577 ) ) ;
#3166 = CARTESIAN_POINT ( 'NONE',  ( 0.7999999999999969358, 0.000000000000000000, -0.8000000000000027089 ) ) ;
#3167 = DIRECTION ( 'NONE',  ( 0.000000000000000000, 1.000000000000000000, 0.000000000000000000 ) ) ;
#3168 = DIRECTION ( 'NONE',  ( 0.000000000000000000, 1.000000000000000000, 0.000000000000000000 ) ) ;
#3169 = DIRECTION ( 'NONE',  ( -0.000000000000000000, -1.000000000000000000, 0.000000000000000000 ) ) ;
#3170 = ORIENTED_EDGE ( 'NONE', *, *, #275, .F. ) ;
#3171 = ORIENTED_EDGE ( 'NONE', *, *, #2851, .T. ) ;
#3172 = FACE_OUTER_BOUND ( 'NONE', #2845, .T. ) ;
#3173 = ORIENTED_EDGE ( 'NONE', *, *, #4835, .T. ) ;
#3174 = ORIENTED_EDGE ( 'NONE', *, *, #950, .T. ) ;
#3175 = FACE_OUTER_BOUND ( 'NONE', #3706, .T. ) ;
#3176 = DIRECTION ( 'NONE',  ( 1.000000000000000000, 0.000000000000000000, -3.491481338843133355E-15 ) ) ;
#3177 = VERTEX_POINT ( 'NONE', #4555 ) ;
#3178 = CARTESIAN_POINT ( 'NONE',  ( -0.7999999999999979350, 0.1000000000000000056, 0.5000000000000025535 ) ) ;
#3179 = FACE_OUTER_BOUND ( 'NONE', #2278, .T. ) ;
#3180 = CARTESIAN_POINT ( 'NONE',  ( 0.9999999999999974465, 0.7499999999999945599, -0.8000000000000014877 ) ) ;
#3181 = CARTESIAN_POINT ( 'NONE',  ( -1.150000000000003908, 0.1000000000000000056, -1.149999999999994804 ) ) ;
#3182 = ORIENTED_EDGE ( 'NONE', *, *, #597, .T. ) ;
#3183 = AXIS2_PLACEMENT_3D ( 'NONE', #3625, #2106, #3276 ) ;
#3184 = CARTESIAN_POINT ( 'NONE',  ( 0.8000000000000025979, 0.1000000000000000056, 0.7999999999999972689 ) ) ;
#3185 = EDGE_LOOP ( 'NONE', ( #556, #4039, #343, #4485 ) ) ;
#3186 = DIRECTION ( 'NONE',  ( -0.000000000000000000, -1.000000000000000000, -0.000000000000000000 ) ) ;
#3187 = AXIS2_PLACEMENT_3D ( 'NONE', #4189, #855, #154 ) ;
#3188 = VECTOR ( 'NONE', #3533, 1000.000000000000000 ) ;
#3189 = DIRECTION ( 'NONE',  ( 0.000000000000000000, -1.000000000000000000, 0.000000000000000000 ) ) ;
#3190 = CARTESIAN_POINT ( 'NONE',  ( 0.7999999999999954925, 0.7499999999999972244, -1.100000000000002975 ) ) ;
#3191 = DIRECTION ( 'NONE',  ( -0.000000000000000000, -1.000000000000000000, -0.000000000000000000 ) ) ;
#3192 = CARTESIAN_POINT ( 'NONE',  ( 0.8000000000000037081, 0.1000000000000000056, 1.149999999999997247 ) ) ;
#3193 = VERTEX_POINT ( 'NONE', #3395 ) ;
#3194 = VERTEX_POINT ( 'NONE', #3725 ) ;
#3195 = PLANE ( 'NONE',  #2748 ) ;
#3196 = CARTESIAN_POINT ( 'NONE',  ( 0.9727167815480560753, 0.2299999999999999822, 1.104661759258703579 ) ) ;
#3197 = ORIENTED_EDGE ( 'NONE', *, *, #724, .F. ) ;
#3198 = EDGE_CURVE ( 'NONE', #4982, #1216, #244, .T. ) ;
#3199 = DIRECTION ( 'NONE',  ( -1.000000000000000000, -0.000000000000000000, 3.491481338843133355E-15 ) ) ;
#3200 = EDGE_CURVE ( 'NONE', #809, #147, #1432, .T. ) ;
#3201 = LINE ( 'NONE', #580, #4841 ) ;
#3202 = ORIENTED_EDGE ( 'NONE', *, *, #298, .F. ) ;
#3203 = DIRECTION ( 'NONE',  ( -1.000000000000000000, 0.000000000000000000, 3.181709289561560491E-15 ) ) ;
#3204 = DIRECTION ( 'NONE',  ( 0.000000000000000000, 1.000000000000000000, 0.000000000000000000 ) ) ;
#3205 = CARTESIAN_POINT ( 'NONE',  ( -0.8000000000000002665, 0.1000000000000000056, -0.1499999999999970524 ) ) ;
#3206 = DIRECTION ( 'NONE',  ( 1.000000000000000000, 0.000000000000000000, -3.252606517456508174E-15 ) ) ;
#3207 = EDGE_CURVE ( 'NONE', #3667, #2688, #4440, .T. ) ;
#3208 = ADVANCED_BREP_SHAPE_REPRESENTATION ( 'BME280', ( #643, #3879, #2221, #2309, #3854, #3992, #647, #2213, #595, #2359, #563, #3938 ), #4836 ) ;
#3209 = EDGE_LOOP ( 'NONE', ( #2689, #3983, #2527, #2370 ) ) ;
#3210 = CARTESIAN_POINT ( 'NONE',  ( 0.8000000000000039302, 0.2507106781186555500, 1.099999999999996536 ) ) ;
#3211 = ORIENTED_EDGE ( 'NONE', *, *, #3377, .T. ) ;
#3212 = LINE ( 'NONE', #4752, #1319 ) ;
#3213 = ORIENTED_EDGE ( 'NONE', *, *, #2100, .F. ) ;
#3214 = CARTESIAN_POINT ( 'NONE',  ( -0.9757359312880679036, 0.7499999999999998890, 1.100000000000004086 ) ) ;
#3215 = EDGE_CURVE ( 'NONE', #4976, #3048, #2154, .T. ) ;
#3216 = EDGE_CURVE ( 'NONE', #3794, #4274, #1412, .T. ) ;
#3217 = CARTESIAN_POINT ( 'NONE',  ( -1.150000000000001465, 0.1000000000000000056, -0.4999999999999953371 ) ) ;
#3218 = FACE_OUTER_BOUND ( 'NONE', #2973, .T. ) ;
#3219 = ADVANCED_FACE ( 'NONE', ( #2712 ), #339, .F. ) ;
#3220 = CARTESIAN_POINT ( 'NONE',  ( -0.8500000000000031974, 1.000000000000000000, -0.7999999999999970468 ) ) ;
#3221 = ORIENTED_EDGE ( 'NONE', *, *, #645, .T. ) ;
#3222 = VERTEX_POINT ( 'NONE', #3837 ) ;
#3223 = EDGE_CURVE ( 'NONE', #1925, #385, #2647, .T. ) ;
#3224 = LINE ( 'NONE', #3975, #2744 ) ;
#3225 = CARTESIAN_POINT ( 'NONE',  ( 1.100000000000002975, 0.2800000000000011924, 0.7999999999999966027 ) ) ;
#3226 = VERTEX_POINT ( 'NONE', #1122 ) ;
#3227 = COLOUR_RGB ( '',0.9686274509803921573, 0.8784313725490195957, 0.5999999999999999778 ) ;
#3228 = CARTESIAN_POINT ( 'NONE',  ( 0.7999999999999969358, 0.1000000000000000056, -0.8000000000000027089 ) ) ;
#3229 = AXIS2_PLACEMENT_3D ( 'NONE', #4868, #3378, #272 ) ;
#3230 = EDGE_CURVE ( 'NONE', #1709, #2815, #3490, .T. ) ;
#3231 = CYLINDRICAL_SURFACE ( 'NONE', #3059, 0.1999999999999999833 ) ;
#3232 = VERTEX_POINT ( 'NONE', #3469 ) ;
#3233 = DIRECTION ( 'NONE',  ( 1.000000000000000000, 0.000000000000000000, -3.491481338843133355E-15 ) ) ;
#3234 = CARTESIAN_POINT ( 'NONE',  ( 1.099999999999997424, 0.7499999999999972244, -0.8000000000000028200 ) ) ;
#3235 = FACE_OUTER_BOUND ( 'NONE', #308, .T. ) ;
#3236 = CARTESIAN_POINT ( 'NONE',  ( 1.050000000000003819, 0.1300000000000000044, 1.044948974278313791 ) ) ;
#3237 = VECTOR ( 'NONE', #692, 1000.000000000000000 ) ;
#3238 = VERTEX_POINT ( 'NONE', #360 ) ;
#3239 = VECTOR ( 'NONE', #2781, 1000.000000000000000 ) ;
#3240 = CYLINDRICAL_SURFACE ( 'NONE', #314, 0.1199999999999999956 ) ;
#3241 = ORIENTED_EDGE ( 'NONE', *, *, #4427, .T. ) ;
#3242 = CARTESIAN_POINT ( 'NONE',  ( 0.7999999999999941602, 0.2799999999999998601, -1.150000000000002798 ) ) ;
#3243 = LINE ( 'NONE', #4398, #2270 ) ;
#3244 = VECTOR ( 'NONE', #593, 1000.000000000000000 ) ;
#3245 = EDGE_LOOP ( 'NONE', ( #1713, #3398, #1049, #3690 ) ) ;
#3246 = CARTESIAN_POINT ( 'NONE',  ( -0.8499999999999974243, 0.9999999999999997780, 0.8000000000000034861 ) ) ;
#3247 = LINE ( 'NONE', #493, #1366 ) ;
#3248 = LINE ( 'NONE', #2460, #182 ) ;
#3249 = DIRECTION ( 'NONE',  ( -3.491481338843133355E-15, 0.000000000000000000, -1.000000000000000000 ) ) ;
#3250 = ORIENTED_EDGE ( 'NONE', *, *, #2554, .T. ) ;
#3251 = ORIENTED_EDGE ( 'NONE', *, *, #3433, .F. ) ;
#3252 = ADVANCED_FACE ( 'NONE', ( #2282 ), #390, .F. ) ;
#3253 = EDGE_CURVE ( 'NONE', #4033, #466, #383, .T. ) ;
#3254 = FACE_BOUND ( 'NONE', #321, .T. ) ;
#3255 = CARTESIAN_POINT ( 'NONE',  ( -1.149999999999995692, 0.000000000000000000, 1.150000000000003464 ) ) ;
#3256 = VERTEX_POINT ( 'NONE', #2660 ) ;
#3257 = DIRECTION ( 'NONE',  ( 1.000000000000000000, 2.096124200138639171E-14, -3.614007241618343643E-15 ) ) ;
#3258 = EDGE_CURVE ( 'NONE', #1824, #2220, #2354, .T. ) ;
#3259 = DIRECTION ( 'NONE',  ( -3.491481338843133355E-15, 0.000000000000000000, -1.000000000000000000 ) ) ;
#3260 = ORIENTED_EDGE ( 'NONE', *, *, #2779, .T. ) ;
#3261 = LINE ( 'NONE', #1570, #1557 ) ;
#3262 = LINE ( 'NONE', #1238, #3280 ) ;
#3263 = DIRECTION ( 'NONE',  ( -1.000000000000000000, 0.000000000000000000, 3.801253388124706614E-15 ) ) ;
#3264 = CARTESIAN_POINT ( 'NONE',  ( -1.150000000000001465, 0.1000000000000000056, -0.4999999999999953371 ) ) ;
#3265 = ORIENTED_EDGE ( 'NONE', *, *, #2409, .T. ) ;
#3266 = DIRECTION ( 'NONE',  ( -3.491481338843133355E-15, 0.000000000000000000, -1.000000000000000000 ) ) ;
#3267 = CARTESIAN_POINT ( 'NONE',  ( 1.150000000000001465, 0.1000000000000000056, 0.4999999999999962252 ) ) ;
#3268 = AXIS2_PLACEMENT_3D ( 'NONE', #2268, #347, #2695 ) ;
#3269 = ORIENTED_EDGE ( 'NONE', *, *, #2721, .F. ) ;
#3270 = VECTOR ( 'NONE', #1007, 1000.000000000000000 ) ;
#3271 = CYLINDRICAL_SURFACE ( 'NONE', #2756, 0.2000000000000002054 ) ;
#3272 = AXIS2_PLACEMENT_3D ( 'NONE', #2171, #3737, #1047 ) ;
#3273 = LINE ( 'NONE', #1689, #1440 ) ;
#3274 = AXIS2_PLACEMENT_3D ( 'NONE', #4141, #3971, #930 ) ;
#3275 = CARTESIAN_POINT ( 'NONE',  ( 1.149999999999997025, 0.000000000000000000, -0.8000000000000037081 ) ) ;
#3276 = DIRECTION ( 'NONE',  ( 1.000000000000000000, 0.000000000000000000, -3.614007241618349954E-15 ) ) ;
#3277 = VERTEX_POINT ( 'NONE', #2303 ) ;
#3278 = DIRECTION ( 'NONE',  ( -4.336808689942025625E-15, 0.000000000000000000, -1.000000000000000000 ) ) ;
#3279 = VERTEX_POINT ( 'NONE', #1899 ) ;
#3280 = VECTOR ( 'NONE', #50, 1000.000000000000000 ) ;
#3281 = ORIENTED_EDGE ( 'NONE', *, *, #138, .T. ) ;
#3282 = VECTOR ( 'NONE', #3062, 1000.000000000000000 ) ;
#3283 = DIRECTION ( 'NONE',  ( -3.627006610403821410E-15, 0.000000000000000000, -1.000000000000000000 ) ) ;
#3284 = DIRECTION ( 'NONE',  ( 1.000000000000000000, 0.000000000000000000, -3.491481338843133355E-15 ) ) ;
#3285 = ORIENTED_EDGE ( 'NONE', *, *, #3253, .T. ) ;
#3286 = EDGE_CURVE ( 'NONE', #278, #35, #5003, .T. ) ;
#3287 = CARTESIAN_POINT ( 'NONE',  ( 1.149999999999995692, 0.1000000000000000056, -1.150000000000004130 ) ) ;
#3288 = DIRECTION ( 'NONE',  ( -3.491481338843133355E-15, 0.000000000000000000, -1.000000000000000000 ) ) ;
#3289 = LINE ( 'NONE', #3236, #717 ) ;
#3290 =( LENGTH_UNIT ( ) NAMED_UNIT ( * ) SI_UNIT ( .MILLI., .METRE. ) );
#3291 = EDGE_LOOP ( 'NONE', ( #3555, #2782, #5007, #2891 ) ) ;
#3292 = DIRECTION ( 'NONE',  ( 1.000000000000000000, 0.000000000000000000, -3.469446951953614189E-15 ) ) ;
#3293 = EDGE_CURVE ( 'NONE', #4336, #2530, #1917, .T. ) ;
#3294 = DIRECTION ( 'NONE',  ( -0.000000000000000000, -1.000000000000000000, -0.000000000000000000 ) ) ;
#3295 = ORIENTED_EDGE ( 'NONE', *, *, #4945, .F. ) ;
#3296 = DIRECTION ( 'NONE',  ( 0.000000000000000000, 1.000000000000000000, 0.000000000000000000 ) ) ;
#3297 = CARTESIAN_POINT ( 'NONE',  ( 0.8000000000000031530, 1.000000000000000000, 0.8499999999999974243 ) ) ;
#3298 = PLANE ( 'NONE',  #1548 ) ;
#3299 = ORIENTED_EDGE ( 'NONE', *, *, #3286, .T. ) ;
#3300 = EDGE_CURVE ( 'NONE', #2859, #1490, #37, .T. ) ;
#3301 = VECTOR ( 'NONE', #1707, 1000.000000000000000 ) ;
#3302 = CARTESIAN_POINT ( 'NONE',  ( -0.8000000000000041522, 0.2507106781186556610, -1.099999999999996314 ) ) ;
#3303 = CARTESIAN_POINT ( 'NONE',  ( -1.250000000000003775, 0.000000000000000000, 1.250000000000008882 ) ) ;
#3304 = EDGE_LOOP ( 'NONE', ( #4744, #3173, #3813, #269 ) ) ;
#3305 = ORIENTED_EDGE ( 'NONE', *, *, #4254, .F. ) ;
#3306 = CARTESIAN_POINT ( 'NONE',  ( -0.8000000000000030420, 1.000000000000000000, -0.8499999999999972022 ) ) ;
#3307 = VECTOR ( 'NONE', #1564, 1000.000000000000000 ) ;
#3308 = DIRECTION ( 'NONE',  ( -0.000000000000000000, 1.000000000000000000, -0.000000000000000000 ) ) ;
#3309 = MECHANICAL_DESIGN_GEOMETRIC_PRESENTATION_REPRESENTATION (  '', ( #3856 ), #4756 ) ;
#3310 = ORIENTED_EDGE ( 'NONE', *, *, #1948, .F. ) ;
#3311 = LINE ( 'NONE', #4871, #425 ) ;
#3312 = DIRECTION ( 'NONE',  ( -0.000000000000000000, -1.000000000000000000, -0.000000000000000000 ) ) ;
#3313 = EDGE_CURVE ( 'NONE', #779, #4159, #4269, .T. ) ;
#3314 = EDGE_CURVE ( 'NONE', #4894, #3562, #1200, .T. ) ;
#3315 = VECTOR ( 'NONE', #3259, 1000.000000000000000 ) ;
#3316 = EDGE_CURVE ( 'NONE', #788, #1438, #1576, .T. ) ;
#3317 = EDGE_CURVE ( 'NONE', #4894, #3551, #414, .T. ) ;
#3318 = ORIENTED_EDGE ( 'NONE', *, *, #2257, .T. ) ;
#3319 = CARTESIAN_POINT ( 'NONE',  ( 0.000000000000000000, 0.000000000000000000, 0.000000000000000000 ) ) ;
#3320 = AXIS2_PLACEMENT_3D ( 'NONE', #4528, #2562, #4149 ) ;
#3321 = ORIENTED_EDGE ( 'NONE', *, *, #604, .T. ) ;
#3322 = CARTESIAN_POINT ( 'NONE',  ( 1.149999999999997025, 0.000000000000000000, -0.8000000000000037081 ) ) ;
#3323 = DIRECTION ( 'NONE',  ( 1.000000000000000000, 0.000000000000000000, -3.491481338843133355E-15 ) ) ;
#3324 =( BOUNDED_SURFACE ( )  B_SPLINE_SURFACE ( 3, 3, ( 
 ( #4565, #4251, #774, #3478 ),
 ( #1082, #752, #2311, #1486 ),
 ( #302, #1058, #4943, #2644 ),
 ( #3402, #1131, #1462, #2694 ) ),
 .UNSPECIFIED., .F., .F., .T. ) 
 B_SPLINE_SURFACE_WITH_KNOTS ( ( 4, 4 ),
 ( 4, 4 ),
 ( 0.000000000000000000, 1.000000000000000000 ),
 ( 0.000000000000000000, 1.000000000000000000 ),
 .UNSPECIFIED. ) 
 GEOMETRIC_REPRESENTATION_ITEM ( )  RATIONAL_B_SPLINE_SURFACE ( (
 ( 1.000000000000000000, 0.8047378541243649375, 0.8047378541243649375, 1.000000000000000000),
 ( 0.8025111867385846809, 0.6458111303268061487, 0.6458111303268061487, 0.8025111867385846809),
 ( 0.8025111867385846809, 0.6458111303268061487, 0.6458111303268061487, 0.8025111867385846809),
 ( 1.000000000000000000, 0.8047378541243649375, 0.8047378541243649375, 1.000000000000000000) ) ) 
 REPRESENTATION_ITEM ( '' )  SURFACE ( )  );
#3325 = VERTEX_POINT ( 'NONE', #4681 ) ;
#3326 = ADVANCED_FACE ( 'NONE', ( #1868 ), #1480, .T. ) ;
#3327 = EDGE_CURVE ( 'NONE', #3672, #1205, #4194, .T. ) ;
#3328 = AXIS2_PLACEMENT_3D ( 'NONE', #3414, #691, #2326 ) ;
#3329 = LINE ( 'NONE', #2561, #3244 ) ;
#3330 = CARTESIAN_POINT ( 'NONE',  ( 0.01199999999999640070, 0.9000000000000001332, 0.6250000000000045519 ) ) ;
#3331 = VECTOR ( 'NONE', #3669, 1000.000000000000000 ) ;
#3332 = CARTESIAN_POINT ( 'NONE',  ( -0.8000000000000041522, 0.2800000000000015810, -1.099999999999997424 ) ) ;
#3333 = CARTESIAN_POINT ( 'NONE',  ( 1.062891624136442559, 0.1291723363603944352, -0.8000000000000019318 ) ) ;
#3334 = VERTEX_POINT ( 'NONE', #3217 ) ;
#3335 = ORIENTED_EDGE ( 'NONE', *, *, #4640, .F. ) ;
#3336 = FACE_OUTER_BOUND ( 'NONE', #1561, .T. ) ;
#3337 = ORIENTED_EDGE ( 'NONE', *, *, #4729, .F. ) ;
#3338 = CARTESIAN_POINT ( 'NONE',  ( -1.000000000000003109, 0.8378679656440354284, -0.7999999999999966027 ) ) ;
#3339 = CARTESIAN_POINT ( 'NONE',  ( 0.9171572875253756196, 0.7499999999999997780, -1.000000000000005995 ) ) ;
#3340 = VERTEX_POINT ( 'NONE', #4732 ) ;
#3341 =( LENGTH_UNIT ( ) NAMED_UNIT ( * ) SI_UNIT ( .MILLI., .METRE. ) );
#3342 = ORIENTED_EDGE ( 'NONE', *, *, #3094, .F. ) ;
#3343 = CARTESIAN_POINT ( 'NONE',  ( 1.149999999999996136, 0.2300000000000000100, -1.030000000000003579 ) ) ;
#3344 = DIRECTION ( 'NONE',  ( 0.000000000000000000, 1.000000000000000000, 0.000000000000000000 ) ) ;
#3345 = EDGE_LOOP ( 'NONE', ( #936, #2333, #4755, #3637 ) ) ;
#3346 = LINE ( 'NONE', #4452, #4529 ) ;
#3347 = CARTESIAN_POINT ( 'NONE',  ( 0.7999999999999991562, 0.000000000000000000, -0.1500000000000026867 ) ) ;
#3348 = AXIS2_PLACEMENT_3D ( 'NONE', #311, #1471, #662 ) ;
#3349 = CARTESIAN_POINT ( 'NONE',  ( 0.1619999999999963414, 0.5000000000000000000, 0.6250000000000039968 ) ) ;
#3350 = DIRECTION ( 'NONE',  ( -3.181709289561560491E-15, 0.000000000000000000, -1.000000000000000000 ) ) ;
#3351 = ORIENTED_EDGE ( 'NONE', *, *, #3521, .T. ) ;
#3352 = VERTEX_POINT ( 'NONE', #3567 ) ;
#3353 = DIRECTION ( 'NONE',  ( 3.355956067282445301E-15, 0.000000000000000000, 1.000000000000000000 ) ) ;
#3354 = VECTOR ( 'NONE', #3646, 1000.000000000000000 ) ;
#3355 = COLOUR_RGB ( '',0.9686274509803921573, 0.8784313725490195957, 0.5999999999999999778 ) ;
#3356 = FACE_OUTER_BOUND ( 'NONE', #853, .T. ) ;
#3357 = VECTOR ( 'NONE', #1325, 1000.000000000000000 ) ;
#3358 = LINE ( 'NONE', #4896, #1585 ) ;
#3359 = DIRECTION ( 'NONE',  ( 1.000000000000000000, -0.000000000000000000, -3.181709289561560491E-15 ) ) ;
#3360 = CARTESIAN_POINT ( 'NONE',  ( 1.099999999999997202, 0.7499999999999998890, -0.9757359312880778957 ) ) ;
#3361 = EDGE_LOOP ( 'NONE', ( #3171, #409, #1507, #283 ) ) ;
#3362 = VERTEX_POINT ( 'NONE', #2761 ) ;
#3363 = CARTESIAN_POINT ( 'NONE',  ( 0.8000000000000041522, 5.111269837220810075, 1.099999999999997424 ) ) ;
#3364 = DIRECTION ( 'NONE',  ( -3.702006032529638986E-15, -0.000000000000000000, -1.000000000000000000 ) ) ;
#3365 = CARTESIAN_POINT ( 'NONE',  ( -0.7999999999999970468, 0.000000000000000000, 0.8000000000000024869 ) ) ;
#3366 = ORIENTED_EDGE ( 'NONE', *, *, #2949, .T. ) ;
#3367 = LINE ( 'NONE', #1407, #2518 ) ;
#3368 = CARTESIAN_POINT ( 'NONE',  ( -1.000000000000001554, 0.1914739966757357803, -0.9171572875253768409 ) ) ;
#3369 = EDGE_CURVE ( 'NONE', #4851, #2534, #4024, .T. ) ;
#3370 = EDGE_CURVE ( 'NONE', #2853, #1809, #2868, .T. ) ;
#3371 = FACE_OUTER_BOUND ( 'NONE', #845, .T. ) ;
#3372 = CARTESIAN_POINT ( 'NONE',  ( 1.050000000000002931, 0.1681966011250104753, 0.7999999999999967137 ) ) ;
#3373 = DIRECTION ( 'NONE',  ( -1.000000000000000000, 0.000000000000000000, 3.491481338843133355E-15 ) ) ;
#3374 = ORIENTED_EDGE ( 'NONE', *, *, #3729, .F. ) ;
#3375 = VERTEX_POINT ( 'NONE', #2434 ) ;
#3376 = VECTOR ( 'NONE', #2696, 1000.000000000000000 ) ;
#3377 = EDGE_CURVE ( 'NONE', #2220, #1317, #1631, .T. ) ;
#3378 = DIRECTION ( 'NONE',  ( -3.801253388124705825E-15, 0.000000000000000000, -1.000000000000000000 ) ) ;
#3379 = DIRECTION ( 'NONE',  ( 1.000000000000000000, 0.000000000000000000, -3.491481338843133355E-15 ) ) ;
#3380 = DIRECTION ( 'NONE',  ( 1.000000000000000000, -0.000000000000000000, -3.491481338843133355E-15 ) ) ;
#3381 = CARTESIAN_POINT ( 'NONE',  ( 1.149999999999997469, 0.2799999999999998601, -0.8000000000000020428 ) ) ;
#3382 = ORIENTED_EDGE ( 'NONE', *, *, #754, .T. ) ;
#3383 = CARTESIAN_POINT ( 'NONE',  ( 0.8500000000000028644, 0.9999999999999997780, 0.7999999999999973799 ) ) ;
#3384 = ORIENTED_EDGE ( 'NONE', *, *, #4503, .F. ) ;
#3385 = DIRECTION ( 'NONE',  ( 1.000000000000000000, 0.000000000000000000, -3.252606517456508174E-15 ) ) ;
#3386 = CARTESIAN_POINT ( 'NONE',  ( -5.237222008264691158E-16, 0.000000000000000000, -0.1499999999999997446 ) ) ;
#3387 = DIRECTION ( 'NONE',  ( -3.491481338843133355E-15, 0.000000000000000000, -1.000000000000000000 ) ) ;
#3388 = DIRECTION ( 'NONE',  ( 1.000000000000000000, 0.000000000000000000, -3.181709289561560491E-15 ) ) ;
#3389 = AXIS2_PLACEMENT_3D ( 'NONE', #2733, #410, #3084 ) ;
#3390 = VERTEX_POINT ( 'NONE', #3190 ) ;
#3391 = VECTOR ( 'NONE', #4692, 1000.000000000000000 ) ;
#3392 = DIRECTION ( 'NONE',  ( 1.000000000000000000, -0.000000000000000000, -3.801253388124705825E-15 ) ) ;
#3393 = DIRECTION ( 'NONE',  ( 1.000000000000000000, 0.000000000000000000, -3.801253388124705825E-15 ) ) ;
#3394 = VECTOR ( 'NONE', #2232, 1000.000000000000000 ) ;
#3395 = CARTESIAN_POINT ( 'NONE',  ( -0.7999999999999974909, 0.9000000000000001332, 0.8500000000000030864 ) ) ;
#3396 = FACE_OUTER_BOUND ( 'NONE', #3547, .T. ) ;
#3397 = CYLINDRICAL_SURFACE ( 'NONE', #830, 0.04999999999999991257 ) ;
#3398 = ORIENTED_EDGE ( 'NONE', *, *, #4509, .F. ) ;
#3399 = ORIENTED_EDGE ( 'NONE', *, *, #1134, .F. ) ;
#3400 = AXIS2_PLACEMENT_3D ( 'NONE', #236, #2482, #2915 ) ;
#3401 = CARTESIAN_POINT ( 'NONE',  ( -1.150000000000002576, 0.1000000000000000056, -0.7999999999999952704 ) ) ;
#3402 = CARTESIAN_POINT ( 'NONE',  ( -0.9999999999999974465, 0.2800000000000050782, 0.8000000000000038192 ) ) ;
#3403 = CARTESIAN_POINT ( 'NONE',  ( -1.149999999999999689, 0.000000000000000000, 4.015203539669602570E-15 ) ) ;
#3404 = EDGE_CURVE ( 'NONE', #832, #3551, #546, .T. ) ;
#3405 = CARTESIAN_POINT ( 'NONE',  ( 1.099999999999997202, 0.8964466094067259361, -0.9757359312880780067 ) ) ;
#3406 = VERTEX_POINT ( 'NONE', #113 ) ;
#3407 = ORIENTED_EDGE ( 'NONE', *, *, #3979, .T. ) ;
#3408 = CARTESIAN_POINT ( 'NONE',  ( -1.141808635123946702, 0.2300000000000000100, 0.8879929925636330657 ) ) ;
#3409 = CARTESIAN_POINT ( 'NONE',  ( 3.491481338843134144E-15, 0.7500000000000000000, 1.000000000000000222 ) ) ;
#3410 = CARTESIAN_POINT ( 'NONE',  ( 1.150000000000003908, 0.1000000000000000056, 1.149999999999996136 ) ) ;
#3411 = DIRECTION ( 'NONE',  ( 0.000000000000000000, 1.000000000000000000, 0.000000000000000000 ) ) ;
#3412 = EDGE_CURVE ( 'NONE', #1724, #4186, #163, .T. ) ;
#3413 = EDGE_LOOP ( 'NONE', ( #2262, #2907, #490, #3407 ) ) ;
#3414 = CARTESIAN_POINT ( 'NONE',  ( -0.8000000000000030420, 5.111269837220810075, -0.7999999999999972689 ) ) ;
#3415 = ADVANCED_FACE ( 'NONE', ( #470 ), #4292, .F. ) ;
#3416 = PLANE ( 'NONE',  #859 ) ;
#3417 = CARTESIAN_POINT ( 'NONE',  ( 1.149999999999996581, 0.2300000000000000100, -0.8450486097814096098 ) ) ;
#3418 = DIRECTION ( 'NONE',  ( 0.000000000000000000, 1.000000000000000000, 0.000000000000000000 ) ) ;
#3419 = LINE ( 'NONE', #4963, #1061 ) ;
#3420 = VERTEX_POINT ( 'NONE', #1278 ) ;
#3421 = EDGE_LOOP ( 'NONE', ( #3532, #1519, #169, #1175 ) ) ;
#3422 = VECTOR ( 'NONE', #1586, 1000.000000000000000 ) ;
#3423 = CIRCLE ( 'NONE', #1632, 0.1199999999999999956 ) ;
#3424 = FACE_OUTER_BOUND ( 'NONE', #2124, .T. ) ;
#3425 = VECTOR ( 'NONE', #3590, 1000.000000000000000 ) ;
#3426 = VECTOR ( 'NONE', #1424, 1000.000000000000000 ) ;
#3427 = SURFACE_STYLE_FILL_AREA ( #323 ) ;
#3428 = DIRECTION ( 'NONE',  ( -4.336808689942025625E-15, 0.000000000000000000, -1.000000000000000000 ) ) ;
#3429 = CARTESIAN_POINT ( 'NONE',  ( 0.7999999999999980460, 0.1000000000000000056, -0.5000000000000026645 ) ) ;
#3430 = MECHANICAL_DESIGN_GEOMETRIC_PRESENTATION_REPRESENTATION (  '', ( #828 ), #1814 ) ;
#3431 = EDGE_CURVE ( 'NONE', #998, #4818, #3273, .T. ) ;
#3432 = VERTEX_POINT ( 'NONE', #1222 ) ;
#3433 = EDGE_CURVE ( 'NONE', #1533, #2755, #3247, .T. ) ;
#3434 = ORIENTED_EDGE ( 'NONE', *, *, #3511, .F. ) ;
#3435 = SURFACE_STYLE_USAGE ( .BOTH. , #1087 ) ;
#3436 = PLANE ( 'NONE',  #4884 ) ;
#3437 = PLANE ( 'NONE',  #1975 ) ;
#3438 = CARTESIAN_POINT ( 'NONE',  ( 0.8000000000000037081, 0.2800000000000050782, 0.9999999999999974465 ) ) ;
#3439 = ORIENTED_EDGE ( 'NONE', *, *, #1183, .F. ) ;
#3440 = DIRECTION ( 'NONE',  ( 0.000000000000000000, -1.000000000000000000, 0.000000000000000000 ) ) ;
#3441 =( LENGTH_UNIT ( ) NAMED_UNIT ( * ) SI_UNIT ( .MILLI., .METRE. ) );
#3442 = ADVANCED_FACE ( 'NONE', ( #1248 ), #4345, .T. ) ;
#3443 = DIRECTION ( 'NONE',  ( -1.000000000000000000, 0.000000000000000000, 3.491481338843133355E-15 ) ) ;
#3444 = DIRECTION ( 'NONE',  ( 0.000000000000000000, -1.000000000000000000, 0.000000000000000000 ) ) ;
#3445 = DIRECTION ( 'NONE',  ( 3.491481338843133355E-15, -0.000000000000000000, 1.000000000000000000 ) ) ;
#3446 = EDGE_LOOP ( 'NONE', ( #2494, #1244, #2000, #1703 ) ) ;
#3447 = ORIENTED_EDGE ( 'NONE', *, *, #1411, .F. ) ;
#3448 = CARTESIAN_POINT ( 'NONE',  ( -0.8499999999999974243, 1.000000000000000000, 0.8000000000000032641 ) ) ;
#3449 = LINE ( 'NONE', #4182, #4957 ) ;
#3450 = FACE_OUTER_BOUND ( 'NONE', #7, .T. ) ;
#3451 = ORIENTED_EDGE ( 'NONE', *, *, #4349, .F. ) ;
#3452 = EDGE_LOOP ( 'NONE', ( #3032, #1275, #2307, #2489 ) ) ;
#3453 = EDGE_CURVE ( 'NONE', #151, #1525, #88, .T. ) ;
#3454 = LINE ( 'NONE', #3409, #3591 ) ;
#3455 = CARTESIAN_POINT ( 'NONE',  ( -1.049999999999996270, 0.1299999999999998934, 0.9618135006240151608 ) ) ;
#3456 = ADVANCED_FACE ( 'NONE', ( #4003 ), #2403, .F. ) ;
#3457 = FACE_OUTER_BOUND ( 'NONE', #2445, .T. ) ;
#3458 = ADVANCED_FACE ( 'NONE', ( #523 ), #2073, .F. ) ;
#3459 = ORIENTED_EDGE ( 'NONE', *, *, #865, .T. ) ;
#3460 = VECTOR ( 'NONE', #4065, 1000.000000000000000 ) ;
#3461 = EDGE_CURVE ( 'NONE', #2038, #1205, #1991, .T. ) ;
#3462 = DIRECTION ( 'NONE',  ( 4.336808689942025625E-15, 0.000000000000000000, 1.000000000000000000 ) ) ;
#3463 = AXIS2_PLACEMENT_3D ( 'NONE', #2163, #1346, #941 ) ;
#3464 = CARTESIAN_POINT ( 'NONE',  ( -0.7999999999999970468, 0.000000000000000000, 0.8000000000000024869 ) ) ;
#3465 = EDGE_CURVE ( 'NONE', #385, #3628, #136, .T. ) ;
#3466 = ADVANCED_FACE ( 'NONE', ( #3743 ), #868, .T. ) ;
#3467 = EDGE_CURVE ( 'NONE', #3562, #3375, #262, .T. ) ;
#3468 = VECTOR ( 'NONE', #3011, 1000.000000000000000 ) ;
#3469 = CARTESIAN_POINT ( 'NONE',  ( 1.150000000000003908, 0.000000000000000000, 1.149999999999996136 ) ) ;
#3470 = LINE ( 'NONE', #3914, #338 ) ;
#3471 = DIRECTION ( 'NONE',  ( 3.627006610403821410E-15, -0.000000000000000000, 1.000000000000000000 ) ) ;
#3472 = ORIENTED_EDGE ( 'NONE', *, *, #3931, .T. ) ;
#3473 = ORIENTED_EDGE ( 'NONE', *, *, #3692, .T. ) ;
#3474 =( BOUNDED_CURVE ( )  B_SPLINE_CURVE ( 3, ( #3545, #3940, #2355, #3887 ),
 .UNSPECIFIED., .F., .F. ) 
 B_SPLINE_CURVE_WITH_KNOTS ( ( 4, 4 ),
 ( 0.000000000000000000, 1.000000000000000000 ),
 .UNSPECIFIED. ) 
 CURVE ( )  GEOMETRIC_REPRESENTATION_ITEM ( )  RATIONAL_B_SPLINE_CURVE ( ( 1.000000000000000000, 0.8047378541243649375, 0.8047378541243649375, 1.000000000000000000 ) ) 
 REPRESENTATION_ITEM ( '' )  );
#3475 = VECTOR ( 'NONE', #3167, 1000.000000000000000 ) ;
#3476 = DIRECTION ( 'NONE',  ( 0.000000000000000000, 1.000000000000000000, 0.000000000000000000 ) ) ;
#3477 = ORIENTED_EDGE ( 'NONE', *, *, #1652, .T. ) ;
#3478 = CARTESIAN_POINT ( 'NONE',  ( -0.7999999999999962697, 0.1300066619336573970, 1.151413695764975431 ) ) ;
#3479 = DIRECTION ( 'NONE',  ( 3.181709289561560885E-15, 0.000000000000000000, 1.000000000000000000 ) ) ;
#3480 = DIRECTION ( 'NONE',  ( -3.491481338843133355E-15, 0.000000000000000000, -1.000000000000000000 ) ) ;
#3481 = VECTOR ( 'NONE', #4808, 1000.000000000000000 ) ;
#3482 = LINE ( 'NONE', #1072, #2823 ) ;
#3483 = ORIENTED_EDGE ( 'NONE', *, *, #4353, .F. ) ;
#3484 = CARTESIAN_POINT ( 'NONE',  ( -0.9728385119356406374, 0.2300000000000000100, 1.108234432236717026 ) ) ;
#3485 = DIRECTION ( 'NONE',  ( 1.000000000000000000, -0.000000000000000000, -3.491481338843133355E-15 ) ) ;
#3486 = DIRECTION ( 'NONE',  ( 0.000000000000000000, 1.000000000000000000, 0.000000000000000000 ) ) ;
#3487 = ORIENTED_EDGE ( 'NONE', *, *, #1712, .T. ) ;
#3488 = CARTESIAN_POINT ( 'NONE',  ( 1.030000000000002913, 0.1300000000000000044, 1.049999999999996270 ) ) ;
#3489 = EDGE_LOOP ( 'NONE', ( #2927, #2137, #3182, #4806 ) ) ;
#3490 = LINE ( 'NONE', #3789, #4843 ) ;
#3491 = CARTESIAN_POINT ( 'NONE',  ( 0.000000000000000000, 0.1000000000000000056, 0.000000000000000000 ) ) ;
#3492 = DIRECTION ( 'NONE',  ( -3.801253388124706614E-15, 0.000000000000000000, -1.000000000000000000 ) ) ;
#3493 = ORIENTED_EDGE ( 'NONE', *, *, #2848, .F. ) ;
#3494 = ORIENTED_EDGE ( 'NONE', *, *, #4352, .F. ) ;
#3495 = LINE ( 'NONE', #2667, #1512 ) ;
#3496 = ORIENTED_EDGE ( 'NONE', *, *, #3369, .F. ) ;
#3497 = FILL_AREA_STYLE ('',( #1952 ) ) ;
#3498 = PLANE ( 'NONE',  #3500 ) ;
#3499 = CARTESIAN_POINT ( 'NONE',  ( 1.150000000000002576, 0.1000000000000000056, 0.7999999999999961586 ) ) ;
#3500 = AXIS2_PLACEMENT_3D ( 'NONE', #1563, #4689, #1208 ) ;
#3501 = CIRCLE ( 'NONE', #1727, 0.04999999999999991257 ) ;
#3502 = CARTESIAN_POINT ( 'NONE',  ( -0.8000000000000015987, 0.1000000000000000056, -0.4999999999999966693 ) ) ;
#3503 = VERTEX_POINT ( 'NONE', #3347 ) ;
#3504 = CIRCLE ( 'NONE', #4155, 0.04999999999999991257 ) ;
#3505 =( NAMED_UNIT ( * ) SI_UNIT ( $, .STERADIAN. ) SOLID_ANGLE_UNIT ( ) );
#3506 = CARTESIAN_POINT ( 'NONE',  ( 1.149999999999995692, 0.1000000000000000056, -1.150000000000003908 ) ) ;
#3507 = PLANE ( 'NONE',  #1074 ) ;
#3508 = LINE ( 'NONE', #3536, #2674 ) ;
#3509 = ORIENTED_EDGE ( 'NONE', *, *, #1119, .T. ) ;
#3510 = AXIS2_PLACEMENT_3D ( 'NONE', #4238, #2651, #708 ) ;
#3511 = EDGE_CURVE ( 'NONE', #2719, #3081, #1194, .T. ) ;
#3512 = CARTESIAN_POINT ( 'NONE',  ( 0.8000000000000039302, 0.2800000000000015810, 1.099999999999997424 ) ) ;
#3513 = ORIENTED_EDGE ( 'NONE', *, *, #4932, .F. ) ;
#3514 = VECTOR ( 'NONE', #3288, 1000.000000000000000 ) ;
#3515 = CARTESIAN_POINT ( 'NONE',  ( -1.150000000000003908, 0.000000000000000000, -1.149999999999994804 ) ) ;
#3516 = CARTESIAN_POINT ( 'NONE',  ( -0.8292893218813423006, 0.9999999999999998890, 0.8500000000000033085 ) ) ;
#3517 = CARTESIAN_POINT ( 'NONE',  ( 1.104661759258696696, 0.2299999999999999822, -0.9727167815480687318 ) ) ;
#3518 = LINE ( 'NONE', #1123, #1147 ) ;
#3519 = CARTESIAN_POINT ( 'NONE',  ( -0.7999999999999967137, 0.1681966011250106974, 1.050000000000002709 ) ) ;
#3520 = ORIENTED_EDGE ( 'NONE', *, *, #2161, .T. ) ;
#3521 = EDGE_CURVE ( 'NONE', #4858, #3583, #4162, .T. ) ;
#3522 = VERTEX_POINT ( 'NONE', #3297 ) ;
#3523 = EDGE_CURVE ( 'NONE', #3048, #1847, #4685, .T. ) ;
#3524 = EDGE_CURVE ( 'NONE', #4937, #2847, #4478, .T. ) ;
#3525 = EDGE_CURVE ( 'NONE', #2847, #4879, #1023, .T. ) ;
#3526 = DIRECTION ( 'NONE',  ( -1.000000000000000000, 0.000000000000000000, 3.252606517456510147E-15 ) ) ;
#3527 = FACE_OUTER_BOUND ( 'NONE', #3209, .T. ) ;
#3528 = LINE ( 'NONE', #43, #3422 ) ;
#3529 = DIRECTION ( 'NONE',  ( -3.491481338843133355E-15, 0.000000000000000000, -1.000000000000000000 ) ) ;
#3530 = EDGE_CURVE ( 'NONE', #3279, #4667, #4125, .T. ) ;
#3531 = DIRECTION ( 'NONE',  ( 1.000000000000000000, 0.000000000000000000, -3.491481338843133355E-15 ) ) ;
#3532 = ORIENTED_EDGE ( 'NONE', *, *, #3739, .T. ) ;
#3533 = DIRECTION ( 'NONE',  ( -0.000000000000000000, -1.000000000000000000, -0.000000000000000000 ) ) ;
#3534 = DIRECTION ( 'NONE',  ( -3.491481338843133355E-15, 0.000000000000000000, -1.000000000000000000 ) ) ;
#3535 = CARTESIAN_POINT ( 'NONE',  ( -0.8000000000000039302, 0.1681966011250103643, -1.049999999999997380 ) ) ;
#3536 = CARTESIAN_POINT ( 'NONE',  ( 5.237222008264702005E-16, 0.000000000000000000, 0.1500000000000000777 ) ) ;
#3537 = ORIENTED_EDGE ( 'NONE', *, *, #3935, .F. ) ;
#3538 = DIRECTION ( 'NONE',  ( -1.000000000000000000, 0.000000000000000000, 3.614007241618348376E-15 ) ) ;
#3539 = ORIENTED_EDGE ( 'NONE', *, *, #3952, .F. ) ;
#3540 = CARTESIAN_POINT ( 'NONE',  ( -0.7999999999999970468, 0.1000000000000000056, 0.8000000000000023759 ) ) ;
#3541 = AXIS2_PLACEMENT_3D ( 'NONE', #881, #2881, #4328 ) ;
#3542 = AXIS2_PLACEMENT_3D ( 'NONE', #1513, #2998, #1879 ) ;
#3543 = CARTESIAN_POINT ( 'NONE',  ( 0.8000000000000037081, 0.000000000000000000, 1.149999999999997247 ) ) ;
#3544 = CARTESIAN_POINT ( 'NONE',  ( -1.000000000000003331, 0.2800000000000033573, -0.7999999999999966027 ) ) ;
#3545 = CARTESIAN_POINT ( 'NONE',  ( 0.8000000000000031530, 0.9000000000000000222, 0.8499999999999974243 ) ) ;
#3546 = CARTESIAN_POINT ( 'NONE',  ( 0.8000000000000025979, 0.000000000000000000, 0.7999999999999972689 ) ) ;
#3547 = EDGE_LOOP ( 'NONE', ( #3281, #2442, #1610, #2962 ) ) ;
#3548 = ORIENTED_EDGE ( 'NONE', *, *, #4461, .T. ) ;
#3549 = CARTESIAN_POINT ( 'NONE',  ( -0.8000000000000002665, 0.1000000000000000056, -0.1499999999999970524 ) ) ;
#3550 = VECTOR ( 'NONE', #3886, 1000.000000000000000 ) ;
#3551 = VERTEX_POINT ( 'NONE', #1429 ) ;
#3552 = VERTEX_POINT ( 'NONE', #192 ) ;
#3553 = DIRECTION ( 'NONE',  ( -1.000000000000000000, -0.000000000000000000, 3.491481338843133355E-15 ) ) ;
#3554 = CARTESIAN_POINT ( 'NONE',  ( -1.149999999999999245, 0.1000000000000000056, 0.1500000000000040745 ) ) ;
#3555 = ORIENTED_EDGE ( 'NONE', *, *, #4255, .T. ) ;
#3556 = CIRCLE ( 'NONE', #2017, 0.3000000000000001554 ) ;
#3557 = LINE ( 'NONE', #887, #2228 ) ;
#3558 = DIRECTION ( 'NONE',  ( 0.000000000000000000, 1.000000000000000000, 0.000000000000000000 ) ) ;
#3559 = DIRECTION ( 'NONE',  ( -1.000000000000000000, 0.000000000000000000, 3.430248998885765781E-15 ) ) ;
#3560 = ORIENTED_EDGE ( 'NONE', *, *, #3688, .T. ) ;
#3561 = FACE_OUTER_BOUND ( 'NONE', #3421, .T. ) ;
#3562 = VERTEX_POINT ( 'NONE', #1744 ) ;
#3563 = CYLINDRICAL_SURFACE ( 'NONE', #3102, 0.2999999999999998224 ) ;
#3564 = ADVANCED_FACE ( 'NONE', ( #4100 ), #955, .T. ) ;
#3565 = ADVANCED_FACE ( 'NONE', ( #2177 ), #242, .F. ) ;
#3566 = CARTESIAN_POINT ( 'NONE',  ( -1.099999999999996536, 0.8964466094067260471, 0.9757359312880758972 ) ) ;
#3567 = CARTESIAN_POINT ( 'NONE',  ( 1.149999999999998135, 0.000000000000000000, -0.5000000000000037748 ) ) ;
#3568 = CARTESIAN_POINT ( 'NONE',  ( -0.8000000000000038192, 0.1000000000000000056, -1.149999999999996358 ) ) ;
#3569 = PLANE ( 'NONE',  #1883 ) ;
#3570 = ORIENTED_EDGE ( 'NONE', *, *, #4794, .F. ) ;
#3571 = ORIENTED_EDGE ( 'NONE', *, *, #4051, .T. ) ;
#3572 = EDGE_CURVE ( 'NONE', #788, #3334, #1334, .T. ) ;
#3573 = DIRECTION ( 'NONE',  ( -3.491481338843133355E-15, 0.000000000000000000, -1.000000000000000000 ) ) ;
#3574 = EDGE_CURVE ( 'NONE', #1028, #4983, #4428, .T. ) ;
#3575 = ORIENTED_EDGE ( 'NONE', *, *, #699, .T. ) ;
#3576 = ORIENTED_EDGE ( 'NONE', *, *, #4460, .T. ) ;
#3577 = DIRECTION ( 'NONE',  ( -3.627006610403821410E-15, 0.000000000000000000, -1.000000000000000000 ) ) ;
#3578 = CARTESIAN_POINT ( 'NONE',  ( 1.049999999999996492, 0.1299999999999996991, -0.9618135006240151608 ) ) ;
#3579 = ORIENTED_EDGE ( 'NONE', *, *, #275, .T. ) ;
#3580 = DIRECTION ( 'NONE',  ( -3.355956067282445301E-15, 0.000000000000000000, -1.000000000000000000 ) ) ;
#3581 = CARTESIAN_POINT ( 'NONE',  ( -2.967759138016663352E-15, 0.9000000000000001332, -0.8500000000000000888 ) ) ;
#3582 = DIRECTION ( 'NONE',  ( 0.000000000000000000, -1.000000000000000000, 0.000000000000000000 ) ) ;
#3583 = VERTEX_POINT ( 'NONE', #4055 ) ;
#3584 = ADVANCED_FACE ( 'NONE', ( #1363 ), #4998, .T. ) ;
#3585 = EDGE_CURVE ( 'NONE', #1069, #1533, #4174, .T. ) ;
#3586 = VECTOR ( 'NONE', #3141, 1000.000000000000000 ) ;
#3587 = ADVANCED_FACE ( 'NONE', ( #1866 ), #3111, .T. ) ;
#3588 = CARTESIAN_POINT ( 'NONE',  ( 1.100000000000003864, 0.2800000000000016365, 0.9757359312880682367 ) ) ;
#3589 = ORIENTED_EDGE ( 'NONE', *, *, #2668, .F. ) ;
#3590 = DIRECTION ( 'NONE',  ( 3.491481338843133355E-15, -0.000000000000000000, 1.000000000000000000 ) ) ;
#3591 = VECTOR ( 'NONE', #3485, 1000.000000000000000 ) ;
#3592 = ORIENTED_EDGE ( 'NONE', *, *, #2110, .T. ) ;
#3593 = EDGE_CURVE ( 'NONE', #2038, #3177, #4197, .T. ) ;
#3594 = VECTOR ( 'NONE', #104, 1000.000000000000000 ) ;
#3595 = CARTESIAN_POINT ( 'NONE',  ( -1.099999999999997424, 0.7499999999999997780, 0.8000000000000045963 ) ) ;
#3596 = DIRECTION ( 'NONE',  ( -2.871937240279988021E-15, 0.000000000000000000, -1.000000000000000000 ) ) ;
#3597 = DIRECTION ( 'NONE',  ( -3.491481338843133355E-15, 0.000000000000000000, -1.000000000000000000 ) ) ;
#3598 = CARTESIAN_POINT ( 'NONE',  ( 0.7999999999999956035, 0.9000000000000001332, -0.8500000000000028644 ) ) ;
#3599 = ORIENTED_EDGE ( 'NONE', *, *, #609, .T. ) ;
#3600 = VERTEX_POINT ( 'NONE', #1092 ) ;
#3601 = EDGE_CURVE ( 'NONE', #2796, #2715, #1963, .T. ) ;
#3602 = FACE_OUTER_BOUND ( 'NONE', #2390, .T. ) ;
#3603 = DIRECTION ( 'NONE',  ( 0.000000000000000000, 1.000000000000000000, 0.000000000000000000 ) ) ;
#3604 = ORIENTED_EDGE ( 'NONE', *, *, #2412, .T. ) ;
#3605 = CARTESIAN_POINT ( 'NONE',  ( 0.000000000000000000, 0.000000000000000000, 0.000000000000000000 ) ) ;
#3606 = CARTESIAN_POINT ( 'NONE',  ( 0.000000000000000000, 0.000000000000000000, 0.000000000000000000 ) ) ;
#3607 = ORIENTED_EDGE ( 'NONE', *, *, #4561, .T. ) ;
#3608 = SURFACE_STYLE_USAGE ( .BOTH. , #1296 ) ;
#3609 = DIRECTION ( 'NONE',  ( 0.000000000000000000, -1.000000000000000000, 0.000000000000000000 ) ) ;
#3610 = CARTESIAN_POINT ( 'NONE',  ( -1.150000000000002576, 0.000000000000000000, -0.7999999999999952704 ) ) ;
#3611 = FACE_OUTER_BOUND ( 'NONE', #1825, .T. ) ;
#3612 = ORIENTED_EDGE ( 'NONE', *, *, #3979, .F. ) ;
#3613 = EDGE_CURVE ( 'NONE', #2688, #3667, #2181, .T. ) ;
#3614 = EDGE_CURVE ( 'NONE', #2978, #1956, #952, .T. ) ;
#3615 = DIRECTION ( 'NONE',  ( -1.000000000000000000, 0.000000000000000000, 3.614007241618347587E-15 ) ) ;
#3616 = VERTEX_POINT ( 'NONE', #4650 ) ;
#3617 = CARTESIAN_POINT ( 'NONE',  ( 0.8000000000000014877, 0.000000000000000000, 0.4999999999999971689 ) ) ;
#3618 = CARTESIAN_POINT ( 'NONE',  ( -1.150000000000003908, 0.1000000000000000056, -1.149999999999994804 ) ) ;
#3619 = EDGE_CURVE ( 'NONE', #1555, #998, #3067, .T. ) ;
#3620 = EDGE_LOOP ( 'NONE', ( #445, #2560, #2347, #3711 ) ) ;
#3621 = DIRECTION ( 'NONE',  ( -0.000000000000000000, -1.000000000000000000, -0.000000000000000000 ) ) ;
#3622 = CARTESIAN_POINT ( 'NONE',  ( 1.149999999999997025, 0.2299999999999999545, -0.8000000000000020428 ) ) ;
#3623 = EDGE_CURVE ( 'NONE', #4708, #3147, #2731, .T. ) ;
#3624 = CYLINDRICAL_SURFACE ( 'NONE', #587, 0.1499999999999999389 ) ;
#3625 = CARTESIAN_POINT ( 'NONE',  ( 0.01199999999999640070, 1.000000000000000000, 0.6250000000000045519 ) ) ;
#3626 = ORIENTED_EDGE ( 'NONE', *, *, #172, .T. ) ;
#3627 = ADVANCED_FACE ( 'NONE', ( #2350 ), #333, .T. ) ;
#3628 = VERTEX_POINT ( 'NONE', #4265 ) ;
#3629 = UNCERTAINTY_MEASURE_WITH_UNIT (LENGTH_MEASURE( 1.000000000000000082E-05 ), #1778, 'distance_accuracy_value', 'NONE');
#3630 = DIRECTION ( 'NONE',  ( -1.000000000000000000, 0.000000000000000000, 3.801253388124705825E-15 ) ) ;
#3631 = CARTESIAN_POINT ( 'NONE',  ( -1.100000000000003197, 0.8964466094067260471, -0.7999999999999961586 ) ) ;
#3632 = VERTEX_POINT ( 'NONE', #408 ) ;
#3633 = STYLED_ITEM ( 'NONE', ( #386 ), #2359 ) ;
#3634 = DIRECTION ( 'NONE',  ( -1.000000000000000000, 0.000000000000000000, 3.614007241618345221E-15 ) ) ;
#3635 = AXIS2_PLACEMENT_3D ( 'NONE', #68, #4434, #2519 ) ;
#3636 = DIRECTION ( 'NONE',  ( -1.000000000000000000, 0.000000000000000000, 3.491481338843133355E-15 ) ) ;
#3637 = ORIENTED_EDGE ( 'NONE', *, *, #977, .F. ) ;
#3638 = LINE ( 'NONE', #2087, #1232 ) ;
#3639 = CARTESIAN_POINT ( 'NONE',  ( 1.150000000000001465, 0.1000000000000000056, 0.4999999999999962252 ) ) ;
#3640 = DIRECTION ( 'NONE',  ( -3.491481338843133355E-15, 0.000000000000000000, -1.000000000000000000 ) ) ;
#3641 = CARTESIAN_POINT ( 'NONE',  ( -1.149999999999996358, 0.2300000000000000100, 1.030000000000003801 ) ) ;
#3642 = VECTOR ( 'NONE', #1661, 1000.000000000000000 ) ;
#3643 = AXIS2_PLACEMENT_3D ( 'NONE', #4577, #1166, #4931 ) ;
#3644 = LINE ( 'NONE', #972, #2427 ) ;
#3645 = ORIENTED_EDGE ( 'NONE', *, *, #896, .F. ) ;
#3646 = DIRECTION ( 'NONE',  ( -3.491481338843133355E-15, 0.000000000000000000, -1.000000000000000000 ) ) ;
#3647 = CARTESIAN_POINT ( 'NONE',  ( 1.030000000000003801, 0.2300000000000000100, 1.149999999999996358 ) ) ;
#3648 = AXIS2_PLACEMENT_3D ( 'NONE', #1864, #2227, #1837 ) ;
#3649 = VERTEX_POINT ( 'NONE', #3855 ) ;
#3650 = CARTESIAN_POINT ( 'NONE',  ( -1.149999999999998135, 0.1000000000000000056, 0.5000000000000037748 ) ) ;
#3651 = DIRECTION ( 'NONE',  ( 3.627006610403821410E-15, -0.000000000000000000, 1.000000000000000000 ) ) ;
#3652 = DIRECTION ( 'NONE',  ( 3.801253388124706614E-15, 0.000000000000000000, 1.000000000000000000 ) ) ;
#3653 = ORIENTED_EDGE ( 'NONE', *, *, #2030, .F. ) ;
#3654 = EDGE_LOOP ( 'NONE', ( #1699, #247, #4965, #799 ) ) ;
#3655 = DIRECTION ( 'NONE',  ( 1.000000000000000000, 0.000000000000000000, -3.614007241618349165E-15 ) ) ;
#3656 = DIRECTION ( 'NONE',  ( -1.000000000000000000, 0.000000000000000000, 3.252606517456513696E-15 ) ) ;
#3657 = EDGE_LOOP ( 'NONE', ( #48, #4924, #3211, #3250 ) ) ;
#3658 = ORIENTED_EDGE ( 'NONE', *, *, #2691, .T. ) ;
#3659 = CARTESIAN_POINT ( 'NONE',  ( 0.8274134121841509870, 1.000000000000000000, 0.8496942619956440179 ) ) ;
#3660 = ADVANCED_FACE ( 'NONE', ( #1116 ), #787, .F. ) ;
#3661 = DIRECTION ( 'NONE',  ( -0.000000000000000000, -1.000000000000000000, -0.000000000000000000 ) ) ;
#3662 = VERTEX_POINT ( 'NONE', #3836 ) ;
#3663 = LINE ( 'NONE', #2574, #2741 ) ;
#3664 = CARTESIAN_POINT ( 'NONE',  ( 1.150000000000003908, 0.2300000000000000100, 1.029999999999994920 ) ) ;
#3665 = CARTESIAN_POINT ( 'NONE',  ( 5.237222008264702005E-16, 0.000000000000000000, 0.1500000000000000777 ) ) ;
#3666 =( NAMED_UNIT ( * ) PLANE_ANGLE_UNIT ( ) SI_UNIT ( $, .RADIAN. ) );
#3667 = VERTEX_POINT ( 'NONE', #3012 ) ;
#3668 = DIRECTION ( 'NONE',  ( -2.168404344971012812E-15, 0.000000000000000000, -1.000000000000000000 ) ) ;
#3669 = DIRECTION ( 'NONE',  ( -3.702006032529638986E-15, 0.000000000000000000, -1.000000000000000000 ) ) ;
#3670 = ADVANCED_FACE ( 'NONE', ( #4955 ), #4551, .F. ) ;
#3671 = VECTOR ( 'NONE', #3972, 1000.000000000000000 ) ;
#3672 = VERTEX_POINT ( 'NONE', #384 ) ;
#3673 = DIRECTION ( 'NONE',  ( 0.000000000000000000, 1.000000000000000000, 0.000000000000000000 ) ) ;
#3674 = VECTOR ( 'NONE', #2914, 1000.000000000000000 ) ;
#3675 = DIRECTION ( 'NONE',  ( 1.000000000000000000, 0.000000000000000000, -3.614007241618349954E-15 ) ) ;
#3676 = LINE ( 'NONE', #139, #4715 ) ;
#3677 = ORIENTED_EDGE ( 'NONE', *, *, #1183, .T. ) ;
#3678 = UNCERTAINTY_MEASURE_WITH_UNIT (LENGTH_MEASURE( 1.000000000000000082E-05 ), #570, 'distance_accuracy_value', 'NONE');
#3679 = VECTOR ( 'NONE', #1543, 1000.000000000000000 ) ;
#3680 = DIRECTION ( 'NONE',  ( -0.000000000000000000, -1.000000000000000000, 0.000000000000000000 ) ) ;
#3681 = EDGE_CURVE ( 'NONE', #4033, #1401, #389, .T. ) ;
#3682 = CARTESIAN_POINT ( 'NONE',  ( 1.005853376975464508, 0.1300066619336573970, -1.151413695764977652 ) ) ;
#3683 = ORIENTED_EDGE ( 'NONE', *, *, #4561, .F. ) ;
#3684 = ORIENTED_EDGE ( 'NONE', *, *, #3572, .T. ) ;
#3685 = VECTOR ( 'NONE', #2075, 1000.000000000000000 ) ;
#3686 = ADVANCED_FACE ( 'NONE', ( #2636 ), #2253, .F. ) ;
#3687 = CARTESIAN_POINT ( 'NONE',  ( 0.8500000000000028644, 1.000000000000000000, 0.7999999999999974909 ) ) ;
#3688 = EDGE_CURVE ( 'NONE', #2819, #3406, #2709, .T. ) ;
#3689 = CARTESIAN_POINT ( 'NONE',  ( 1.745740669421565100E-15, 0.000000000000000000, 0.4999999999999995559 ) ) ;
#3690 = ORIENTED_EDGE ( 'NONE', *, *, #1323, .F. ) ;
#3691 = LINE ( 'NONE', #4135, #429 ) ;
#3692 = EDGE_CURVE ( 'NONE', #2471, #2128, #464, .T. ) ;
#3693 = ADVANCED_FACE ( 'NONE', ( #516 ), #4153, .F. ) ;
#3694 = CARTESIAN_POINT ( 'NONE',  ( 1.029999999999995364, 0.1300000000000000044, -1.050000000000003819 ) ) ;
#3695 = ORIENTED_EDGE ( 'NONE', *, *, #287, .F. ) ;
#3696 = SURFACE_STYLE_FILL_AREA ( #2556 ) ;
#3697 = ORIENTED_EDGE ( 'NONE', *, *, #3880, .F. ) ;
#3698 = LINE ( 'NONE', #1402, #2955 ) ;
#3699 = LINE ( 'NONE', #3719, #5004 ) ;
#3700 = ORIENTED_EDGE ( 'NONE', *, *, #2939, .F. ) ;
#3701 = CARTESIAN_POINT ( 'NONE',  ( -0.8000000000000030420, 5.111269837220810075, -0.7999999999999972689 ) ) ;
#3702 = CARTESIAN_POINT ( 'NONE',  ( -1.062891624136448554, 0.1291723363603947961, -0.9539983479848358483 ) ) ;
#3703 = CARTESIAN_POINT ( 'NONE',  ( -1.005025253169421040, 0.2299999999999998712, -1.149999999999996358 ) ) ;
#3704 = CARTESIAN_POINT ( 'NONE',  ( -0.7999999999999974909, 5.111269837220810075, 0.8000000000000031530 ) ) ;
#3705 = ORIENTED_EDGE ( 'NONE', *, *, #2148, .F. ) ;
#3706 = EDGE_LOOP ( 'NONE', ( #581, #2264, #630, #1761 ) ) ;
#3707 = SURFACE_STYLE_USAGE ( .BOTH. , #2158 ) ;
#3708 = VECTOR ( 'NONE', #4386, 1000.000000000000000 ) ;
#3709 = CARTESIAN_POINT ( 'NONE',  ( -0.8000000000000037081, 5.111269837220810075, -0.9999999999999974465 ) ) ;
#3710 = AXIS2_PLACEMENT_3D ( 'NONE', #1478, #2352, #4652 ) ;
#3711 = ORIENTED_EDGE ( 'NONE', *, *, #2568, .T. ) ;
#3712 = CARTESIAN_POINT ( 'NONE',  ( -0.9378679656440390700, 0.8999999999999996891, -0.7999999999999967137 ) ) ;
#3713 = DIRECTION ( 'NONE',  ( 3.491481338843134933E-15, 0.000000000000000000, 1.000000000000000000 ) ) ;
#3714 = VECTOR ( 'NONE', #4636, 1000.000000000000000 ) ;
#3715 = VERTEX_POINT ( 'NONE', #2757 ) ;
#3716 = VECTOR ( 'NONE', #4383, 1000.000000000000000 ) ;
#3717 = EDGE_LOOP ( 'NONE', ( #4656, #2130, #1185, #3684 ) ) ;
#3718 = LINE ( 'NONE', #4096, #2215 ) ;
#3719 = CARTESIAN_POINT ( 'NONE',  ( 2.967759138016664141E-15, 1.000000000000000000, 0.8500000000000003109 ) ) ;
#3720 = ORIENTED_EDGE ( 'NONE', *, *, #2168, .F. ) ;
#3721 = AXIS2_PLACEMENT_3D ( 'NONE', #3319, #2169, #4826 ) ;
#3722 = CARTESIAN_POINT ( 'NONE',  ( -1.151413695764975875, 0.1300066619336573692, -1.005853376975464286 ) ) ;
#3723 = CIRCLE ( 'NONE', #1526, 0.1999999999999999833 ) ;
#3724 = VECTOR ( 'NONE', #2910, 1000.000000000000000 ) ;
#3725 = CARTESIAN_POINT ( 'NONE',  ( -1.149999999999999245, 0.1000000000000000056, 0.1500000000000040745 ) ) ;
#3726 = DIRECTION ( 'NONE',  ( -1.000000000000000000, 0.000000000000000000, 3.491481338843133355E-15 ) ) ;
#3727 = VERTEX_POINT ( 'NONE', #2834 ) ;
#3728 = ORIENTED_EDGE ( 'NONE', *, *, #1773, .F. ) ;
#3729 = EDGE_CURVE ( 'NONE', #3222, #1216, #539, .T. ) ;
#3730 = CARTESIAN_POINT ( 'NONE',  ( 0.9757359312880671265, 0.2507106781186556055, -1.100000000000002531 ) ) ;
#3731 = ORIENTED_EDGE ( 'NONE', *, *, #4419, .F. ) ;
#3732 = CARTESIAN_POINT ( 'NONE',  ( -0.9171572875253847235, 0.8378679656440353174, -0.9999999999999968914 ) ) ;
#3733 = CARTESIAN_POINT ( 'NONE',  ( 0.9171572875253757307, 0.8378679656440355394, -1.000000000000005773 ) ) ;
#3734 = VERTEX_POINT ( 'NONE', #2067 ) ;
#3735 = ORIENTED_EDGE ( 'NONE', *, *, #2673, .F. ) ;
#3736 = LINE ( 'NONE', #2513, #913 ) ;
#3737 = DIRECTION ( 'NONE',  ( 1.000000000000000000, 0.000000000000000000, -3.801253388124706614E-15 ) ) ;
#3738 = FACE_OUTER_BOUND ( 'NONE', #4822, .T. ) ;
#3739 = EDGE_CURVE ( 'NONE', #903, #666, #437, .T. ) ;
#3740 = EDGE_CURVE ( 'NONE', #4063, #4630, #34, .T. ) ;
#3741 = EDGE_LOOP ( 'NONE', ( #4846, #4827, #81, #39, #4781, #1636, #3025, #3251 ) ) ;
#3742 = EDGE_CURVE ( 'NONE', #1125, #3600, #892, .T. ) ;
#3743 = FACE_OUTER_BOUND ( 'NONE', #2131, .T. ) ;
#3744 = EDGE_CURVE ( 'NONE', #4388, #1468, #4665, .T. ) ;
#3745 = AXIS2_PLACEMENT_3D ( 'NONE', #1161, #2677, #3028 ) ;
#3746 = CLOSED_SHELL ( 'NONE', ( #3819, #3660, #3458, #3163, #1942, #331 ) ) ;
#3747 = CARTESIAN_POINT ( 'NONE',  ( -0.9757359312880758972, 0.2800000000000016365, -1.099999999999996758 ) ) ;
#3748 = CARTESIAN_POINT ( 'NONE',  ( 0.7999999999999947153, 0.2800000000000033573, -1.000000000000002887 ) ) ;
#3749 = ORIENTED_EDGE ( 'NONE', *, *, #3207, .F. ) ;
#3750 = ORIENTED_EDGE ( 'NONE', *, *, #2570, .F. ) ;
#3751 = FACE_OUTER_BOUND ( 'NONE', #1723, .T. ) ;
#3752 = VECTOR ( 'NONE', #1829, 1000.000000000000000 ) ;
#3753 = CARTESIAN_POINT ( 'NONE',  ( -0.8000000000000030420, 1.000000000000000000, -0.8499999999999972022 ) ) ;
#3754 = CARTESIAN_POINT ( 'NONE',  ( 0.7999999999999927169, 0.7499999999999997780, -1.000000000000003109 ) ) ;
#3755 = ORIENTED_EDGE ( 'NONE', *, *, #1134, .T. ) ;
#3756 = CARTESIAN_POINT ( 'NONE',  ( 0.8000000000000040412, 0.8964466094067269353, 1.099999999999996314 ) ) ;
#3757 = EDGE_LOOP ( 'NONE', ( #677, #3076, #1988, #1423, #1484, #1003 ) ) ;
#3758 = CARTESIAN_POINT ( 'NONE',  ( 1.150000000000001465, 0.000000000000000000, 0.4999999999999962252 ) ) ;
#3759 = CARTESIAN_POINT ( 'NONE',  ( 1.150000000000000133, 0.000000000000000000, 0.1499999999999961364 ) ) ;
#3760 = PLANE ( 'NONE',  #1144 ) ;
#3761 = LINE ( 'NONE', #2982, #67 ) ;
#3762 = EDGE_LOOP ( 'NONE', ( #578, #4364, #2408, #3005 ) ) ;
#3763 = CYLINDRICAL_SURFACE ( 'NONE', #55, 0.1199999999999998845 ) ;
#3764 = DIRECTION ( 'NONE',  ( -3.491481338843133355E-15, 0.000000000000000000, -1.000000000000000000 ) ) ;
#3765 = ADVANCED_FACE ( 'NONE', ( #3561 ), #3132, .F. ) ;
#3766 = LINE ( 'NONE', #1385, #1597 ) ;
#3767 = FACE_BOUND ( 'NONE', #3741, .T. ) ;
#3768 = DIRECTION ( 'NONE',  ( 3.491481338843133355E-15, 0.000000000000000000, 1.000000000000000000 ) ) ;
#3769 = ORIENTED_EDGE ( 'NONE', *, *, #2257, .F. ) ;
#3770 = EDGE_LOOP ( 'NONE', ( #3873, #9, #2306, #891, #1949, #4741 ) ) ;
#3771 = AXIS2_PLACEMENT_3D ( 'NONE', #2166, #1060, #1464 ) ;
#3772 = DIRECTION ( 'NONE',  ( -1.000000000000000000, -0.000000000000000000, 3.181709289561560491E-15 ) ) ;
#3773 = ADVANCED_FACE ( 'NONE', ( #108 ), #3993, .T. ) ;
#3774 = CARTESIAN_POINT ( 'NONE',  ( 0.7999999999999974909, 0.7500000000000015543, -0.8000000000000029310 ) ) ;
#3775 = LINE ( 'NONE', #3403, #2468 ) ;
#3776 = CYLINDRICAL_SURFACE ( 'NONE', #4586, 0.04999999999999991257 ) ;
#3777 = ORIENTED_EDGE ( 'NONE', *, *, #1701, .T. ) ;
#3778 = ORIENTED_EDGE ( 'NONE', *, *, #4290, .F. ) ;
#3779 = CARTESIAN_POINT ( 'NONE',  ( -0.7999999999999963807, 0.2299999999999999545, 1.150000000000002576 ) ) ;
#3780 = CARTESIAN_POINT ( 'NONE',  ( -1.150000000000001465, 0.1000000000000000056, -0.4999999999999953371 ) ) ;
#3781 = DIRECTION ( 'NONE',  ( -3.614007241618346010E-15, 0.000000000000000000, -1.000000000000000000 ) ) ;
#3782 = CARTESIAN_POINT ( 'NONE',  ( -1.030000000000003801, 0.2300000000000000100, -1.029999999999996696 ) ) ;
#3783 = AXIS2_PLACEMENT_3D ( 'NONE', #960, #2111, #3278 ) ;
#3784 = ORIENTED_EDGE ( 'NONE', *, *, #231, .F. ) ;
#3785 = AXIS2_PLACEMENT_3D ( 'NONE', #217, #1774, #2970 ) ;
#3786 = CARTESIAN_POINT ( 'NONE',  ( 1.149999999999995692, 0.1000000000000000056, -1.150000000000003908 ) ) ;
#3787 = VECTOR ( 'NONE', #522, 1000.000000000000000 ) ;
#3788 =( BOUNDED_SURFACE ( )  B_SPLINE_SURFACE ( 3, 3, ( 
 ( #844, #115, #2843, #2405 ),
 ( #2022, #4322, #4683, #417 ),
 ( #1553, #1578, #901, #4347 ),
 ( #1994, #4294, #820, #2356 ) ),
 .UNSPECIFIED., .F., .F., .F. ) 
 B_SPLINE_SURFACE_WITH_KNOTS ( ( 4, 4 ),
 ( 4, 4 ),
 ( 0.000000000000000000, 1.000000000000000000 ),
 ( 0.000000000000000000, 1.000000000000000000 ),
 .UNSPECIFIED. ) 
 GEOMETRIC_REPRESENTATION_ITEM ( )  RATIONAL_B_SPLINE_SURFACE ( (
 ( 1.000000000000000000, 0.8047378541243649375, 0.8047378541243649375, 1.000000000000000000),
 ( 0.8047378541243702665, 0.6476030138606919673, 0.6476030138606919673, 0.8047378541243702665),
 ( 0.8047378541243702665, 0.6476030138606919673, 0.6476030138606919673, 0.8047378541243702665),
 ( 1.000000000000000000, 0.8047378541243649375, 0.8047378541243649375, 1.000000000000000000) ) ) 
 REPRESENTATION_ITEM ( '' )  SURFACE ( )  );
#3789 = CARTESIAN_POINT ( 'NONE',  ( 0.7999999999999997113, 0.000000000000000000, -2.793185071074505895E-15 ) ) ;
#3790 = AXIS2_PLACEMENT_3D ( 'NONE', #811, #1243, #923 ) ;
#3791 = DIRECTION ( 'NONE',  ( 1.000000000000000000, 0.000000000000000000, -3.491481338843133355E-15 ) ) ;
#3792 = CARTESIAN_POINT ( 'NONE',  ( -0.8879929925636335097, 0.2300000000000000100, -1.141808635123947369 ) ) ;
#3793 = VERTEX_POINT ( 'NONE', #1573 ) ;
#3794 = VERTEX_POINT ( 'NONE', #1987 ) ;
#3795 = CIRCLE ( 'NONE', #1938, 0.2499999999999998890 ) ;
#3796 = PLANE ( 'NONE',  #3229 ) ;
#3797 = APPLICATION_CONTEXT ( 'automotive_design' ) ;
#3798 = DIRECTION ( 'NONE',  ( -1.000000000000000000, 0.000000000000000000, 3.181709289561560885E-15 ) ) ;
#3799 = DIRECTION ( 'NONE',  ( -1.000000000000000000, 0.000000000000000000, 3.491481338843133355E-15 ) ) ;
#3800 = ORIENTED_EDGE ( 'NONE', *, *, #1725, .T. ) ;
#3801 = ORIENTED_EDGE ( 'NONE', *, *, #3613, .F. ) ;
#3802 = CARTESIAN_POINT ( 'NONE',  ( -1.149999999999996581, 0.2299999999999999267, 0.8450486097814142727 ) ) ;
#3803 = DIRECTION ( 'NONE',  ( 1.000000000000000000, 0.000000000000000000, -3.491481338843133355E-15 ) ) ;
#3804 = CARTESIAN_POINT ( 'NONE',  ( -0.7999999999999966027, 0.7499999999999997780, 1.000000000000003109 ) ) ;
#3805 = DIRECTION ( 'NONE',  ( 1.000000000000000000, 0.000000000000000000, -3.252606517456513696E-15 ) ) ;
#3806 = ORIENTED_EDGE ( 'NONE', *, *, #910, .T. ) ;
#3807 = DIRECTION ( 'NONE',  ( 0.000000000000000000, 1.000000000000000000, 0.000000000000000000 ) ) ;
#3808 = LINE ( 'NONE', #335, #1509 ) ;
#3809 = DIRECTION ( 'NONE',  ( -4.111025437406278295E-15, 0.000000000000000000, -1.000000000000000000 ) ) ;
#3810 = FACE_OUTER_BOUND ( 'NONE', #958, .T. ) ;
#3811 = CARTESIAN_POINT ( 'NONE',  ( -1.080737363814870511, 0.2300000000000000100, -1.013921877979041319 ) ) ;
#3812 = ORIENTED_EDGE ( 'NONE', *, *, #2787, .F. ) ;
#3813 = ORIENTED_EDGE ( 'NONE', *, *, #2484, .T. ) ;
#3814 = AXIS2_PLACEMENT_3D ( 'NONE', #957, #4926, #3781 ) ;
#3815 = CIRCLE ( 'NONE', #2372, 0.3000000000000000444 ) ;
#3816 = ADVANCED_FACE ( 'NONE', ( #838 ), #3240, .T. ) ;
#3817 = ADVANCED_FACE ( 'NONE', ( #2479 ), #4018, .F. ) ;
#3818 = LINE ( 'NONE', #4687, #4037 ) ;
#3819 = ADVANCED_FACE ( 'NONE', ( #4094 ), #613, .T. ) ;
#3820 = VECTOR ( 'NONE', #1601, 1000.000000000000000 ) ;
#3821 = VECTOR ( 'NONE', #3597, 1000.000000000000000 ) ;
#3822 = CARTESIAN_POINT ( 'NONE',  ( 0.7999999999999944933, 0.1681966011250103366, -1.050000000000002931 ) ) ;
#3823 = DIRECTION ( 'NONE',  ( 1.000000000000000000, -0.000000000000000000, -2.871937240279988021E-15 ) ) ;
#3824 = ADVANCED_FACE ( 'NONE', ( #944 ), #183, .F. ) ;
#3825 = DIRECTION ( 'NONE',  ( -0.000000000000000000, 1.000000000000000000, -0.000000000000000000 ) ) ;
#3826 = VECTOR ( 'NONE', #1037, 1000.000000000000000 ) ;
#3827 = ORIENTED_EDGE ( 'NONE', *, *, #4349, .T. ) ;
#3828 = EDGE_CURVE ( 'NONE', #2495, #109, #3644, .T. ) ;
#3829 = EDGE_CURVE ( 'NONE', #1216, #4067, #4422, .T. ) ;
#3830 = ORIENTED_EDGE ( 'NONE', *, *, #230, .F. ) ;
#3831 = CARTESIAN_POINT ( 'NONE',  ( -1.149999999999997025, 0.2299999999999998990, 0.8000000000000043743 ) ) ;
#3832 = DIRECTION ( 'NONE',  ( -1.000000000000000000, 0.000000000000000000, 4.336808689942025625E-15 ) ) ;
#3833 = CARTESIAN_POINT ( 'NONE',  ( -0.8807611844574848581, 0.8999999999999996891, 0.9378679656440392920 ) ) ;
#3834 = LINE ( 'NONE', #1472, #2993 ) ;
#3835 = VERTEX_POINT ( 'NONE', #4045 ) ;
#3836 = CARTESIAN_POINT ( 'NONE',  ( -1.044948974278321785, 0.1300000000000000044, -1.049999999999996492 ) ) ;
#3837 = CARTESIAN_POINT ( 'NONE',  ( 0.8000000000000024869, 0.1000000000000000056, 0.7999999999999972689 ) ) ;
#3838 = DIRECTION ( 'NONE',  ( 3.491481338843133355E-15, -0.000000000000000000, 1.000000000000000000 ) ) ;
#3839 = CARTESIAN_POINT ( 'NONE',  ( 1.149999999999997469, 0.2799999999999998601, -0.8000000000000041522 ) ) ;
#3840 = ORIENTED_EDGE ( 'NONE', *, *, #2033, .F. ) ;
#3841 = VERTEX_POINT ( 'NONE', #4495 ) ;
#3842 = CARTESIAN_POINT ( 'NONE',  ( 1.149999999999999245, 0.1000000000000000056, -0.1500000000000037415 ) ) ;
#3843 = PLANE ( 'NONE',  #2583 ) ;
#3844 = CARTESIAN_POINT ( 'NONE',  ( 0.8000000000000024869, 0.000000000000000000, 0.7999999999999972689 ) ) ;
#3845 = CARTESIAN_POINT ( 'NONE',  ( -1.149999999999996358, 0.1300000000000000044, 1.030000000000003801 ) ) ;
#3846 = LINE ( 'NONE', #4930, #4919 ) ;
#3847 = ORIENTED_EDGE ( 'NONE', *, *, #1878, .F. ) ;
#3848 = CARTESIAN_POINT ( 'NONE',  ( -1.115755018388782993, 0.2299999999999999822, 0.9513657228807896882 ) ) ;
#3849 = FACE_OUTER_BOUND ( 'NONE', #2429, .T. ) ;
#3850 = CARTESIAN_POINT ( 'NONE',  ( -0.7999999999999998224, 0.000000000000000000, 2.793185071074506290E-15 ) ) ;
#3851 = CARTESIAN_POINT ( 'NONE',  ( -0.9757359312880665714, 0.2507106781186557720, 1.100000000000003419 ) ) ;
#3852 = VERTEX_POINT ( 'NONE', #1708 ) ;
#3853 = VECTOR ( 'NONE', #199, 1000.000000000000000 ) ;
#3854 = MANIFOLD_SOLID_BREP ( 'Boss-Extrude4[6]', #1145 ) ;
#3855 = CARTESIAN_POINT ( 'NONE',  ( -0.1380000000000035087, 1.000000000000000000, 0.6250000000000049960 ) ) ;
#3856 = STYLED_ITEM ( 'NONE', ( #681 ), #2309 ) ;
#3857 = VERTEX_POINT ( 'NONE', #1808 ) ;
#3858 = AXIS2_PLACEMENT_3D ( 'NONE', #3982, #200, #99 ) ;
#3859 = CARTESIAN_POINT ( 'NONE',  ( 0.7999999999999980460, 0.000000000000000000, -0.5000000000000027756 ) ) ;
#3860 = DIRECTION ( 'NONE',  ( 3.491481338843133355E-15, 0.000000000000000000, 1.000000000000000000 ) ) ;
#3861 = DIRECTION ( 'NONE',  ( -3.491481338843133355E-15, -0.000000000000000000, -1.000000000000000000 ) ) ;
#3862 = ORIENTED_EDGE ( 'NONE', *, *, #412, .F. ) ;
#3863 = VECTOR ( 'NONE', #3139, 1000.000000000000000 ) ;
#3864 = VERTEX_POINT ( 'NONE', #233 ) ;
#3865 = VECTOR ( 'NONE', #1599, 1000.000000000000000 ) ;
#3866 = CARTESIAN_POINT ( 'NONE',  ( -1.149999999999999689, 0.000000000000000000, 4.015203539669602570E-15 ) ) ;
#3867 = LINE ( 'NONE', #94, #4958 ) ;
#3868 = PLANE ( 'NONE',  #777 ) ;
#3869 = CARTESIAN_POINT ( 'NONE',  ( 1.149999999999997025, 0.1000000000000000056, -0.8000000000000037081 ) ) ;
#3870 = DIRECTION ( 'NONE',  ( 1.000000000000000000, 0.000000000000000000, -3.307784318971030239E-15 ) ) ;
#3871 = VECTOR ( 'NONE', #2151, 1000.000000000000000 ) ;
#3872 = LINE ( 'NONE', #3103, #1841 ) ;
#3873 = ORIENTED_EDGE ( 'NONE', *, *, #3433, .T. ) ;
#3874 = LINE ( 'NONE', #2629, #1806 ) ;
#3875 = CARTESIAN_POINT ( 'NONE',  ( 1.150000000000002798, 0.2799999999999998601, 0.7999999999999961586 ) ) ;
#3876 = LINE ( 'NONE', #3850, #4082 ) ;
#3877 = CARTESIAN_POINT ( 'NONE',  ( -0.9757359312880672375, 0.2800000000000016365, 1.100000000000004530 ) ) ;
#3878 = ORIENTED_EDGE ( 'NONE', *, *, #2153, .T. ) ;
#3879 = MANIFOLD_SOLID_BREP ( 'Boss-Extrude4[3]', #1962 ) ;
#3880 = EDGE_CURVE ( 'NONE', #2715, #295, #588, .T. ) ;
#3881 = DIRECTION ( 'NONE',  ( -1.000000000000000000, 0.000000000000000000, 3.491481338843133355E-15 ) ) ;
#3882 = EDGE_LOOP ( 'NONE', ( #614, #1777, #3337, #4866 ) ) ;
#3883 = DIRECTION ( 'NONE',  ( -0.000000000000000000, -1.000000000000000000, -0.000000000000000000 ) ) ;
#3884 = ADVANCED_FACE ( 'NONE', ( #4805 ), #1378, .F. ) ;
#3885 = ADVANCED_FACE ( 'NONE', ( #2626 ), #2734, .T. ) ;
#3886 = DIRECTION ( 'NONE',  ( -0.000000000000000000, -1.000000000000000000, -0.000000000000000000 ) ) ;
#3887 = CARTESIAN_POINT ( 'NONE',  ( 0.8500000000000028644, 0.9000000000000001332, 0.7999999999999974909 ) ) ;
#3888 = DIRECTION ( 'NONE',  ( -1.000000000000000000, -0.000000000000000000, 2.871937240279988021E-15 ) ) ;
#3889 = ORIENTED_EDGE ( 'NONE', *, *, #1352, .T. ) ;
#3890 = EDGE_CURVE ( 'NONE', #2740, #2688, #816, .T. ) ;
#3891 = ORIENTED_EDGE ( 'NONE', *, *, #1701, .F. ) ;
#3892 = CARTESIAN_POINT ( 'NONE',  ( 1.062891624136447000, 0.1291723363603947683, 0.7999999999999967137 ) ) ;
#3893 = ORIENTED_EDGE ( 'NONE', *, *, #2628, .F. ) ;
#3894 = CARTESIAN_POINT ( 'NONE',  ( 1.149999999999997025, 0.000000000000000000, -0.8000000000000037081 ) ) ;
#3895 = DIRECTION ( 'NONE',  ( 3.355956067282445301E-15, 0.000000000000000000, 1.000000000000000000 ) ) ;
#3896 = VECTOR ( 'NONE', #1487, 1000.000000000000000 ) ;
#3897 = VECTOR ( 'NONE', #1289, 1000.000000000000000 ) ;
#3898 = AXIS2_PLACEMENT_3D ( 'NONE', #709, #687, #3078 ) ;
#3899 = CARTESIAN_POINT ( 'NONE',  ( -1.149999999999997025, 0.000000000000000000, 0.8000000000000037081 ) ) ;
#3900 = ORIENTED_EDGE ( 'NONE', *, *, #538, .F. ) ;
#3901 = AXIS2_PLACEMENT_3D ( 'NONE', #2304, #819, #3860 ) ;
#3902 = CARTESIAN_POINT ( 'NONE',  ( 1.050000000000003375, 0.1681966011250102810, 0.8832085319182406691 ) ) ;
#3903 = CARTESIAN_POINT ( 'NONE',  ( -0.8000000000000024869, 0.000000000000000000, -0.7999999999999967137 ) ) ;
#3904 = CARTESIAN_POINT ( 'NONE',  ( -0.8000000000000040412, 5.111269837220810075, -1.099999999999997202 ) ) ;
#3905 = VERTEX_POINT ( 'NONE', #1629 ) ;
#3906 = AXIS2_PLACEMENT_3D ( 'NONE', #251, #1347, #4539 ) ;
#3907 = VECTOR ( 'NONE', #1705, 1000.000000000000000 ) ;
#3908 = CARTESIAN_POINT ( 'NONE',  ( 1.100000000000002531, 0.2507106781186555500, 0.9757359312880674596 ) ) ;
#3909 = EDGE_LOOP ( 'NONE', ( #2835, #3384, #1572, #1281 ) ) ;
#3910 = AXIS2_PLACEMENT_3D ( 'NONE', #694, #293, #4205 ) ;
#3911 = DIRECTION ( 'NONE',  ( -1.000000000000000000, 0.000000000000000000, 3.469446951953614189E-15 ) ) ;
#3912 = LINE ( 'NONE', #869, #3787 ) ;
#3913 = CARTESIAN_POINT ( 'NONE',  ( 1.149999999999995692, 0.000000000000000000, -1.150000000000003908 ) ) ;
#3914 = CARTESIAN_POINT ( 'NONE',  ( -0.8000000000000038192, 0.1000000000000000056, -1.149999999999996358 ) ) ;
#3915 = CARTESIAN_POINT ( 'NONE',  ( -0.7999999999999969358, 0.7500000000000002220, 1.000000000000003109 ) ) ;
#3916 = ORIENTED_EDGE ( 'NONE', *, *, #4640, .T. ) ;
#3917 = EDGE_LOOP ( 'NONE', ( #4216, #381, #116, #3695 ) ) ;
#3918 = LINE ( 'NONE', #5010, #1029 ) ;
#3919 = DIRECTION ( 'NONE',  ( -1.000000000000000000, -0.000000000000000000, 3.491481338843133355E-15 ) ) ;
#3920 = EDGE_LOOP ( 'NONE', ( #3570, #237, #2958, #4853 ) ) ;
#3921 = DIRECTION ( 'NONE',  ( 1.000000000000000000, -0.000000000000000000, -4.111025437406279084E-15 ) ) ;
#3922 = EDGE_CURVE ( 'NONE', #3432, #4727, #4402, .T. ) ;
#3923 = LINE ( 'NONE', #2771, #2173 ) ;
#3924 = ORIENTED_EDGE ( 'NONE', *, *, #889, .F. ) ;
#3925 = CARTESIAN_POINT ( 'NONE',  ( 0.3999999999999905853, 0.000000000000000000, -0.9750000000000015321 ) ) ;
#3926 = FACE_OUTER_BOUND ( 'NONE', #3143, .T. ) ;
#3927 = PLANE ( 'NONE',  #4610 ) ;
#3928 = EDGE_CURVE ( 'NONE', #4187, #3194, #3912, .T. ) ;
#3929 = ORIENTED_EDGE ( 'NONE', *, *, #3981, .F. ) ;
#3930 = CIRCLE ( 'NONE', #3771, 0.04999999999999991257 ) ;
#3931 = EDGE_CURVE ( 'NONE', #3420, #3352, #4782, .T. ) ;
#3932 = CARTESIAN_POINT ( 'NONE',  ( 1.005025253169420818, 0.2299999999999998712, 1.149999999999996803 ) ) ;
#3933 = EDGE_LOOP ( 'NONE', ( #1114, #3126, #2076, #1055, #885, #1909 ) ) ;
#3934 = CARTESIAN_POINT ( 'NONE',  ( 0.000000000000000000, 0.1000000000000000056, 0.000000000000000000 ) ) ;
#3935 = EDGE_CURVE ( 'NONE', #2557, #3552, #1371, .T. ) ;
#3936 = PRESENTATION_LAYER_ASSIGNMENT (  '', '', ( #621 ) ) ;
#3937 = CARTESIAN_POINT ( 'NONE',  ( -2.793185071074505895E-15, 0.000000000000000000, -0.7999999999999997113 ) ) ;
#3938 = AXIS2_PLACEMENT_3D ( 'NONE', #2643, #2545, #1850 ) ;
#3939 = CARTESIAN_POINT ( 'NONE',  ( -0.7999999999999992673, 0.1000000000000000056, 0.1500000000000027423 ) ) ;
#3940 = CARTESIAN_POINT ( 'NONE',  ( 0.8292893218813482958, 0.8999999999999998002, 0.8499999999999972022 ) ) ;
#3941 = CARTESIAN_POINT ( 'NONE',  ( 0.4999999999999907851, 0.000000000000000000, -0.9750000000000018652 ) ) ;
#3942 = VERTEX_POINT ( 'NONE', #60 ) ;
#3943 = ORIENTED_EDGE ( 'NONE', *, *, #2150, .F. ) ;
#3944 = VECTOR ( 'NONE', #3772, 1000.000000000000000 ) ;
#3945 = DIRECTION ( 'NONE',  ( 0.000000000000000000, -1.000000000000000000, 0.000000000000000000 ) ) ;
#3946 = AXIS2_PLACEMENT_3D ( 'NONE', #1255, #2846, #3655 ) ;
#3947 = ORIENTED_EDGE ( 'NONE', *, *, #2791, .F. ) ;
#3948 = ORIENTED_EDGE ( 'NONE', *, *, #1338, .F. ) ;
#3949 = ADVANCED_FACE ( 'NONE', ( #4001 ), #2760, .T. ) ;
#3950 = ADVANCED_FACE ( 'NONE', ( #928 ), #898, .T. ) ;
#3951 = CARTESIAN_POINT ( 'NONE',  ( -0.8496829852707281638, 1.000000000000000000, -0.8284245181110849732 ) ) ;
#3952 = EDGE_CURVE ( 'NONE', #4411, #1337, #411, .T. ) ;
#3953 = AXIS2_PLACEMENT_3D ( 'NONE', #133, #2485, #4344 ) ;
#3954 =( BOUNDED_SURFACE ( )  B_SPLINE_SURFACE ( 3, 3, ( 
 ( #2112, #2493, #3682, #4032 ),
 ( #3333, #4766, #3976, #1749 ),
 ( #2129, #4789, #2925, #196 ),
 ( #4456, #555, #987, #4410 ) ),
 .UNSPECIFIED., .F., .F., .F. ) 
 B_SPLINE_SURFACE_WITH_KNOTS ( ( 4, 4 ),
 ( 4, 4 ),
 ( 0.000000000000000000, 1.000000000000000000 ),
 ( 0.000000000000000000, 1.000000000000000000 ),
 .UNSPECIFIED. ) 
 GEOMETRIC_REPRESENTATION_ITEM ( )  RATIONAL_B_SPLINE_SURFACE ( (
 ( 1.000000000000000000, 0.8047378541243617178, 0.8047378541243617178, 1.000000000000000000),
 ( 0.8025111867385870124, 0.6458111303268054826, 0.6458111303268054826, 0.8025111867385870124),
 ( 0.8025111867385870124, 0.6458111303268054826, 0.6458111303268054826, 0.8025111867385870124),
 ( 1.000000000000000000, 0.8047378541243617178, 0.8047378541243617178, 1.000000000000000000) ) ) 
 REPRESENTATION_ITEM ( '' )  SURFACE ( )  );
#3955 = CARTESIAN_POINT ( 'NONE',  ( -4.015203539669603359E-15, 0.000000000000000000, -1.149999999999999911 ) ) ;
#3956 = ORIENTED_EDGE ( 'NONE', *, *, #4146, .F. ) ;
#3957 = AXIS2_PLACEMENT_3D ( 'NONE', #2587, #3296, #644 ) ;
#3958 = CARTESIAN_POINT ( 'NONE',  ( -0.8000000000000038192, 0.000000000000000000, -1.149999999999996358 ) ) ;
#3959 = DIRECTION ( 'NONE',  ( -3.181709289561560491E-15, -0.000000000000000000, -1.000000000000000000 ) ) ;
#3960 = DIRECTION ( 'NONE',  ( -3.491481338843133355E-15, 0.000000000000000000, -1.000000000000000000 ) ) ;
#3961 = CARTESIAN_POINT ( 'NONE',  ( -0.8000000000000002665, 0.1000000000000000056, -0.1499999999999970524 ) ) ;
#3962 = ORIENTED_EDGE ( 'NONE', *, *, #4201, .T. ) ;
#3963 = CARTESIAN_POINT ( 'NONE',  ( 0.8292893218813420786, 0.8999999999999998002, -0.8500000000000033085 ) ) ;
#3964 = ORIENTED_EDGE ( 'NONE', *, *, #865, .F. ) ;
#3965 = LINE ( 'NONE', #489, #3425 ) ;
#3966 = APPLICATION_CONTEXT ( 'automotive_design' ) ;
#3967 = EDGE_CURVE ( 'NONE', #407, #431, #2072, .T. ) ;
#3968 = ORIENTED_EDGE ( 'NONE', *, *, #2203, .T. ) ;
#3969 = LINE ( 'NONE', #3937, #4123 ) ;
#3970 = DIRECTION ( 'NONE',  ( 0.000000000000000000, 1.000000000000000000, 0.000000000000000000 ) ) ;
#3971 = DIRECTION ( 'NONE',  ( 0.000000000000000000, -1.000000000000000000, 0.000000000000000000 ) ) ;
#3972 = DIRECTION ( 'NONE',  ( 0.000000000000000000, 1.000000000000000000, 0.000000000000000000 ) ) ;
#3973 = ORIENTED_EDGE ( 'NONE', *, *, #2265, .T. ) ;
#3974 = ORIENTED_EDGE ( 'NONE', *, *, #1235, .T. ) ;
#3975 = CARTESIAN_POINT ( 'NONE',  ( 1.150000000000003908, 0.1000000000000000056, 1.149999999999996136 ) ) ;
#3976 = CARTESIAN_POINT ( 'NONE',  ( 0.9539983479848362924, 0.1291723363603943797, -1.062891624136449886 ) ) ;
#3977 = ORIENTED_EDGE ( 'NONE', *, *, #2996, .F. ) ;
#3978 = PLANE ( 'NONE',  #2578 ) ;
#3979 = EDGE_CURVE ( 'NONE', #520, #1709, #3969, .T. ) ;
#3980 = ADVANCED_FACE ( 'NONE', ( #1660 ), #1392, .T. ) ;
#3981 = EDGE_CURVE ( 'NONE', #1665, #1809, #1277, .T. ) ;
#3982 = CARTESIAN_POINT ( 'NONE',  ( 1.029999999999996252, 0.1300000000000000044, -1.030000000000003801 ) ) ;
#3983 = ORIENTED_EDGE ( 'NONE', *, *, #5001, .F. ) ;
#3984 = EDGE_CURVE ( 'NONE', #2471, #685, #3329, .T. ) ;
#3985 = SURFACE_STYLE_FILL_AREA ( #1187 ) ;
#3986 = PLANE ( 'NONE',  #4562 ) ;
#3987 = FACE_OUTER_BOUND ( 'NONE', #1152, .T. ) ;
#3988 = DIRECTION ( 'NONE',  ( -1.000000000000000000, 0.000000000000000000, 3.491481338843133355E-15 ) ) ;
#3989 = ADVANCED_FACE ( 'NONE', ( #1743, #1817 ), #618, .F. ) ;
#3990 = CLOSED_SHELL ( 'NONE', ( #4883, #922, #3252, #810, #3817, #723 ) ) ;
#3991 = EDGE_CURVE ( 'NONE', #3864, #278, #3346, .T. ) ;
#3992 = MANIFOLD_SOLID_BREP ( 'Cut-Extrude2', #4076 ) ;
#3993 = CYLINDRICAL_SURFACE ( 'NONE', #874, 0.3000000000000000444 ) ;
#3994 = ORIENTED_EDGE ( 'NONE', *, *, #44, .T. ) ;
#3995 = CARTESIAN_POINT ( 'NONE',  ( -1.150000000000003242, 0.2299999999999998990, -0.7999999999999960476 ) ) ;
#3996 = CARTESIAN_POINT ( 'NONE',  ( -1.149999999999995692, 0.1000000000000000056, 1.150000000000003464 ) ) ;
#3997 = VECTOR ( 'NONE', #3186, 1000.000000000000000 ) ;
#3998 = VECTOR ( 'NONE', #3651, 1000.000000000000000 ) ;
#3999 = ORIENTED_EDGE ( 'NONE', *, *, #3984, .F. ) ;
#4000 = COLOUR_RGB ( '',0.9686274509803921573, 0.8784313725490195957, 0.5999999999999999778 ) ;
#4001 = FACE_OUTER_BOUND ( 'NONE', #2113, .T. ) ;
#4002 = ADVANCED_FACE ( 'NONE', ( #2101 ), #3271, .F. ) ;
#4003 = FACE_OUTER_BOUND ( 'NONE', #561, .T. ) ;
#4004 = DIRECTION ( 'NONE',  ( 3.491481338843133355E-15, 0.000000000000000000, 1.000000000000000000 ) ) ;
#4005 = LINE ( 'NONE', #4706, #1961 ) ;
#4006 = EDGE_LOOP ( 'NONE', ( #1167, #3052, #1670, #4505 ) ) ;
#4007 = ORIENTED_EDGE ( 'NONE', *, *, #610, .F. ) ;
#4008 = DIRECTION ( 'NONE',  ( 1.000000000000000000, -0.000000000000000000, -2.871937240279988021E-15 ) ) ;
#4009 = DIRECTION ( 'NONE',  ( -3.702006032529638986E-15, 0.000000000000000000, -1.000000000000000000 ) ) ;
#4010 = EDGE_LOOP ( 'NONE', ( #367, #906, #4643, #91 ) ) ;
#4011 = CARTESIAN_POINT ( 'NONE',  ( 0.1619999999999963414, 1.000000000000000000, 0.6250000000000039968 ) ) ;
#4012 = DIRECTION ( 'NONE',  ( -1.000000000000000000, 0.000000000000000000, 3.614007241618348376E-15 ) ) ;
#4013 = ORIENTED_EDGE ( 'NONE', *, *, #3404, .T. ) ;
#4014 = DIRECTION ( 'NONE',  ( -1.000000000000000000, 0.000000000000000000, 3.181709289561560491E-15 ) ) ;
#4015 = DIRECTION ( 'NONE',  ( 1.000000000000000000, 0.000000000000000000, -3.491481338843133355E-15 ) ) ;
#4016 = CARTESIAN_POINT ( 'NONE',  ( 0.8000000000000041522, 0.2800000000000015810, 1.099999999999997424 ) ) ;
#4017 = ORIENTED_EDGE ( 'NONE', *, *, #2353, .F. ) ;
#4018 = PLANE ( 'NONE',  #4275 ) ;
#4019 = ORIENTED_EDGE ( 'NONE', *, *, #238, .F. ) ;
#4020 = CARTESIAN_POINT ( 'NONE',  ( 0.7999999999999958256, 0.1000000000000000056, -1.150000000000002798 ) ) ;
#4021 = PLANE ( 'NONE',  #2672 ) ;
#4022 = ORIENTED_EDGE ( 'NONE', *, *, #4835, .F. ) ;
#4023 = LINE ( 'NONE', #241, #3871 ) ;
#4024 = LINE ( 'NONE', #3650, #1687 ) ;
#4025 = CARTESIAN_POINT ( 'NONE',  ( 0.9999999999999974465, 0.2800000000000033573, -0.8000000000000024869 ) ) ;
#4026 = CARTESIAN_POINT ( 'NONE',  ( -1.050000000000003153, 0.1681966011250106141, -0.8832085319182407801 ) ) ;
#4027 = VERTEX_POINT ( 'NONE', #1383 ) ;
#4028 = ORIENTED_EDGE ( 'NONE', *, *, #4098, .T. ) ;
#4029 = EDGE_CURVE ( 'NONE', #385, #999, #713, .T. ) ;
#4030 = AXIS2_PLACEMENT_3D ( 'NONE', #813, #2375, #3911 ) ;
#4031 = CARTESIAN_POINT ( 'NONE',  ( 0.000000000000000000, 0.000000000000000000, 0.000000000000000000 ) ) ;
#4032 = CARTESIAN_POINT ( 'NONE',  ( 0.7999999999999938272, 0.1300066619336573970, -1.151413695764975431 ) ) ;
#4033 = VERTEX_POINT ( 'NONE', #2176 ) ;
#4034 = VECTOR ( 'NONE', #4196, 1000.000000000000000 ) ;
#4035 = ORIENTED_EDGE ( 'NONE', *, *, #4101, .F. ) ;
#4036 = DIRECTION ( 'NONE',  ( -0.000000000000000000, -1.000000000000000000, 0.000000000000000000 ) ) ;
#4037 = VECTOR ( 'NONE', #4659, 1000.000000000000000 ) ;
#4038 = FACE_OUTER_BOUND ( 'NONE', #1382, .T. ) ;
#4039 = ORIENTED_EDGE ( 'NONE', *, *, #1250, .F. ) ;
#4040 = EDGE_CURVE ( 'NONE', #1798, #4708, #2535, .T. ) ;
#4041 = CARTESIAN_POINT ( 'NONE',  ( 0.7999999999999991562, 0.000000000000000000, -0.1500000000000026867 ) ) ;
#4042 = CARTESIAN_POINT ( 'NONE',  ( -1.149999999999997025, 0.1000000000000000056, 0.8000000000000037081 ) ) ;
#4043 = AXIS2_PLACEMENT_3D ( 'NONE', #1455, #2208, #1795 ) ;
#4044 = VECTOR ( 'NONE', #3807, 1000.000000000000000 ) ;
#4045 = CARTESIAN_POINT ( 'NONE',  ( 1.149999999999999245, 0.000000000000000000, -0.1500000000000037415 ) ) ;
#4046 = ORIENTED_EDGE ( 'NONE', *, *, #73, .T. ) ;
#4047 = DIRECTION ( 'NONE',  ( -3.627006610403821410E-15, -0.000000000000000000, -1.000000000000000000 ) ) ;
#4048 = DIRECTION ( 'NONE',  ( 1.000000000000000000, 0.000000000000000000, -3.252606517456508174E-15 ) ) ;
#4049 = AXIS2_PLACEMENT_3D ( 'NONE', #355, #3388, #4523 ) ;
#4050 = ORIENTED_EDGE ( 'NONE', *, *, #412, .T. ) ;
#4051 = EDGE_CURVE ( 'NONE', #2796, #1009, #3367, .T. ) ;
#4052 = EDGE_CURVE ( 'NONE', #1337, #903, #4023, .T. ) ;
#4053 = DIRECTION ( 'NONE',  ( -1.000000000000000000, 0.000000000000000000, 3.252606517456510147E-15 ) ) ;
#4054 = EDGE_CURVE ( 'NONE', #4247, #3177, #2968, .T. ) ;
#4055 = CARTESIAN_POINT ( 'NONE',  ( 1.044948974278314902, 0.1299999999999999489, -1.050000000000003819 ) ) ;
#4056 = DIRECTION ( 'NONE',  ( 0.000000000000000000, -1.000000000000000000, 0.000000000000000000 ) ) ;
#4057 = ADVANCED_FACE ( 'NONE', ( #4882 ), #4476, .F. ) ;
#4058 = CARTESIAN_POINT ( 'NONE',  ( -1.000000000000003331, 5.111269837220810075, -0.7999999999999966027 ) ) ;
#4059 = VERTEX_POINT ( 'NONE', #1022 ) ;
#4060 = ADVANCED_FACE ( 'NONE', ( #1004 ), #162, .T. ) ;
#4061 = FACE_BOUND ( 'NONE', #3920, .T. ) ;
#4062 = FACE_OUTER_BOUND ( 'NONE', #4736, .T. ) ;
#4063 = VERTEX_POINT ( 'NONE', #2533 ) ;
#4064 = ORIENTED_EDGE ( 'NONE', *, *, #3530, .T. ) ;
#4065 = DIRECTION ( 'NONE',  ( 0.000000000000000000, 1.000000000000000000, 0.000000000000000000 ) ) ;
#4066 = CARTESIAN_POINT ( 'NONE',  ( 0.000000000000000000, 0.1000000000000000056, 0.000000000000000000 ) ) ;
#4067 = VERTEX_POINT ( 'NONE', #2937 ) ;
#4068 = DIRECTION ( 'NONE',  ( -0.000000000000000000, -1.000000000000000000, -0.000000000000000000 ) ) ;
#4069 = CARTESIAN_POINT ( 'NONE',  ( -0.8807611844574918525, 0.8999999999999996891, -0.9378679656440327417 ) ) ;
#4070 = PLANE ( 'NONE',  #2435 ) ;
#4071 = ORIENTED_EDGE ( 'NONE', *, *, #3880, .T. ) ;
#4072 = LINE ( 'NONE', #2965, #1805 ) ;
#4073 = DIRECTION ( 'NONE',  ( 0.000000000000000000, -1.000000000000000000, 0.000000000000000000 ) ) ;
#4074 = AXIS2_PLACEMENT_3D ( 'NONE', #362, #3471, #1919 ) ;
#4075 = ORIENTED_EDGE ( 'NONE', *, *, #2887, .F. ) ;
#4076 = CLOSED_SHELL ( 'NONE', ( #3989, #4887, #1071, #4838, #4623, #2478, #1360, #4699, #759, #1653, #448, #1603, #4002, #2584, #2706, #5008, #388, #2857, #72, #867, #134, #3466, #1769, #59, #3587, #3000, #436, #2325, #20, #344, #4632, #4321, #3885, #4631, #3980, #1721, #288, #491, #3950, #3564, #3627, #2086, #3949, #349, #1657, #883, #3773, #4881, #229, #3151, #3686, #2893, #4658, #3693, #1169, #4360, #1254, #2616, #4111, #3816, #4730, #3442, #2692, #135, #21, #3584, #3326, #4351, #4481 ) ) ;
#4077 = CARTESIAN_POINT ( 'NONE',  ( 1.149999999999995692, 0.1000000000000000056, -1.150000000000003908 ) ) ;
#4078 = VECTOR ( 'NONE', #4218, 1000.000000000000000 ) ;
#4079 = CARTESIAN_POINT ( 'NONE',  ( -0.8000000000000038192, 0.1291723363603947961, -1.062891624136442115 ) ) ;
#4080 = AXIS2_PLACEMENT_3D ( 'NONE', #1834, #1335, #3385 ) ;
#4081 = UNCERTAINTY_MEASURE_WITH_UNIT (LENGTH_MEASURE( 1.000000000000000082E-05 ), #1010, 'distance_accuracy_value', 'NONE');
#4082 = VECTOR ( 'NONE', #2296, 1000.000000000000000 ) ;
#4083 = CARTESIAN_POINT ( 'NONE',  ( 0.8000000000000041522, 0.7500000000000011102, 1.099999999999997424 ) ) ;
#4084 = CARTESIAN_POINT ( 'NONE',  ( -0.9964466094067295776, 0.9999999999999998890, -0.7999999999999966027 ) ) ;
#4085 = ORIENTED_EDGE ( 'NONE', *, *, #2554, .F. ) ;
#4086 = ORIENTED_EDGE ( 'NONE', *, *, #4615, .T. ) ;
#4087 = DIRECTION ( 'NONE',  ( -1.000000000000000000, 0.000000000000000000, 3.491481338843133355E-15 ) ) ;
#4088 = VERTEX_POINT ( 'NONE', #2863 ) ;
#4089 = CARTESIAN_POINT ( 'NONE',  ( -1.150000000000000133, 0.000000000000000000, -0.1499999999999956646 ) ) ;
#4090 = DIRECTION ( 'NONE',  ( -3.614007241618349165E-15, 2.096124200138642326E-14, -1.000000000000000000 ) ) ;
#4091 = DIRECTION ( 'NONE',  ( -1.000000000000000000, 0.000000000000000000, 3.801253388124706614E-15 ) ) ;
#4092 = EDGE_CURVE ( 'NONE', #1956, #3522, #3699, .T. ) ;
#4093 = ORIENTED_EDGE ( 'NONE', *, *, #515, .F. ) ;
#4094 = FACE_OUTER_BOUND ( 'NONE', #2080, .T. ) ;
#4095 = EDGE_LOOP ( 'NONE', ( #1155, #2521, #1731, #3439 ) ) ;
#4096 = CARTESIAN_POINT ( 'NONE',  ( 0.7999999999999958256, 0.000000000000000000, -1.150000000000002798 ) ) ;
#4097 = DIRECTION ( 'NONE',  ( -1.000000000000000000, 0.000000000000000000, 3.614007241618351532E-15 ) ) ;
#4098 = EDGE_CURVE ( 'NONE', #4711, #873, #591, .T. ) ;
#4099 = ORIENTED_EDGE ( 'NONE', *, *, #4503, .T. ) ;
#4100 = FACE_OUTER_BOUND ( 'NONE', #2149, .T. ) ;
#4101 = EDGE_CURVE ( 'NONE', #4027, #2252, #2837, .T. ) ;
#4102 = AXIS2_PLACEMENT_3D ( 'NONE', #304, #1855, #4946 ) ;
#4103 = CARTESIAN_POINT ( 'NONE',  ( -1.150000000000003908, 0.2299999999999998712, -1.005025253169412602 ) ) ;
#4104 = CARTESIAN_POINT ( 'NONE',  ( 0.7999999999999991562, 0.1000000000000000056, -0.1500000000000027423 ) ) ;
#4105 = ORIENTED_EDGE ( 'NONE', *, *, #1121, .F. ) ;
#4106 = ORIENTED_EDGE ( 'NONE', *, *, #3101, .F. ) ;
#4107 = COLOUR_RGB ( '',0.9686274509803921573, 0.8784313725490195957, 0.5999999999999999778 ) ;
#4108 = CARTESIAN_POINT ( 'NONE',  ( 0.8000000000000002665, 0.000000000000000000, 0.1499999999999972744 ) ) ;
#4109 = VERTEX_POINT ( 'NONE', #210 ) ;
#4110 = PRODUCT_DEFINITION ( 'UNKNOWN', '', #1765, #1747 ) ;
#4111 = ADVANCED_FACE ( 'NONE', ( #926 ), #4021, .F. ) ;
#4112 = EDGE_CURVE ( 'NONE', #4740, #3104, #1201, .T. ) ;
#4113 = CARTESIAN_POINT ( 'NONE',  ( 2.967759138016664141E-15, 0.7500000000000000000, 0.8500000000000003109 ) ) ;
#4114 = AXIS2_PLACEMENT_3D ( 'NONE', #1645, #939, #2060 ) ;
#4115 = B_SPLINE_CURVE_WITH_KNOTS ( 'NONE', 3,
 ( #4742, #3659, #2523, #3687 ),
 .UNSPECIFIED., .F., .F.,
 ( 4, 4 ),
 ( 0.000000000000000000, 1.000000000000000000 ),
 .UNSPECIFIED. ) ;
#4116 = ORIENTED_EDGE ( 'NONE', *, *, #2484, .F. ) ;
#4117 = EDGE_CURVE ( 'NONE', #2879, #2432, #4780, .T. ) ;
#4118 = VECTOR ( 'NONE', #4908, 1000.000000000000000 ) ;
#4119 = ORIENTED_EDGE ( 'NONE', *, *, #4198, .T. ) ;
#4120 = DIRECTION ( 'NONE',  ( -1.000000000000000000, -0.000000000000000000, 3.491481338843133355E-15 ) ) ;
#4121 = PLANE ( 'NONE',  #635 ) ;
#4122 = ORIENTED_EDGE ( 'NONE', *, *, #2532, .T. ) ;
#4123 = VECTOR ( 'NONE', #469, 1000.000000000000000 ) ;
#4124 = CARTESIAN_POINT ( 'NONE',  ( 1.150000000000001465, 0.000000000000000000, 0.4999999999999962252 ) ) ;
#4125 = LINE ( 'NONE', #2152, #4519 ) ;
#4126 = EDGE_CURVE ( 'NONE', #1311, #932, #3556, .T. ) ;
#4127 = VECTOR ( 'NONE', #3344, 1000.000000000000000 ) ;
#4128 = CARTESIAN_POINT ( 'NONE',  ( 0.000000000000000000, 0.1000000000000000056, 0.000000000000000000 ) ) ;
#4129 = DIRECTION ( 'NONE',  ( -1.000000000000000000, 0.000000000000000000, 3.181709289561560491E-15 ) ) ;
#4130 = ORIENTED_EDGE ( 'NONE', *, *, #3467, .F. ) ;
#4131 = ORIENTED_EDGE ( 'NONE', *, *, #4112, .T. ) ;
#4132 = SHAPE_DEFINITION_REPRESENTATION ( #2997, #3208 ) ;
#4133 = FACE_OUTER_BOUND ( 'NONE', #4306, .T. ) ;
#4134 = SURFACE_STYLE_USAGE ( .BOTH. , #1755 ) ;
#4135 = CARTESIAN_POINT ( 'NONE',  ( 0.7999999999999969358, 0.1000000000000000056, -0.8000000000000027089 ) ) ;
#4136 = CARTESIAN_POINT ( 'NONE',  ( 0.9150757595082449347, 0.9999999999999997780, -0.9964466094067317981 ) ) ;
#4137 = EDGE_CURVE ( 'NONE', #294, #2128, #1001, .T. ) ;
#4138 = EDGE_CURVE ( 'NONE', #685, #3600, #2172, .T. ) ;
#4139 = ORIENTED_EDGE ( 'NONE', *, *, #4138, .F. ) ;
#4140 = ORIENTED_EDGE ( 'NONE', *, *, #4482, .T. ) ;
#4141 = CARTESIAN_POINT ( 'NONE',  ( 0.4999999999999907851, 0.000000000000000000, -0.9750000000000018652 ) ) ;
#4142 = DIRECTION ( 'NONE',  ( 3.369016658928398207E-15, 0.000000000000000000, 1.000000000000000000 ) ) ;
#4143 = PLANE ( 'NONE',  #3348 ) ;
#4144 = CARTESIAN_POINT ( 'NONE',  ( -1.150000000000001465, 0.000000000000000000, -0.4999999999999953371 ) ) ;
#4145 = ORIENTED_EDGE ( 'NONE', *, *, #1094, .T. ) ;
#4146 = EDGE_CURVE ( 'NONE', #4388, #1996, #4280, .T. ) ;
#4147 = ADVANCED_FACE ( 'NONE', ( #4753 ), #1331, .F. ) ;
#4148 = PLANE ( 'NONE',  #698 ) ;
#4149 = DIRECTION ( 'NONE',  ( 3.614007241618349165E-15, 0.000000000000000000, 1.000000000000000000 ) ) ;
#4150 = VECTOR ( 'NONE', #4910, 1000.000000000000000 ) ;
#4151 = AXIS2_PLACEMENT_3D ( 'NONE', #4556, #2971, #1077 ) ;
#4152 = B_SPLINE_CURVE_WITH_KNOTS ( 'NONE', 3,
 ( #1426, #2297, #1892, #1496 ),
 .UNSPECIFIED., .F., .F.,
 ( 4, 4 ),
 ( 0.000000000000000000, 0.0002475096858182250503 ),
 .UNSPECIFIED. ) ;
#4153 =( BOUNDED_SURFACE ( )  B_SPLINE_SURFACE ( 3, 3, ( 
 ( #2399, #3932, #1270, #128 ),
 ( #2809, #1654, #84, #1626 ),
 ( #3210, #2014, #3908, #2860 ),
 ( #3512, #4750, #3588, #4339 ) ),
 .UNSPECIFIED., .F., .F., .F. ) 
 B_SPLINE_SURFACE_WITH_KNOTS ( ( 4, 4 ),
 ( 4, 4 ),
 ( 0.000000000000000000, 1.000000000000000000 ),
 ( 0.000000000000000000, 1.000000000000000000 ),
 .UNSPECIFIED. ) 
 GEOMETRIC_REPRESENTATION_ITEM ( )  RATIONAL_B_SPLINE_SURFACE ( (
 ( 1.000000000000000000, 0.8047378541243648264, 0.8047378541243648264, 1.000000000000000000),
 ( 0.8047378541243568328, 0.6476030138606810871, 0.6476030138606810871, 0.8047378541243568328),
 ( 0.8047378541243568328, 0.6476030138606810871, 0.6476030138606810871, 0.8047378541243568328),
 ( 1.000000000000000000, 0.8047378541243648264, 0.8047378541243648264, 1.000000000000000000) ) ) 
 REPRESENTATION_ITEM ( '' )  SURFACE ( )  );
#4154 = AXIS2_PLACEMENT_3D ( 'NONE', #3506, #1569, #4670 ) ;
#4155 = AXIS2_PLACEMENT_3D ( 'NONE', #340, #1900, #3061 ) ;
#4156 = CARTESIAN_POINT ( 'NONE',  ( -1.100000000000002531, 0.2507106781186556610, -0.7999999999999959366 ) ) ;
#4157 = CARTESIAN_POINT ( 'NONE',  ( 4.015203539669600203E-15, 0.000000000000000000, 1.149999999999999023 ) ) ;
#4158 = CARTESIAN_POINT ( 'NONE',  ( -1.150000000000003242, 0.2799999999999998601, -0.7999999999999960476 ) ) ;
#4159 = VERTEX_POINT ( 'NONE', #3647 ) ;
#4160 = ORIENTED_EDGE ( 'NONE', *, *, #1231, .T. ) ;
#4161 = VECTOR ( 'NONE', #780, 1000.000000000000000 ) ;
#4162 = B_SPLINE_CURVE_WITH_KNOTS ( 'NONE', 3,
 ( #2206, #4501, #2920, #213 ),
 .UNSPECIFIED., .F., .F.,
 ( 4, 4 ),
 ( 0.000000000000000000, 0.0002475096858182249961 ),
 .UNSPECIFIED. ) ;
#4163 = CARTESIAN_POINT ( 'NONE',  ( -0.8000000000000035971, 0.7499999999999988898, -0.9999999999999972244 ) ) ;
#4164 = VECTOR ( 'NONE', #3558, 1000.000000000000000 ) ;
#4165 = SURFACE_STYLE_USAGE ( .BOTH. , #4968 ) ;
#4166 = CARTESIAN_POINT ( 'NONE',  ( 0.7999999999999974909, 0.2800000000000033573, -0.8000000000000029310 ) ) ;
#4167 = CARTESIAN_POINT ( 'NONE',  ( 0.8292893218813420786, 0.9999999999999998890, -0.8500000000000036415 ) ) ;
#4168 = ORIENTED_EDGE ( 'NONE', *, *, #4801, .T. ) ;
#4169 = ORIENTED_EDGE ( 'NONE', *, *, #1613, .F. ) ;
#4170 = CARTESIAN_POINT ( 'NONE',  ( -0.8000000000000024869, 0.1000000000000000056, -0.7999999999999967137 ) ) ;
#4171 = DIRECTION ( 'NONE',  ( -3.627006610403821410E-15, 0.000000000000000000, -1.000000000000000000 ) ) ;
#4172 = CARTESIAN_POINT ( 'NONE',  ( 0.9618135006240147167, 0.1300000000000000044, 1.049999999999996492 ) ) ;
#4173 = ORIENTED_EDGE ( 'NONE', *, *, #231, .T. ) ;
#4174 = LINE ( 'NONE', #3488, #4362 ) ;
#4175 = DIRECTION ( 'NONE',  ( 1.000000000000000000, -0.000000000000000000, -4.111025437406278295E-15 ) ) ;
#4176 = FACE_OUTER_BOUND ( 'NONE', #626, .T. ) ;
#4177 = DIRECTION ( 'NONE',  ( 3.627006610403821410E-15, 0.000000000000000000, 1.000000000000000000 ) ) ;
#4178 = EDGE_LOOP ( 'NONE', ( #2057, #4250, #3040, #1427 ) ) ;
#4179 = ORIENTED_EDGE ( 'NONE', *, *, #1611, .T. ) ;
#4180 = CARTESIAN_POINT ( 'NONE',  ( 1.120710678118651327, 0.2299999999999999822, -0.8000000000000041522 ) ) ;
#4181 = FACE_OUTER_BOUND ( 'NONE', #450, .T. ) ;
#4182 = CARTESIAN_POINT ( 'NONE',  ( -1.149999999999999689, 0.000000000000000000, 4.015203539669602570E-15 ) ) ;
#4183 = CYLINDRICAL_SURFACE ( 'NONE', #1259, 0.1499999999999999667 ) ;
#4184 =( GEOMETRIC_REPRESENTATION_CONTEXT ( 3 ) GLOBAL_UNCERTAINTY_ASSIGNED_CONTEXT ( ( #2324 ) ) GLOBAL_UNIT_ASSIGNED_CONTEXT ( ( #3441, #789, #2684 ) ) REPRESENTATION_CONTEXT ( 'NONE', 'WORKASPACE' ) );
#4185 = ADVANCED_FACE ( 'NONE', ( #4449 ), #542, .F. ) ;
#4186 = VERTEX_POINT ( 'NONE', #3267 ) ;
#4187 = VERTEX_POINT ( 'NONE', #975 ) ;
#4188 = CARTESIAN_POINT ( 'NONE',  ( -0.8848277847576633270, 0.2300000000000000100, 1.142617378506991299 ) ) ;
#4189 = CARTESIAN_POINT ( 'NONE',  ( 1.249999999999995115, 0.1300000000000000044, -1.250000000000000888 ) ) ;
#4190 = CARTESIAN_POINT ( 'NONE',  ( 1.000000000000002887, 0.7499999999999988898, 0.7999999999999969358 ) ) ;
#4191 = CARTESIAN_POINT ( 'NONE',  ( 0.7999999999999974909, 0.7500000000000032196, -0.8000000000000029310 ) ) ;
#4192 = VECTOR ( 'NONE', #4281, 1000.000000000000000 ) ;
#4193 = ORIENTED_EDGE ( 'NONE', *, *, #2100, .T. ) ;
#4194 = CIRCLE ( 'NONE', #2010, 0.2000000000000002054 ) ;
#4195 = DIRECTION ( 'NONE',  ( 3.491481338843133355E-15, -0.000000000000000000, 1.000000000000000000 ) ) ;
#4196 = DIRECTION ( 'NONE',  ( -3.491481338843133355E-15, 0.000000000000000000, -1.000000000000000000 ) ) ;
#4197 = CIRCLE ( 'NONE', #2591, 0.1999999999999999833 ) ;
#4198 = EDGE_CURVE ( 'NONE', #4348, #1459, #1274, .T. ) ;
#4199 = EDGE_CURVE ( 'NONE', #35, #3857, #3243, .T. ) ;
#4200 = ADVANCED_FACE ( 'NONE', ( #1711 ), #2890, .T. ) ;
#4201 = EDGE_CURVE ( 'NONE', #2755, #4904, #568, .T. ) ;
#4202 = CARTESIAN_POINT ( 'NONE',  ( 1.030000000000003357, 0.2300000000000000100, 1.149999999999996136 ) ) ;
#4203 = AXIS2_PLACEMENT_3D ( 'NONE', #519, #895, #1304 ) ;
#4204 = CARTESIAN_POINT ( 'NONE',  ( 0.8000000000000037081, 0.1000000000000000056, 1.149999999999997247 ) ) ;
#4205 = DIRECTION ( 'NONE',  ( 1.000000000000000000, 0.000000000000000000, -3.252606517456517246E-15 ) ) ;
#4206 = ORIENTED_EDGE ( 'NONE', *, *, #357, .T. ) ;
#4207 = ORIENTED_EDGE ( 'NONE', *, *, #1976, .T. ) ;
#4208 = VECTOR ( 'NONE', #3160, 1000.000000000000000 ) ;
#4209 = EDGE_CURVE ( 'NONE', #2978, #4059, #1115, .T. ) ;
#4210 = EDGE_CURVE ( 'NONE', #1489, #1533, #4152, .T. ) ;
#4211 = CARTESIAN_POINT ( 'NONE',  ( 1.000000000000003109, 0.2800000000000050782, 0.7999999999999968248 ) ) ;
#4212 = CARTESIAN_POINT ( 'NONE',  ( 0.000000000000000000, 0.1000000000000000056, 0.000000000000000000 ) ) ;
#4213 = DIRECTION ( 'NONE',  ( 1.000000000000000000, 0.000000000000000000, -3.491481338843133355E-15 ) ) ;
#4214 = CARTESIAN_POINT ( 'NONE',  ( -1.100000000000003419, 5.111269837220810075, -0.7999999999999962697 ) ) ;
#4215 = ORIENTED_EDGE ( 'NONE', *, *, #4290, .T. ) ;
#4216 = ORIENTED_EDGE ( 'NONE', *, *, #3740, .T. ) ;
#4217 =( NAMED_UNIT ( * ) SI_UNIT ( $, .STERADIAN. ) SOLID_ANGLE_UNIT ( ) );
#4218 = DIRECTION ( 'NONE',  ( -0.000000000000000000, -1.000000000000000000, -0.000000000000000000 ) ) ;
#4219 = LINE ( 'NONE', #1891, #27 ) ;
#4220 = CARTESIAN_POINT ( 'NONE',  ( 0.8000000000000038192, 0.1681966011250107251, 1.049999999999996936 ) ) ;
#4221 = ORIENTED_EDGE ( 'NONE', *, *, #1338, .T. ) ;
#4222 = DIRECTION ( 'NONE',  ( -2.871937240279988021E-15, 0.000000000000000000, -1.000000000000000000 ) ) ;
#4223 = CARTESIAN_POINT ( 'NONE',  ( 1.099999999999997424, 0.7499999999999928946, -0.8000000000000018208 ) ) ;
#4224 = CARTESIAN_POINT ( 'NONE',  ( -0.7999999999999979350, 0.000000000000000000, 0.5000000000000024425 ) ) ;
#4225 = DIRECTION ( 'NONE',  ( -3.702006032529638986E-15, 0.000000000000000000, -1.000000000000000000 ) ) ;
#4226 = CARTESIAN_POINT ( 'NONE',  ( -0.7999999999999992673, 0.1000000000000000056, 0.1500000000000027700 ) ) ;
#4227 = ORIENTED_EDGE ( 'NONE', *, *, #2318, .T. ) ;
#4228 = ORIENTED_EDGE ( 'NONE', *, *, #2633, .T. ) ;
#4229 = VECTOR ( 'NONE', #4655, 1000.000000000000000 ) ;
#4230 = CARTESIAN_POINT ( 'NONE',  ( 1.249999999999993783, 0.1300000000000000044, -1.250000000000000888 ) ) ;
#4231 = CIRCLE ( 'NONE', #4304, 0.04999999999999991257 ) ;
#4232 = DIRECTION ( 'NONE',  ( -0.000000000000000000, -1.000000000000000000, -0.000000000000000000 ) ) ;
#4233 = CARTESIAN_POINT ( 'NONE',  ( -1.000000000000003331, 0.2800000000000033573, -0.7999999999999966027 ) ) ;
#4234 = DIRECTION ( 'NONE',  ( 0.000000000000000000, 1.000000000000000000, 0.000000000000000000 ) ) ;
#4235 = CIRCLE ( 'NONE', #748, 0.1499999999999999667 ) ;
#4236 = PLANE ( 'NONE',  #1271 ) ;
#4237 = ORIENTED_EDGE ( 'NONE', *, *, #83, .F. ) ;
#4238 = CARTESIAN_POINT ( 'NONE',  ( -0.8000000000000030420, 0.2800000000000015810, -0.7999999999999972689 ) ) ;
#4239 = PLANE ( 'NONE',  #3745 ) ;
#4240 = DIRECTION ( 'NONE',  ( 2.871937240279988021E-15, 0.000000000000000000, 1.000000000000000000 ) ) ;
#4241 = CARTESIAN_POINT ( 'NONE',  ( -0.7999999999999950484, 0.2507106781186557165, 1.100000000000002309 ) ) ;
#4242 = VERTEX_POINT ( 'NONE', #4144 ) ;
#4243 = CARTESIAN_POINT ( 'NONE',  ( 1.149999999999998135, 0.1000000000000000056, -0.5000000000000037748 ) ) ;
#4244 = CARTESIAN_POINT ( 'NONE',  ( 1.013921877979043540, 0.2299999999999999822, -1.080737363814856078 ) ) ;
#4245 = PLANE ( 'NONE',  #3901 ) ;
#4246 = CARTESIAN_POINT ( 'NONE',  ( -0.8000000000000039302, 0.7499999999999972244, -1.099999999999997424 ) ) ;
#4247 = VERTEX_POINT ( 'NONE', #3438 ) ;
#4248 = EDGE_LOOP ( 'NONE', ( #3399, #940, #418, #4266 ) ) ;
#4249 = DIRECTION ( 'NONE',  ( 0.000000000000000000, -1.000000000000000000, 0.000000000000000000 ) ) ;
#4250 = ORIENTED_EDGE ( 'NONE', *, *, #1662, .F. ) ;
#4251 = CARTESIAN_POINT ( 'NONE',  ( -1.151413695764968770, 0.1300066619336573692, 1.005853376975472058 ) ) ;
#4252 = CARTESIAN_POINT ( 'NONE',  ( -1.149999999999998135, 0.1000000000000000056, 0.5000000000000037748 ) ) ;
#4253 = CARTESIAN_POINT ( 'NONE',  ( -0.7999999999999992673, 0.1000000000000000056, 0.1500000000000027423 ) ) ;
#4254 = EDGE_CURVE ( 'NONE', #988, #1498, #3761, .T. ) ;
#4255 = EDGE_CURVE ( 'NONE', #4982, #174, #3834, .T. ) ;
#4256 = CARTESIAN_POINT ( 'NONE',  ( 1.149999999999999689, 0.000000000000000000, -4.015203539669602570E-15 ) ) ;
#4257 = ORIENTED_EDGE ( 'NONE', *, *, #978, .T. ) ;
#4258 = VECTOR ( 'NONE', #3124, 1000.000000000000000 ) ;
#4259 = ADVANCED_FACE ( 'NONE', ( #3051 ), #711, .F. ) ;
#4260 = DIRECTION ( 'NONE',  ( -3.614007241618349165E-15, 0.000000000000000000, -1.000000000000000000 ) ) ;
#4261 = CARTESIAN_POINT ( 'NONE',  ( 0.000000000000000000, 0.1000000000000000056, 0.000000000000000000 ) ) ;
#4262 = DIRECTION ( 'NONE',  ( -3.469446951953615767E-15, 0.000000000000000000, -1.000000000000000000 ) ) ;
#4263 = ORIENTED_EDGE ( 'NONE', *, *, #3744, .T. ) ;
#4264 = EDGE_CURVE ( 'NONE', #3852, #2859, #2201, .T. ) ;
#4265 = CARTESIAN_POINT ( 'NONE',  ( 1.150000000000002798, 0.2299999999999999545, 0.7999999999999961586 ) ) ;
#4266 = ORIENTED_EDGE ( 'NONE', *, *, #3056, .F. ) ;
#4267 = CARTESIAN_POINT ( 'NONE',  ( -1.100000000000003197, 5.111269837220810075, -0.7999999999999962697 ) ) ;
#4268 = AXIS2_PLACEMENT_3D ( 'NONE', #847, #2078, #2465 ) ;
#4269 = LINE ( 'NONE', #4202, #4997 ) ;
#4270 = FACE_OUTER_BOUND ( 'NONE', #3489, .T. ) ;
#4271 = CARTESIAN_POINT ( 'NONE',  ( 0.4999999999999907851, 0.000000000000000000, -0.9750000000000018652 ) ) ;
#4272 = VERTEX_POINT ( 'NONE', #312 ) ;
#4273 = AXIS2_PLACEMENT_3D ( 'NONE', #2019, #3596, #2380 ) ;
#4274 = VERTEX_POINT ( 'NONE', #282 ) ;
#4275 = AXIS2_PLACEMENT_3D ( 'NONE', #4675, #54, #1195 ) ;
#4276 = LINE ( 'NONE', #41, #142 ) ;
#4277 = CARTESIAN_POINT ( 'NONE',  ( 1.108234432236720801, 0.2299999999999999822, 0.9728385119356335320 ) ) ;
#4278 = CARTESIAN_POINT ( 'NONE',  ( 0.000000000000000000, 0.1000000000000000056, 0.000000000000000000 ) ) ;
#4279 = LINE ( 'NONE', #452, #4664 ) ;
#4280 = CIRCLE ( 'NONE', #3400, 0.1499999999999999667 ) ;
#4281 = DIRECTION ( 'NONE',  ( 0.000000000000000000, 1.000000000000000000, 0.000000000000000000 ) ) ;
#4282 = ORIENTED_EDGE ( 'NONE', *, *, #2477, .F. ) ;
#4283 = DIRECTION ( 'NONE',  ( 0.000000000000000000, 1.000000000000000000, 0.000000000000000000 ) ) ;
#4284 = CARTESIAN_POINT ( 'NONE',  ( -0.9999999999999973355, 0.8378679656440355394, 0.8000000000000040412 ) ) ;
#4285 = FACE_OUTER_BOUND ( 'NONE', #849, .T. ) ;
#4286 = EDGE_LOOP ( 'NONE', ( #3592, #4584, #1931, #4717 ) ) ;
#4287 = CARTESIAN_POINT ( 'NONE',  ( -0.7999999999999974909, 5.111269837220810075, 0.8000000000000031530 ) ) ;
#4288 = ORIENTED_EDGE ( 'NONE', *, *, #977, .T. ) ;
#4289 = DIRECTION ( 'NONE',  ( -1.000000000000000000, 0.000000000000000000, 3.491481338843133355E-15 ) ) ;
#4290 = EDGE_CURVE ( 'NONE', #3522, #3109, #1858, .T. ) ;
#4291 = CARTESIAN_POINT ( 'NONE',  ( -0.8500000000000035305, 0.8999999999999999112, -0.8292893218813425227 ) ) ;
#4292 = PLANE ( 'NONE',  #866 ) ;
#4293 = CARTESIAN_POINT ( 'NONE',  ( -1.150000000000003908, 0.000000000000000000, -1.149999999999994804 ) ) ;
#4294 = CARTESIAN_POINT ( 'NONE',  ( 0.9171572875253847235, 0.7500000000000031086, 0.9999999999999970024 ) ) ;
#4295 = ORIENTED_EDGE ( 'NONE', *, *, #1410, .T. ) ;
#4296 = VERTEX_POINT ( 'NONE', #4927 ) ;
#4297 = ADVANCED_FACE ( 'NONE', ( #663 ), #1451, .T. ) ;
#4298 = FACE_OUTER_BOUND ( 'NONE', #2642, .T. ) ;
#4299 = ORIENTED_EDGE ( 'NONE', *, *, #4052, .F. ) ;
#4300 = ORIENTED_EDGE ( 'NONE', *, *, #1725, .F. ) ;
#4301 = CARTESIAN_POINT ( 'NONE',  ( 5.237222008264702005E-16, 0.000000000000000000, 0.1500000000000000777 ) ) ;
#4302 = VECTOR ( 'NONE', #931, 1000.000000000000000 ) ;
#4303 = CLOSED_SHELL ( 'NONE', ( #1389, #4200, #4524, #387 ) ) ;
#4304 = AXIS2_PLACEMENT_3D ( 'NONE', #235, #4142, #257 ) ;
#4305 = LINE ( 'NONE', #1, #3391 ) ;
#4306 = EDGE_LOOP ( 'NONE', ( #517, #650, #4474, #4954 ) ) ;
#4307 = CIRCLE ( 'NONE', #671, 0.2000000000000002054 ) ;
#4308 = FILL_AREA_STYLE ('',( #2062 ) ) ;
#4309 = DIRECTION ( 'NONE',  ( -1.000000000000000000, 0.000000000000000000, 3.491481338843133355E-15 ) ) ;
#4310 = LINE ( 'NONE', #155, #2959 ) ;
#4311 = PLANE ( 'NONE',  #1606 ) ;
#4312 = ORIENTED_EDGE ( 'NONE', *, *, #3623, .T. ) ;
#4313 = VECTOR ( 'NONE', #2448, 1000.000000000000000 ) ;
#4314 = DIRECTION ( 'NONE',  ( -0.000000000000000000, -1.000000000000000000, -0.000000000000000000 ) ) ;
#4315 = ORIENTED_EDGE ( 'NONE', *, *, #4984, .F. ) ;
#4316 = AXIS2_PLACEMENT_3D ( 'NONE', #4638, #727, #25 ) ;
#4317 = CARTESIAN_POINT ( 'NONE',  ( -0.8500000000000004219, 0.7500000000000000000, 3.082955618843249381E-15 ) ) ;
#4318 = CARTESIAN_POINT ( 'NONE',  ( -0.7999999999999967137, 0.9999999999999998890, 0.9964466094067295776 ) ) ;
#4319 = DIRECTION ( 'NONE',  ( -3.627006610403821410E-15, 0.000000000000000000, -1.000000000000000000 ) ) ;
#4320 = DIRECTION ( 'NONE',  ( -1.000000000000000000, 0.000000000000000000, 3.491481338843133355E-15 ) ) ;
#4321 = ADVANCED_FACE ( 'NONE', ( #3738 ), #258, .T. ) ;
#4322 = CARTESIAN_POINT ( 'NONE',  ( 0.8807611844574908533, 0.8999999999999999112, 0.9378679656440311874 ) ) ;
#4323 = ORIENTED_EDGE ( 'NONE', *, *, #4576, .F. ) ;
#4324 = ORIENTED_EDGE ( 'NONE', *, *, #4029, .T. ) ;
#4325 = PLANE ( 'NONE',  #1516 ) ;
#4326 = CARTESIAN_POINT ( 'NONE',  ( -0.9150757595082540385, 0.9999999999999997780, -0.9964466094067235824 ) ) ;
#4327 = ORIENTED_EDGE ( 'NONE', *, *, #4859, .F. ) ;
#4328 = DIRECTION ( 'NONE',  ( 1.000000000000000000, 0.000000000000000000, -3.614007241618349954E-15 ) ) ;
#4329 = EDGE_CURVE ( 'NONE', #2483, #1489, #1067, .T. ) ;
#4330 = DIRECTION ( 'NONE',  ( -1.000000000000000000, 0.000000000000000000, 3.252606517456513696E-15 ) ) ;
#4331 = ORIENTED_EDGE ( 'NONE', *, *, #724, .T. ) ;
#4332 =( NAMED_UNIT ( * ) SI_UNIT ( $, .STERADIAN. ) SOLID_ANGLE_UNIT ( ) );
#4333 = LINE ( 'NONE', #3925, #1556 ) ;
#4334 = LINE ( 'NONE', #3180, #1327 ) ;
#4335 = DIRECTION ( 'NONE',  ( 0.7071067811865602293, 0.000000000000000000, -0.7071067811865348052 ) ) ;
#4336 = VERTEX_POINT ( 'NONE', #3365 ) ;
#4337 =( BOUNDED_SURFACE ( )  B_SPLINE_SURFACE ( 3, 3, ( 
 ( #2932, #4466, #2503, #4802 ),
 ( #1326, #971, #995, #2037 ),
 ( #4492, #274, #3733, #325 ),
 ( #2577, #2961, #3339, #3754 ) ),
 .UNSPECIFIED., .F., .F., .F. ) 
 B_SPLINE_SURFACE_WITH_KNOTS ( ( 4, 4 ),
 ( 4, 4 ),
 ( 0.000000000000000000, 1.000000000000000000 ),
 ( 0.000000000000000000, 1.000000000000000000 ),
 .UNSPECIFIED. ) 
 GEOMETRIC_REPRESENTATION_ITEM ( )  RATIONAL_B_SPLINE_SURFACE ( (
 ( 1.000000000000000000, 0.8047378541243598304, 0.8047378541243598304, 1.000000000000000000),
 ( 0.8047378541243648264, 0.6476030138606834186, 0.6476030138606834186, 0.8047378541243648264),
 ( 0.8047378541243648264, 0.6476030138606834186, 0.6476030138606834186, 0.8047378541243648264),
 ( 1.000000000000000000, 0.8047378541243598304, 0.8047378541243598304, 1.000000000000000000) ) ) 
 REPRESENTATION_ITEM ( '' )  SURFACE ( )  );
#4338 = AXIS2_PLACEMENT_3D ( 'NONE', #3499, #2770, #3529 ) ;
#4339 = CARTESIAN_POINT ( 'NONE',  ( 1.100000000000003197, 0.2800000000000015810, 0.7999999999999966027 ) ) ;
#4340 = VERTEX_POINT ( 'NONE', #2632 ) ;
#4341 = LINE ( 'NONE', #4020, #4477 ) ;
#4342 = AXIS2_PLACEMENT_3D ( 'NONE', #96, #1318, #3257 ) ;
#4343 = VECTOR ( 'NONE', #2004, 1000.000000000000000 ) ;
#4344 = DIRECTION ( 'NONE',  ( 3.702006032529638986E-15, 0.000000000000000000, 1.000000000000000000 ) ) ;
#4345 = CYLINDRICAL_SURFACE ( 'NONE', #2179, 0.1199999999999999956 ) ;
#4346 = DIRECTION ( 'NONE',  ( 1.000000000000000000, 0.000000000000000000, -3.491481338843133355E-15 ) ) ;
#4347 = CARTESIAN_POINT ( 'NONE',  ( 1.000000000000000888, 0.8378679656440375378, 0.7999999999999968248 ) ) ;
#4348 = VERTEX_POINT ( 'NONE', #4903 ) ;
#4349 = EDGE_CURVE ( 'NONE', #1069, #2483, #1873, .T. ) ;
#4350 = ORIENTED_EDGE ( 'NONE', *, *, #4579, .T. ) ;
#4351 = ADVANCED_FACE ( 'NONE', ( #2250 ), #4121, .T. ) ;
#4352 = EDGE_CURVE ( 'NONE', #2913, #1665, #4573, .T. ) ;
#4353 = EDGE_CURVE ( 'NONE', #1996, #158, #3723, .T. ) ;
#4354 = CARTESIAN_POINT ( 'NONE',  ( 0.8000000000000003775, 0.1000000000000000056, 0.1499999999999972744 ) ) ;
#4355 = VECTOR ( 'NONE', #4961, 1000.000000000000000 ) ;
#4356 = ORIENTED_EDGE ( 'NONE', *, *, #4576, .T. ) ;
#4357 = ORIENTED_EDGE ( 'NONE', *, *, #2635, .T. ) ;
#4358 = CARTESIAN_POINT ( 'NONE',  ( -1.029999999999996252, 0.1300000000000000044, 1.030000000000003357 ) ) ;
#4359 = EDGE_CURVE ( 'NONE', #1136, #2625, #330, .T. ) ;
#4360 = ADVANCED_FACE ( 'NONE', ( #4877 ), #1915, .F. ) ;
#4361 = EDGE_CURVE ( 'NONE', #2432, #873, #434, .T. ) ;
#4362 = VECTOR ( 'NONE', #3881, 1000.000000000000000 ) ;
#4363 = CARTESIAN_POINT ( 'NONE',  ( 1.030000000000003357, 0.2300000000000000100, 1.149999999999996136 ) ) ;
#4364 = ORIENTED_EDGE ( 'NONE', *, *, #3623, .F. ) ;
#4365 = MECHANICAL_DESIGN_GEOMETRIC_PRESENTATION_REPRESENTATION (  '', ( #4691 ), #4605 ) ;
#4366 = DIRECTION ( 'NONE',  ( -3.614007241618349165E-15, 0.000000000000000000, -1.000000000000000000 ) ) ;
#4367 = DIRECTION ( 'NONE',  ( 3.614007241618349165E-15, 0.000000000000000000, 1.000000000000000000 ) ) ;
#4368 = LINE ( 'NONE', #79, #4641 ) ;
#4369 = DIRECTION ( 'NONE',  ( -2.871937240279988021E-15, 0.000000000000000000, -1.000000000000000000 ) ) ;
#4370 = ORIENTED_EDGE ( 'NONE', *, *, #3465, .F. ) ;
#4371 = AXIS2_PLACEMENT_3D ( 'NONE', #2529, #2090, #3988 ) ;
#4372 = CARTESIAN_POINT ( 'NONE',  ( 0.8499999999999974243, 0.9000000000000000222, -0.8000000000000029310 ) ) ;
#4373 = ORIENTED_EDGE ( 'NONE', *, *, #2030, .T. ) ;
#4374 = CARTESIAN_POINT ( 'NONE',  ( -0.8000000000000037081, 0.1000000000000000056, -1.149999999999996358 ) ) ;
#4375 = CARTESIAN_POINT ( 'NONE',  ( -0.7999999999999970468, 0.000000000000000000, 0.8000000000000023759 ) ) ;
#4376 = ORIENTED_EDGE ( 'NONE', *, *, #2784, .F. ) ;
#4377 = CARTESIAN_POINT ( 'NONE',  ( 0.8000000000000040412, 0.7500000000000015543, 1.099999999999997424 ) ) ;
#4378 = DIRECTION ( 'NONE',  ( 0.000000000000000000, 1.000000000000000000, 0.000000000000000000 ) ) ;
#4379 = PLANE ( 'NONE',  #507 ) ;
#4380 = DIRECTION ( 'NONE',  ( 0.7071067811865500152, 0.000000000000000000, 0.7071067811865451302 ) ) ;
#4381 = ORIENTED_EDGE ( 'NONE', *, *, #699, .F. ) ;
#4382 = ORIENTED_EDGE ( 'NONE', *, *, #3412, .T. ) ;
#4383 = DIRECTION ( 'NONE',  ( 1.000000000000000000, -0.000000000000000000, -4.111025437406278295E-15 ) ) ;
#4384 = CARTESIAN_POINT ( 'NONE',  ( 1.249999999999998446, 0.1300000000000000044, 1.250000000000000444 ) ) ;
#4385 = ORIENTED_EDGE ( 'NONE', *, *, #1102, .T. ) ;
#4386 = DIRECTION ( 'NONE',  ( -3.491481338843133355E-15, -0.000000000000000000, -1.000000000000000000 ) ) ;
#4387 = FACE_OUTER_BOUND ( 'NONE', #2450, .T. ) ;
#4388 = VERTEX_POINT ( 'NONE', #1524 ) ;
#4389 = CARTESIAN_POINT ( 'NONE',  ( 0.8000000000000014877, 0.1000000000000000056, 0.4999999999999971689 ) ) ;
#4390 = CARTESIAN_POINT ( 'NONE',  ( -0.7999999999999957145, 0.000000000000000000, 1.150000000000001910 ) ) ;
#4391 = CARTESIAN_POINT ( 'NONE',  ( 0.9999999999999974465, 5.111269837220810075, -0.8000000000000021538 ) ) ;
#4392 = EDGE_LOOP ( 'NONE', ( #821, #4593, #1107, #4193 ) ) ;
#4393 = AXIS2_PLACEMENT_3D ( 'NONE', #1470, #2320, #4991 ) ;
#4394 = VECTOR ( 'NONE', #3959, 1000.000000000000000 ) ;
#4395 = DIRECTION ( 'NONE',  ( -0.000000000000000000, -1.000000000000000000, -0.000000000000000000 ) ) ;
#4396 = VERTEX_POINT ( 'NONE', #406 ) ;
#4397 = DIRECTION ( 'NONE',  ( 3.614007241618349165E-15, 0.000000000000000000, 1.000000000000000000 ) ) ;
#4398 = CARTESIAN_POINT ( 'NONE',  ( -1.250000000000012434, 0.000000000000000000, -1.249999999999993339 ) ) ;
#4399 = AXIS2_PLACEMENT_3D ( 'NONE', #2603, #279, #660 ) ;
#4400 = ORIENTED_EDGE ( 'NONE', *, *, #2682, .T. ) ;
#4401 = AXIS2_PLACEMENT_3D ( 'NONE', #536, #4015, #3640 ) ;
#4402 = LINE ( 'NONE', #3543, #2666 ) ;
#4403 = DIRECTION ( 'NONE',  ( 3.491481338843133355E-15, -0.000000000000000000, 1.000000000000000000 ) ) ;
#4404 = DIRECTION ( 'NONE',  ( -1.000000000000000000, -0.000000000000000000, 3.491481338843133355E-15 ) ) ;
#4405 = DIRECTION ( 'NONE',  ( -4.111025437406278295E-15, 0.000000000000000000, -1.000000000000000000 ) ) ;
#4406 = ORIENTED_EDGE ( 'NONE', *, *, #1948, .T. ) ;
#4407 = EDGE_LOOP ( 'NONE', ( #4050, #1016, #184, #2655 ) ) ;
#4408 = EDGE_CURVE ( 'NONE', #967, #1311, #3795, .T. ) ;
#4409 = FACE_OUTER_BOUND ( 'NONE', #4830, .T. ) ;
#4410 = CARTESIAN_POINT ( 'NONE',  ( 0.7999999999999953815, 0.2800000000000033573, -1.000000000000003109 ) ) ;
#4411 = VERTEX_POINT ( 'NONE', #2322 ) ;
#4412 = VERTEX_POINT ( 'NONE', #1190 ) ;
#4413 = LINE ( 'NONE', #964, #4913 ) ;
#4414 = PLANE ( 'NONE',  #300 ) ;
#4415 = ORIENTED_EDGE ( 'NONE', *, *, #2410, .T. ) ;
#4416 = CARTESIAN_POINT ( 'NONE',  ( 0.8000000000000014877, 0.1000000000000000056, 0.4999999999999971689 ) ) ;
#4417 = DIRECTION ( 'NONE',  ( 4.111025437406278295E-15, 0.000000000000000000, 1.000000000000000000 ) ) ;
#4418 = DIRECTION ( 'NONE',  ( -0.7071067811865148212, 0.000000000000000000, 0.7071067811865803243 ) ) ;
#4419 = EDGE_CURVE ( 'NONE', #1311, #3734, #461, .T. ) ;
#4420 = ADVANCED_FACE ( 'NONE', ( #80 ), #4311, .F. ) ;
#4421 = EDGE_CURVE ( 'NONE', #1860, #1925, #1936, .T. ) ;
#4422 = LINE ( 'NONE', #4874, #2012 ) ;
#4423 = ORIENTED_EDGE ( 'NONE', *, *, #1043, .T. ) ;
#4424 = DIRECTION ( 'NONE',  ( 1.000000000000000000, 3.469446951953614189E-14, -3.469446951953614189E-15 ) ) ;
#4425 = DIRECTION ( 'NONE',  ( -0.000000000000000000, -1.000000000000000000, -0.000000000000000000 ) ) ;
#4426 = EDGE_LOOP ( 'NONE', ( #85, #3366, #2600, #3299 ) ) ;
#4427 = EDGE_CURVE ( 'NONE', #373, #4879, #783, .T. ) ;
#4428 = LINE ( 'NONE', #2512, #305 ) ;
#4429 = CIRCLE ( 'NONE', #3541, 0.2999999999999998224 ) ;
#4430 = DIRECTION ( 'NONE',  ( -1.000000000000000000, 0.000000000000000000, 3.491481338843133355E-15 ) ) ;
#4431 = FACE_OUTER_BOUND ( 'NONE', #4989, .T. ) ;
#4432 = ORIENTED_EDGE ( 'NONE', *, *, #1034, .F. ) ;
#4433 = MECHANICAL_DESIGN_GEOMETRIC_PRESENTATION_REPRESENTATION (  '', ( #3633 ), #4184 ) ;
#4434 = DIRECTION ( 'NONE',  ( -0.000000000000000000, -1.000000000000000000, 0.000000000000000000 ) ) ;
#4435 = CARTESIAN_POINT ( 'NONE',  ( 0.5999999999999909850, 0.000000000000000000, -0.9750000000000021982 ) ) ;
#4436 = EDGE_LOOP ( 'NONE', ( #201, #4899, #3943, #1894 ) ) ;
#4437 = VECTOR ( 'NONE', #1981, 1000.000000000000000 ) ;
#4438 = EDGE_LOOP ( 'NONE', ( #4119, #1751, #2826, #2772 ) ) ;
#4439 = FACE_OUTER_BOUND ( 'NONE', #705, .T. ) ;
#4440 = CIRCLE ( 'NONE', #4043, 0.1000000000000001027 ) ;
#4441 = CARTESIAN_POINT ( 'NONE',  ( 0.3999999999999906408, 0.1000000000000000056, -0.9750000000000015321 ) ) ;
#4442 = ORIENTED_EDGE ( 'NONE', *, *, #2195, .T. ) ;
#4443 = SURFACE_SIDE_STYLE ('',( #2189 ) ) ;
#4444 = CARTESIAN_POINT ( 'NONE',  ( -1.100000000000003197, 0.7499999999999972244, -0.7999999999999961586 ) ) ;
#4445 = CARTESIAN_POINT ( 'NONE',  ( -0.8000000000000038192, 0.000000000000000000, -1.149999999999996358 ) ) ;
#4446 = COLOUR_RGB ( '',0.7921568627450980005, 0.8196078431372548767, 0.9333333333333333481 ) ;
#4447 = ORIENTED_EDGE ( 'NONE', *, *, #3327, .F. ) ;
#4448 = CARTESIAN_POINT ( 'NONE',  ( 1.150000000000001465, 0.000000000000000000, 0.4999999999999962252 ) ) ;
#4449 = FACE_OUTER_BOUND ( 'NONE', #2337, .T. ) ;
#4450 = VECTOR ( 'NONE', #131, 1000.000000000000000 ) ;
#4451 = ORIENTED_EDGE ( 'NONE', *, *, #3286, .F. ) ;
#4452 = CARTESIAN_POINT ( 'NONE',  ( 1.249999999999995115, 0.000000000000000000, -1.250000000000000888 ) ) ;
#4453 = CARTESIAN_POINT ( 'NONE',  ( -0.8000000000000041522, 0.1300066619336573970, -1.151413695764968992 ) ) ;
#4454 = CARTESIAN_POINT ( 'NONE',  ( -1.044948974278314902, 0.1299999999999999489, 1.050000000000003597 ) ) ;
#4455 = CARTESIAN_POINT ( 'NONE',  ( -0.8000000000000038192, 0.1000000000000000056, -1.149999999999996358 ) ) ;
#4456 = CARTESIAN_POINT ( 'NONE',  ( 0.9999999999999974465, 0.2800000000000033573, -0.8000000000000021538 ) ) ;
#4457 = ORIENTED_EDGE ( 'NONE', *, *, #3572, .F. ) ;
#4458 = ORIENTED_EDGE ( 'NONE', *, *, #1820, .T. ) ;
#4459 =( NAMED_UNIT ( * ) PLANE_ANGLE_UNIT ( ) SI_UNIT ( $, .RADIAN. ) );
#4460 = EDGE_CURVE ( 'NONE', #2715, #234, #1782, .T. ) ;
#4461 = EDGE_CURVE ( 'NONE', #4904, #3662, #2346, .T. ) ;
#4462 = CARTESIAN_POINT ( 'NONE',  ( 1.099999999999996758, 0.2800000000000015810, -0.9757359312880754532 ) ) ;
#4463 = ORIENTED_EDGE ( 'NONE', *, *, #3614, .T. ) ;
#4464 =( NAMED_UNIT ( * ) SI_UNIT ( $, .STERADIAN. ) SOLID_ANGLE_UNIT ( ) );
#4465 = DIRECTION ( 'NONE',  ( -0.000000000000000000, 1.000000000000000000, -0.000000000000000000 ) ) ;
#4466 = CARTESIAN_POINT ( 'NONE',  ( 0.8499999999999975353, 0.8999999999999998002, -0.8292893218813486289 ) ) ;
#4467 = ORIENTED_EDGE ( 'NONE', *, *, #1439, .T. ) ;
#4468 = SURFACE_SIDE_STYLE ('',( #3696 ) ) ;
#4469 = ORIENTED_EDGE ( 'NONE', *, *, #3087, .T. ) ;
#4470 = CARTESIAN_POINT ( 'NONE',  ( 0.8000000000000030420, 0.2800000000000015810, 0.7999999999999974909 ) ) ;
#4471 = EDGE_CURVE ( 'NONE', #2938, #1797, #3508, .T. ) ;
#4472 = CARTESIAN_POINT ( 'NONE',  ( -1.150000000000000133, 0.000000000000000000, -0.1499999999999956368 ) ) ;
#4473 = AXIS2_PLACEMENT_3D ( 'NONE', #3546, #63, #1608 ) ;
#4474 = ORIENTED_EDGE ( 'NONE', *, *, #1779, .T. ) ;
#4475 = AXIS2_PLACEMENT_3D ( 'NONE', #1869, #3350, #4129 ) ;
#4476 = PLANE ( 'NONE',  #2595 ) ;
#4477 = VECTOR ( 'NONE', #2862, 1000.000000000000000 ) ;
#4478 = LINE ( 'NONE', #1005, #222 ) ;
#4479 = STYLED_ITEM ( 'NONE', ( #2274 ), #563 ) ;
#4480 = VECTOR ( 'NONE', #2321, 1000.000000000000000 ) ;
#4481 = ADVANCED_FACE ( 'NONE', ( #4285 ), #52, .T. ) ;
#4482 = EDGE_CURVE ( 'NONE', #2929, #4771, #808, .T. ) ;
#4483 = FACE_OUTER_BOUND ( 'NONE', #2750, .T. ) ;
#4484 = CARTESIAN_POINT ( 'NONE',  ( 1.149999999999999689, 0.000000000000000000, -4.015203539669602570E-15 ) ) ;
#4485 = ORIENTED_EDGE ( 'NONE', *, *, #4254, .T. ) ;
#4486 = EDGE_LOOP ( 'NONE', ( #22, #4093, #3121, #1290 ) ) ;
#4487 = ADVANCED_FACE ( 'NONE', ( #2397 ), #3927, .F. ) ;
#4488 = CARTESIAN_POINT ( 'NONE',  ( 1.149999999999997247, 0.2299999999999998712, -0.8000000000000041522 ) ) ;
#4489 = ORIENTED_EDGE ( 'NONE', *, *, #4737, .T. ) ;
#4490 = CYLINDRICAL_SURFACE ( 'NONE', #3463, 0.1000000000000001027 ) ;
#4491 = LINE ( 'NONE', #2140, #1897 ) ;
#4492 = CARTESIAN_POINT ( 'NONE',  ( 0.9999999999999973355, 0.8378679656440355394, -0.8000000000000032641 ) ) ;
#4493 = ADVANCED_FACE ( 'NONE', ( #3457 ), #4070, .F. ) ;
#4494 = ORIENTED_EDGE ( 'NONE', *, *, #1491, .F. ) ;
#4495 = CARTESIAN_POINT ( 'NONE',  ( -0.8000000000000039302, 0.1681966011250103643, -1.049999999999997380 ) ) ;
#4496 = ORIENTED_EDGE ( 'NONE', *, *, #180, .T. ) ;
#4497 = LINE ( 'NONE', #615, #3674 ) ;
#4498 = DIRECTION ( 'NONE',  ( 0.000000000000000000, 1.000000000000000000, 0.000000000000000000 ) ) ;
#4499 = ORIENTED_EDGE ( 'NONE', *, *, #2153, .F. ) ;
#4500 = CARTESIAN_POINT ( 'NONE',  ( 0.000000000000000000, 0.1000000000000000056, 0.000000000000000000 ) ) ;
#4501 = CARTESIAN_POINT ( 'NONE',  ( 0.8832085319182411132, 0.1681966011250103921, -1.050000000000003153 ) ) ;
#4502 = DIRECTION ( 'NONE',  ( -0.000000000000000000, -1.000000000000000000, -0.000000000000000000 ) ) ;
#4503 = EDGE_CURVE ( 'NONE', #4088, #373, #890, .T. ) ;
#4504 = LINE ( 'NONE', #318, #2048 ) ;
#4505 = ORIENTED_EDGE ( 'NONE', *, *, #2162, .F. ) ;
#4506 = ORIENTED_EDGE ( 'NONE', *, *, #2725, .F. ) ;
#4507 = PRODUCT_CONTEXT ( 'NONE', #3797, 'mechanical' ) ;
#4508 = AXIS2_PLACEMENT_3D ( 'NONE', #4938, #2954, #3353 ) ;
#4509 = EDGE_CURVE ( 'NONE', #2183, #999, #2858, .T. ) ;
#4510 = DIRECTION ( 'NONE',  ( -0.000000000000000000, -1.000000000000000000, -0.000000000000000000 ) ) ;
#4511 = COLOUR_RGB ( '',0.000000000000000000, 0.2862745098039215508, 0.000000000000000000 ) ;
#4512 = EDGE_CURVE ( 'NONE', #1996, #478, #1757, .T. ) ;
#4513 = SURFACE_STYLE_FILL_AREA ( #177 ) ;
#4514 = CARTESIAN_POINT ( 'NONE',  ( 0.8000000000000030420, 0.2800000000000050782, 0.7999999999999974909 ) ) ;
#4515 = EDGE_CURVE ( 'NONE', #1252, #1069, #3289, .T. ) ;
#4516 = DIRECTION ( 'NONE',  ( -3.355956067282445301E-15, 0.000000000000000000, -1.000000000000000000 ) ) ;
#4517 = VECTOR ( 'NONE', #1535, 1000.000000000000000 ) ;
#4518 = VERTEX_POINT ( 'NONE', #4016 ) ;
#4519 = VECTOR ( 'NONE', #1818, 1000.000000000000000 ) ;
#4520 = VERTEX_POINT ( 'NONE', #4042 ) ;
#4521 = DIRECTION ( 'NONE',  ( 1.000000000000000000, 0.000000000000000000, -3.614007241618349954E-15 ) ) ;
#4522 = CARTESIAN_POINT ( 'NONE',  ( -1.149999999999999245, 0.1000000000000000056, 0.1500000000000040745 ) ) ;
#4523 = DIRECTION ( 'NONE',  ( -3.181709289561560491E-15, 0.000000000000000000, -1.000000000000000000 ) ) ;
#4524 = ADVANCED_FACE ( 'NONE', ( #918 ), #486, .T. ) ;
#4525 = ORIENTED_EDGE ( 'NONE', *, *, #4117, .T. ) ;
#4526 = STYLED_ITEM ( 'NONE', ( #1353 ), #3854 ) ;
#4527 = DIRECTION ( 'NONE',  ( 0.000000000000000000, -1.000000000000000000, 0.000000000000000000 ) ) ;
#4528 = CARTESIAN_POINT ( 'NONE',  ( 0.8000000000000031530, 0.7499999999999997780, 0.8499999999999974243 ) ) ;
#4529 = VECTOR ( 'NONE', #1333, 1000.000000000000000 ) ;
#4530 = UNCERTAINTY_MEASURE_WITH_UNIT (LENGTH_MEASURE( 1.000000000000000082E-05 ), #1905, 'distance_accuracy_value', 'NONE');
#4531 = CARTESIAN_POINT ( 'NONE',  ( -0.9878679656440397805, 0.2300000000000000100, -1.120710678118650661 ) ) ;
#4532 = LINE ( 'NONE', #2639, #1394 ) ;
#4533 = DIRECTION ( 'NONE',  ( 1.000000000000000000, 0.000000000000000000, -4.336808689942025625E-15 ) ) ;
#4534 = ORIENTED_EDGE ( 'NONE', *, *, #1247, .T. ) ;
#4535 = ORIENTED_EDGE ( 'NONE', *, *, #4509, .T. ) ;
#4536 = SURFACE_STYLE_FILL_AREA ( #603 ) ;
#4537 = CARTESIAN_POINT ( 'NONE',  ( 1.149999999999996358, 0.2299999999999998712, -1.005025253169420818 ) ) ;
#4538 = DIRECTION ( 'NONE',  ( 1.000000000000000000, -0.000000000000000000, -3.181709289561560491E-15 ) ) ;
#4539 = DIRECTION ( 'NONE',  ( 1.000000000000000000, 0.000000000000000000, -3.252606517456508174E-15 ) ) ;
#4540 = CARTESIAN_POINT ( 'NONE',  ( 0.7999999999999902744, 0.7499999999999997780, -1.100000000000002975 ) ) ;
#4541 = ADVANCED_FACE ( 'NONE', ( #126 ), #564, .F. ) ;
#4542 = EDGE_LOOP ( 'NONE', ( #3537, #4972, #557, #4381, #2490, #757, #198, #3170 ) ) ;
#4543 = CARTESIAN_POINT ( 'NONE',  ( 0.9964466094067284674, 0.9999999999999997780, 0.9150757595082467111 ) ) ;
#4544 = VERTEX_POINT ( 'NONE', #3264 ) ;
#4545 = PRESENTATION_STYLE_ASSIGNMENT (( #1492 ) ) ;
#4546 = LINE ( 'NONE', #1065, #1398 ) ;
#4547 = CARTESIAN_POINT ( 'NONE',  ( -1.050000000000003819, 0.1299999999999999489, -1.044948974278314457 ) ) ;
#4548 = DIRECTION ( 'NONE',  ( 3.355956067282445301E-15, 0.000000000000000000, 1.000000000000000000 ) ) ;
#4549 = ORIENTED_EDGE ( 'NONE', *, *, #1410, .F. ) ;
#4550 = DIRECTION ( 'NONE',  ( 1.000000000000000000, 0.000000000000000000, -4.111025437406279084E-15 ) ) ;
#4551 = PLANE ( 'NONE',  #4769 ) ;
#4552 = VECTOR ( 'NONE', #1870, 1000.000000000000000 ) ;
#4553 = AXIS2_PLACEMENT_3D ( 'NONE', #159, #3266, #3292 ) ;
#4554 = AXIS2_PLACEMENT_3D ( 'NONE', #768, #2762, #4225 ) ;
#4555 = CARTESIAN_POINT ( 'NONE',  ( -0.7999999999999968248, 0.2800000000000046341, 1.000000000000003109 ) ) ;
#4556 = CARTESIAN_POINT ( 'NONE',  ( 0.000000000000000000, 0.000000000000000000, 0.000000000000000000 ) ) ;
#4557 = CARTESIAN_POINT ( 'NONE',  ( 1.050000000000003819, 0.1300000000000000044, 1.044948974278313569 ) ) ;
#4558 = EDGE_LOOP ( 'NONE', ( #3677, #2897, #1694, #3093 ) ) ;
#4559 = VERTEX_POINT ( 'NONE', #4775 ) ;
#4560 = MECHANICAL_DESIGN_GEOMETRIC_PRESENTATION_REPRESENTATION (  '', ( #4888 ), #345 ) ;
#4561 = EDGE_CURVE ( 'NONE', #294, #685, #2830, .T. ) ;
#4562 = AXIS2_PLACEMENT_3D ( 'NONE', #4773, #4014, #1188 ) ;
#4563 = CARTESIAN_POINT ( 'NONE',  ( -0.7999999999999970468, 0.1000000000000000056, 0.8000000000000024869 ) ) ;
#4564 = VECTOR ( 'NONE', #426, 1000.000000000000000 ) ;
#4565 = CARTESIAN_POINT ( 'NONE',  ( -1.151413695764969436, 0.1300066619336573970, 0.8000000000000042633 ) ) ;
#4566 = DIRECTION ( 'NONE',  ( 1.000000000000000000, 0.000000000000000000, -3.491481338843133355E-15 ) ) ;
#4567 = FACE_OUTER_BOUND ( 'NONE', #1079, .T. ) ;
#4568 = ORIENTED_EDGE ( 'NONE', *, *, #3056, .T. ) ;
#4569 = ORIENTED_EDGE ( 'NONE', *, *, #4137, .T. ) ;
#4570 = LINE ( 'NONE', #1522, #2867 ) ;
#4571 = DIRECTION ( 'NONE',  ( 1.000000000000000000, -0.000000000000000000, -3.181709289561560491E-15 ) ) ;
#4572 = ADVANCED_FACE ( 'NONE', ( #2120 ), #943, .F. ) ;
#4573 = LINE ( 'NONE', #1090, #1287 ) ;
#4574 = EDGE_CURVE ( 'NONE', #1125, #294, #2141, .T. ) ;
#4575 = ORIENTED_EDGE ( 'NONE', *, *, #704, .F. ) ;
#4576 = EDGE_CURVE ( 'NONE', #4187, #4412, #4849, .T. ) ;
#4577 = CARTESIAN_POINT ( 'NONE',  ( 1.149999999999997469, 0.2799999999999998601, -0.8000000000000020428 ) ) ;
#4578 = CARTESIAN_POINT ( 'NONE',  ( 0.8500000000000001998, 0.7500000000000000000, -2.852562657190078900E-15 ) ) ;
#4579 = EDGE_CURVE ( 'NONE', #1872, #3362, #511, .T. ) ;
#4580 = EDGE_CURVE ( 'NONE', #3662, #3583, #1348, .T. ) ;
#4581 = CARTESIAN_POINT ( 'NONE',  ( 1.141808635123946036, 0.2299999999999999267, -0.8879929925636286248 ) ) ;
#4582 = PLANE ( 'NONE',  #4475 ) ;
#4583 = DIRECTION ( 'NONE',  ( -4.111025437406278295E-15, 0.000000000000000000, -1.000000000000000000 ) ) ;
#4584 = ORIENTED_EDGE ( 'NONE', *, *, #4801, .F. ) ;
#4585 = ORIENTED_EDGE ( 'NONE', *, *, #749, .T. ) ;
#4586 = AXIS2_PLACEMENT_3D ( 'NONE', #3381, #4516, #2599 ) ;
#4587 = PLANE ( 'NONE',  #2504 ) ;
#4588 =( NAMED_UNIT ( * ) PLANE_ANGLE_UNIT ( ) SI_UNIT ( $, .RADIAN. ) );
#4589 = LINE ( 'NONE', #2289, #97 ) ;
#4590 = PLANE ( 'NONE',  #365 ) ;
#4591 = VECTOR ( 'NONE', #1562, 1000.000000000000000 ) ;
#4592 = ORIENTED_EDGE ( 'NONE', *, *, #610, .T. ) ;
#4593 = ORIENTED_EDGE ( 'NONE', *, *, #1613, .T. ) ;
#4594 = FACE_OUTER_BOUND ( 'NONE', #1838, .T. ) ;
#4595 = DIRECTION ( 'NONE',  ( 3.491481338843133355E-15, 0.000000000000000000, 1.000000000000000000 ) ) ;
#4596 = DIRECTION ( 'NONE',  ( -1.000000000000000000, 0.000000000000000000, 4.111025437406278295E-15 ) ) ;
#4597 = CARTESIAN_POINT ( 'NONE',  ( 0.8000000000000039302, 0.1681966011250106696, 1.049999999999997158 ) ) ;
#4598 = AXIS2_PLACEMENT_3D ( 'NONE', #560, #2116, #2995 ) ;
#4599 = VERTEX_POINT ( 'NONE', #205 ) ;
#4600 = CIRCLE ( 'NONE', #3946, 0.1499999999999999667 ) ;
#4601 = DIRECTION ( 'NONE',  ( -1.000000000000000000, 0.000000000000000000, 3.614007241618351532E-15 ) ) ;
#4602 = DIRECTION ( 'NONE',  ( 1.000000000000000000, -0.000000000000000000, -3.801253388124705825E-15 ) ) ;
#4603 = AXIS2_PLACEMENT_3D ( 'NONE', #1454, #2656, #4601 ) ;
#4604 = CARTESIAN_POINT ( 'NONE',  ( 1.121330222933820231, 0.2300000000000000377, -0.9390431872924166479 ) ) ;
#4605 =( GEOMETRIC_REPRESENTATION_CONTEXT ( 3 ) GLOBAL_UNCERTAINTY_ASSIGNED_CONTEXT ( ( #3678 ) ) GLOBAL_UNIT_ASSIGNED_CONTEXT ( ( #570, #4905, #1362 ) ) REPRESENTATION_CONTEXT ( 'NONE', 'WORKASPACE' ) );
#4606 = LINE ( 'NONE', #2565, #1549 ) ;
#4607 = DIRECTION ( 'NONE',  ( 1.000000000000000000, 0.000000000000000000, -3.614007241618349165E-15 ) ) ;
#4608 = ORIENTED_EDGE ( 'NONE', *, *, #1102, .F. ) ;
#4609 = ORIENTED_EDGE ( 'NONE', *, *, #664, .F. ) ;
#4610 = AXIS2_PLACEMENT_3D ( 'NONE', #1240, #2807, #1912 ) ;
#4611 = CARTESIAN_POINT ( 'NONE',  ( 1.000000000000003553, 0.2800000000000050782, 0.9171572875253778401 ) ) ;
#4612 = DIRECTION ( 'NONE',  ( 0.000000000000000000, 1.000000000000000000, 0.000000000000000000 ) ) ;
#4613 = CARTESIAN_POINT ( 'NONE',  ( 0.8000000000000042633, 0.2299999999999999545, 1.149999999999997025 ) ) ;
#4614 = DIRECTION ( 'NONE',  ( 3.702006032529638986E-15, 0.000000000000000000, 1.000000000000000000 ) ) ;
#4615 = EDGE_CURVE ( 'NONE', #234, #4818, #2065, .T. ) ;
#4616 = EDGE_LOOP ( 'NONE', ( #3607, #3999, #3473, #2108 ) ) ;
#4617 = EDGE_LOOP ( 'NONE', ( #3777, #4575, #1151, #2832 ) ) ;
#4618 = FILL_AREA_STYLE ('',( #686 ) ) ;
#4619 = PLANE ( 'NONE',  #3898 ) ;
#4620 = LINE ( 'NONE', #51, #3679 ) ;
#4621 = CARTESIAN_POINT ( 'NONE',  ( -1.099999999999997424, 0.2800000000000015810, 0.8000000000000043743 ) ) ;
#4622 = ORIENTED_EDGE ( 'NONE', *, *, #3742, .F. ) ;
#4623 = ADVANCED_FACE ( 'NONE', ( #3611 ), #4337, .F. ) ;
#4624 = DIRECTION ( 'NONE',  ( -1.000000000000000000, 0.000000000000000000, 3.252606517456510147E-15 ) ) ;
#4625 = CARTESIAN_POINT ( 'NONE',  ( 4.015203539669600203E-15, 0.000000000000000000, 1.149999999999999023 ) ) ;
#4626 = CARTESIAN_POINT ( 'NONE',  ( -0.8000000000000015987, 0.1000000000000000056, -0.4999999999999966693 ) ) ;
#4627 = LINE ( 'NONE', #1633, #3110 ) ;
#4628 = CARTESIAN_POINT ( 'NONE',  ( 1.149999999999998135, 0.000000000000000000, -0.5000000000000037748 ) ) ;
#4629 = ORIENTED_EDGE ( 'NONE', *, *, #2041, .F. ) ;
#4630 = VERTEX_POINT ( 'NONE', #4872 ) ;
#4631 = ADVANCED_FACE ( 'NONE', ( #4898 ), #252, .T. ) ;
#4632 = ADVANCED_FACE ( 'NONE', ( #1804 ), #680, .T. ) ;
#4633 = CIRCLE ( 'NONE', #4553, 0.2500000000000000000 ) ;
#4634 = VECTOR ( 'NONE', #3791, 1000.000000000000000 ) ;
#4635 = EDGE_CURVE ( 'NONE', #3793, #1205, #1992, .T. ) ;
#4636 = DIRECTION ( 'NONE',  ( -3.801253388124706614E-15, -0.000000000000000000, -1.000000000000000000 ) ) ;
#4637 = CARTESIAN_POINT ( 'NONE',  ( 1.003561853682084060, 0.2300000000000001488, 1.086599498416574994 ) ) ;
#4638 = CARTESIAN_POINT ( 'NONE',  ( 0.01199999999999640070, 1.000000000000000000, 0.6250000000000045519 ) ) ;
#4639 = PLANE ( 'NONE',  #4907 ) ;
#4640 = EDGE_CURVE ( 'NONE', #1925, #1196, #3930, .T. ) ;
#4641 = VECTOR ( 'NONE', #2008, 1000.000000000000000 ) ;
#4642 = LINE ( 'NONE', #1159, #4192 ) ;
#4643 = ORIENTED_EDGE ( 'NONE', *, *, #1250, .T. ) ;
#4644 = CARTESIAN_POINT ( 'NONE',  ( -0.9999999999999974465, 5.111269837220810075, 0.8000000000000037081 ) ) ;
#4645 = DIRECTION ( 'NONE',  ( 1.000000000000000000, -0.000000000000000000, -4.111025437406278295E-15 ) ) ;
#4646 = CARTESIAN_POINT ( 'NONE',  ( 0.8000000000000014877, 0.1000000000000000056, 0.4999999999999971689 ) ) ;
#4647 = CARTESIAN_POINT ( 'NONE',  ( -0.7999999999999946043, 0.2299999999999998712, 1.150000000000002798 ) ) ;
#4648 = VERTEX_POINT ( 'NONE', #1039 ) ;
#4649 = UNCERTAINTY_MEASURE_WITH_UNIT (LENGTH_MEASURE( 1.000000000000000082E-05 ), #1675, 'distance_accuracy_value', 'NONE');
#4650 = CARTESIAN_POINT ( 'NONE',  ( 0.8000000000000003775, 0.1000000000000000056, 0.1499999999999973022 ) ) ;
#4651 = ORIENTED_EDGE ( 'NONE', *, *, #513, .F. ) ;
#4652 = DIRECTION ( 'NONE',  ( 1.000000000000000000, 0.000000000000000000, -3.491481338843133355E-15 ) ) ;
#4653 = DIRECTION ( 'NONE',  ( -0.000000000000000000, -1.000000000000000000, -0.000000000000000000 ) ) ;
#4654 = CARTESIAN_POINT ( 'NONE',  ( -1.150000000000002576, 0.1000000000000000056, -0.7999999999999952704 ) ) ;
#4655 = DIRECTION ( 'NONE',  ( 0.000000000000000000, 1.000000000000000000, 0.000000000000000000 ) ) ;
#4656 = ORIENTED_EDGE ( 'NONE', *, *, #2002, .T. ) ;
#4657 = EDGE_LOOP ( 'NONE', ( #1807, #1329, #3968, #1623 ) ) ;
#4658 = ADVANCED_FACE ( 'NONE', ( #1784 ), #3776, .F. ) ;
#4659 = DIRECTION ( 'NONE',  ( -1.000000000000000000, 0.000000000000000000, 3.491481338843133355E-15 ) ) ;
#4660 = CARTESIAN_POINT ( 'NONE',  ( 1.150000000000002798, 0.2299999999999999545, 0.7999999999999961586 ) ) ;
#4661 = CARTESIAN_POINT ( 'NONE',  ( 1.149999999999995692, 0.000000000000000000, -1.150000000000004130 ) ) ;
#4662 = CARTESIAN_POINT ( 'NONE',  ( 1.149999999999995692, 0.000000000000000000, -1.150000000000003908 ) ) ;
#4663 = LINE ( 'NONE', #3149, #2491 ) ;
#4664 = VECTOR ( 'NONE', #3895, 1000.000000000000000 ) ;
#4665 =( BOUNDED_CURVE ( )  B_SPLINE_CURVE ( 3, ( #4372, #1681, #3963, #2451 ),
 .UNSPECIFIED., .F., .T. ) 
 B_SPLINE_CURVE_WITH_KNOTS ( ( 4, 4 ),
 ( 0.000000000000000000, 1.000000000000000000 ),
 .UNSPECIFIED. ) 
 CURVE ( )  GEOMETRIC_REPRESENTATION_ITEM ( )  RATIONAL_B_SPLINE_CURVE ( ( 1.000000000000000000, 0.8047378541243623840, 0.8047378541243623840, 1.000000000000000000 ) ) 
 REPRESENTATION_ITEM ( '' )  );
#4666 = FACE_OUTER_BOUND ( 'NONE', #2027, .T. ) ;
#4667 = VERTEX_POINT ( 'NONE', #655 ) ;
#4668 = ADVANCED_FACE ( 'NONE', ( #4918 ), #3001, .F. ) ;
#4669 = PRESENTATION_STYLE_ASSIGNMENT (( #3608 ) ) ;
#4670 = DIRECTION ( 'NONE',  ( -3.491481338843133355E-15, 0.000000000000000000, -1.000000000000000000 ) ) ;
#4671 = DIRECTION ( 'NONE',  ( 3.491481338843133355E-15, -0.000000000000000000, 1.000000000000000000 ) ) ;
#4672 = CARTESIAN_POINT ( 'NONE',  ( -1.005025253169411714, 0.2299999999999998712, 1.150000000000004574 ) ) ;
#4673 = PRESENTATION_LAYER_ASSIGNMENT (  '', '', ( #3856 ) ) ;
#4674 = ORIENTED_EDGE ( 'NONE', *, *, #4051, .F. ) ;
#4675 = CARTESIAN_POINT ( 'NONE',  ( -1.149999999999999245, 0.000000000000000000, 0.1500000000000040745 ) ) ;
#4676 = VECTOR ( 'NONE', #1344, 1000.000000000000000 ) ;
#4677 = ORIENTED_EDGE ( 'NONE', *, *, #4255, .F. ) ;
#4678 = CYLINDRICAL_SURFACE ( 'NONE', #3136, 0.1500000000000000777 ) ;
#4679 = AXIS2_PLACEMENT_3D ( 'NONE', #3606, #911, #1702 ) ;
#4680 = CARTESIAN_POINT ( 'NONE',  ( -0.8500000000000033085, 0.9000000000000001332, -0.7999999999999970468 ) ) ;
#4681 = CARTESIAN_POINT ( 'NONE',  ( 0.7999999999999991562, 0.1000000000000000056, -0.1500000000000027423 ) ) ;
#4682 = DIRECTION ( 'NONE',  ( -1.000000000000000000, 0.000000000000000000, 3.491481338843133355E-15 ) ) ;
#4683 = CARTESIAN_POINT ( 'NONE',  ( 0.9378679656440374046, 0.8999999999999999112, 0.8807611844574841919 ) ) ;
#4684 = ORIENTED_EDGE ( 'NONE', *, *, #4580, .T. ) ;
#4685 = CIRCLE ( 'NONE', #2511, 0.1499999999999999389 ) ;
#4686 = ORIENTED_EDGE ( 'NONE', *, *, #2195, .F. ) ;
#4687 = CARTESIAN_POINT ( 'NONE',  ( 1.745740669421567467E-15, 0.000000000000000000, 0.5000000000000002220 ) ) ;
#4688 = EDGE_LOOP ( 'NONE', ( #132, #2926, #2117, #592 ) ) ;
#4689 = DIRECTION ( 'NONE',  ( 2.871937240279988021E-15, 0.000000000000000000, 1.000000000000000000 ) ) ;
#4690 = DIRECTION ( 'NONE',  ( -1.000000000000000000, 0.000000000000000000, 3.491481338843133355E-15 ) ) ;
#4691 = STYLED_ITEM ( 'NONE', ( #4831 ), #3992 ) ;
#4692 = DIRECTION ( 'NONE',  ( 0.000000000000000000, 1.000000000000000000, 0.000000000000000000 ) ) ;
#4693 = VERTEX_POINT ( 'NONE', #3023 ) ;
#4694 = PLANE ( 'NONE',  #2788 ) ;
#4695 = CARTESIAN_POINT ( 'NONE',  ( 0.8000000000000037081, 5.111269837220810075, 0.9999999999999974465 ) ) ;
#4696 = CARTESIAN_POINT ( 'NONE',  ( -0.8000000000000015987, 0.1000000000000000056, -0.4999999999999965583 ) ) ;
#4697 = CARTESIAN_POINT ( 'NONE',  ( -0.7999999999999950484, 0.2800000000000015810, 1.100000000000003419 ) ) ;
#4698 = ORIENTED_EDGE ( 'NONE', *, *, #1867, .F. ) ;
#4699 = ADVANCED_FACE ( 'NONE', ( #4567 ), #4183, .F. ) ;
#4700 = CARTESIAN_POINT ( 'NONE',  ( -0.8000000000000024869, 0.000000000000000000, -0.7999999999999967137 ) ) ;
#4701 = EDGE_LOOP ( 'NONE', ( #696, #2455, #3962, #18 ) ) ;
#4702 = LINE ( 'NONE', #1219, #1893 ) ;
#4703 = DIRECTION ( 'NONE',  ( -3.491481338843133355E-15, 0.000000000000000000, -1.000000000000000000 ) ) ;
#4704 = CARTESIAN_POINT ( 'NONE',  ( -1.149999999999997025, 0.1000000000000000056, 0.8000000000000037081 ) ) ;
#4705 = DIRECTION ( 'NONE',  ( -0.000000000000000000, -1.000000000000000000, 0.000000000000000000 ) ) ;
#4706 = CARTESIAN_POINT ( 'NONE',  ( 1.150000000000000133, 0.1000000000000000056, 0.1499999999999961919 ) ) ;
#4707 = VERTEX_POINT ( 'NONE', #3429 ) ;
#4708 = VERTEX_POINT ( 'NONE', #4970 ) ;
#4709 = LINE ( 'NONE', #3549, #3716 ) ;
#4710 = ORIENTED_EDGE ( 'NONE', *, *, #3316, .T. ) ;
#4711 = VERTEX_POINT ( 'NONE', #1488 ) ;
#4712 = CARTESIAN_POINT ( 'NONE',  ( -1.150000000000002798, 0.2299999999999999545, -0.7999999999999960476 ) ) ;
#4713 = AXIS2_PLACEMENT_3D ( 'NONE', #1836, #4405, #4785 ) ;
#4714 = AXIS2_PLACEMENT_3D ( 'NONE', #2592, #2989, #3014 ) ;
#4715 = VECTOR ( 'NONE', #3249, 1000.000000000000000 ) ;
#4716 = CARTESIAN_POINT ( 'NONE',  ( 1.029999999999994920, 0.2300000000000000100, -1.150000000000003908 ) ) ;
#4717 = ORIENTED_EDGE ( 'NONE', *, *, #3200, .T. ) ;
#4718 = AXIS2_PLACEMENT_3D ( 'NONE', #442, #3116, #2381 ) ;
#4719 = FACE_OUTER_BOUND ( 'NONE', #270, .T. ) ;
#4720 = CARTESIAN_POINT ( 'NONE',  ( 1.150000000000000133, 0.1000000000000000056, 0.1499999999999961919 ) ) ;
#4721 = DIRECTION ( 'NONE',  ( -1.000000000000000000, -0.000000000000000000, 3.491481338843133355E-15 ) ) ;
#4722 = CARTESIAN_POINT ( 'NONE',  ( -1.050000000000003597, 0.1300000000000000044, -1.044948974278314680 ) ) ;
#4723 = CIRCLE ( 'NONE', #1405, 0.1000000000000001582 ) ;
#4724 = ADVANCED_FACE ( 'NONE', ( #3045 ), #4590, .F. ) ;
#4725 = ADVANCED_FACE ( 'NONE', ( #2363 ), #3072, .F. ) ;
#4726 = CARTESIAN_POINT ( 'NONE',  ( 1.150000000000002576, 0.000000000000000000, 0.7999999999999961586 ) ) ;
#4727 = VERTEX_POINT ( 'NONE', #728 ) ;
#4728 = CARTESIAN_POINT ( 'NONE',  ( 1.150000000000001465, 0.1000000000000000056, 0.4999999999999962252 ) ) ;
#4729 = EDGE_CURVE ( 'NONE', #4067, #804, #1587, .T. ) ;
#4730 = ADVANCED_FACE ( 'NONE', ( #3450 ), #1616, .F. ) ;
#4731 = CARTESIAN_POINT ( 'NONE',  ( 1.100000000000001865, 0.8964466094067269353, 0.7999999999999966027 ) ) ;
#4732 = CARTESIAN_POINT ( 'NONE',  ( -1.150000000000000133, 0.1000000000000000056, -0.1499999999999956368 ) ) ;
#4733 = EDGE_CURVE ( 'NONE', #2594, #1742, #370, .T. ) ;
#4734 = LINE ( 'NONE', #871, #3821 ) ;
#4735 = FACE_OUTER_BOUND ( 'NONE', #3917, .T. ) ;
#4736 = EDGE_LOOP ( 'NONE', ( #1406, #4423, #785, #3351, #3889, #747 ) ) ;
#4737 = EDGE_CURVE ( 'NONE', #4879, #1766, #829, .T. ) ;
#4738 = ORIENTED_EDGE ( 'NONE', *, *, #2410, .F. ) ;
#4739 = FACE_BOUND ( 'NONE', #1237, .T. ) ;
#4740 = VERTEX_POINT ( 'NONE', #755 ) ;
#4741 = ORIENTED_EDGE ( 'NONE', *, *, #4210, .T. ) ;
#4742 = CARTESIAN_POINT ( 'NONE',  ( 0.8000000000000031530, 1.000000000000000000, 0.8499999999999974243 ) ) ;
#4743 = CARTESIAN_POINT ( 'NONE',  ( 0.7999999999999991562, 0.1000000000000000056, -0.1500000000000027423 ) ) ;
#4744 = ORIENTED_EDGE ( 'NONE', *, *, #814, .T. ) ;
#4745 = CARTESIAN_POINT ( 'NONE',  ( -0.7999999999999973799, 0.7500000000000000000, 0.8500000000000030864 ) ) ;
#4746 = CARTESIAN_POINT ( 'NONE',  ( 1.150000000000002798, 0.2799999999999998601, 0.7999999999999963807 ) ) ;
#4747 = DIRECTION ( 'NONE',  ( 3.491481338843133355E-15, -0.000000000000000000, 1.000000000000000000 ) ) ;
#4748 = DIRECTION ( 'NONE',  ( 0.000000000000000000, -1.000000000000000000, 0.000000000000000000 ) ) ;
#4749 = ORIENTED_EDGE ( 'NONE', *, *, #3431, .F. ) ;
#4750 = CARTESIAN_POINT ( 'NONE',  ( 0.9757359312880754532, 0.2800000000000016365, 1.099999999999996980 ) ) ;
#4751 = EDGE_LOOP ( 'NONE', ( #1686, #1415 ) ) ;
#4752 = CARTESIAN_POINT ( 'NONE',  ( 2.793185071074505895E-15, 0.000000000000000000, 0.7999999999999997113 ) ) ;
#4753 = FACE_OUTER_BOUND ( 'NONE', #976, .T. ) ;
#4754 = CIRCLE ( 'NONE', #2497, 0.1200000000000000927 ) ;
#4755 = ORIENTED_EDGE ( 'NONE', *, *, #4920, .F. ) ;
#4756 =( GEOMETRIC_REPRESENTATION_CONTEXT ( 3 ) GLOBAL_UNCERTAINTY_ASSIGNED_CONTEXT ( ( #4530 ) ) GLOBAL_UNIT_ASSIGNED_CONTEXT ( ( #1905, #4588, #726 ) ) REPRESENTATION_CONTEXT ( 'NONE', 'WORKASPACE' ) );
#4757 = CARTESIAN_POINT ( 'NONE',  ( -0.7999999999999963807, 0.7499999999999997780, 1.100000000000003419 ) ) ;
#4758 = DIRECTION ( 'NONE',  ( 3.491481338843133355E-15, -0.000000000000000000, 1.000000000000000000 ) ) ;
#4759 = CARTESIAN_POINT ( 'NONE',  ( 0.8000000000000042633, 0.2799999999999998601, 1.149999999999997469 ) ) ;
#4760 = DIRECTION ( 'NONE',  ( -1.000000000000000000, 0.000000000000000000, 3.252606517456510147E-15 ) ) ;
#4761 = EDGE_LOOP ( 'NONE', ( #2861, #1674, #4237, #4936 ) ) ;
#4762 = ORIENTED_EDGE ( 'NONE', *, *, #3828, .F. ) ;
#4763 = CIRCLE ( 'NONE', #4598, 0.2500000000000000000 ) ;
#4764 = FACE_BOUND ( 'NONE', #4911, .T. ) ;
#4765 = VECTOR ( 'NONE', #3036, 1000.000000000000000 ) ;
#4766 = CARTESIAN_POINT ( 'NONE',  ( 1.062891624136443225, 0.1291723363603943797, -0.9539983479848431758 ) ) ;
#4767 = ORIENTED_EDGE ( 'NONE', *, *, #4574, .T. ) ;
#4768 = CARTESIAN_POINT ( 'NONE',  ( 0.7999999999999969358, 0.1000000000000000056, -0.8000000000000027089 ) ) ;
#4769 = AXIS2_PLACEMENT_3D ( 'NONE', #715, #1142, #2280 ) ;
#4770 = LINE ( 'NONE', #1294, #3315 ) ;
#4771 = VERTEX_POINT ( 'NONE', #5014 ) ;
#4772 = VECTOR ( 'NONE', #379, 1000.000000000000000 ) ;
#4773 = CARTESIAN_POINT ( 'NONE',  ( 0.7999999999999980460, 0.1000000000000000056, -0.5000000000000027756 ) ) ;
#4774 = DIRECTION ( 'NONE',  ( 0.000000000000000000, 1.000000000000000000, 0.000000000000000000 ) ) ;
#4775 = CARTESIAN_POINT ( 'NONE',  ( 1.100000000000003197, 0.7499999999999972244, 0.7999999999999966027 ) ) ;
#4776 = ORIENTED_EDGE ( 'NONE', *, *, #2690, .T. ) ;
#4777 = CARTESIAN_POINT ( 'NONE',  ( 1.029999999999996252, 0.2300000000000000100, -1.030000000000003801 ) ) ;
#4778 = ORIENTED_EDGE ( 'NONE', *, *, #4729, .T. ) ;
#4779 = DIRECTION ( 'NONE',  ( -1.000000000000000000, -0.000000000000000000, 3.491481338843133355E-15 ) ) ;
#4780 = LINE ( 'NONE', #4375, #2349 ) ;
#4781 = ORIENTED_EDGE ( 'NONE', *, *, #4580, .F. ) ;
#4782 = LINE ( 'NONE', #2840, #65 ) ;
#4783 = DIRECTION ( 'NONE',  ( -1.000000000000000000, 0.000000000000000000, 3.252606517456510147E-15 ) ) ;
#4784 = FACE_OUTER_BOUND ( 'NONE', #1973, .T. ) ;
#4785 = DIRECTION ( 'NONE',  ( -1.000000000000000000, 0.000000000000000000, 4.111025437406278295E-15 ) ) ;
#4786 = ORIENTED_EDGE ( 'NONE', *, *, #4890, .T. ) ;
#4787 = ORIENTED_EDGE ( 'NONE', *, *, #3207, .T. ) ;
#4788 = PLANE ( 'NONE',  #468 ) ;
#4789 = CARTESIAN_POINT ( 'NONE',  ( 0.9999999999999960032, 0.1914739966757354472, -0.9171572875253833912 ) ) ;
#4790 = ORIENTED_EDGE ( 'NONE', *, *, #2525, .F. ) ;
#4791 = ORIENTED_EDGE ( 'NONE', *, *, #3601, .F. ) ;
#4792 = ADVANCED_FACE ( 'NONE', ( #2391 ), #4639, .F. ) ;
#4793 = LINE ( 'NONE', #1700, #3053 ) ;
#4794 = EDGE_CURVE ( 'NONE', #4411, #1884, #1928, .T. ) ;
#4795 = DIRECTION ( 'NONE',  ( 1.000000000000000000, 0.000000000000000000, -3.491481338843133355E-15 ) ) ;
#4796 = ORIENTED_EDGE ( 'NONE', *, *, #3991, .F. ) ;
#4797 = VECTOR ( 'NONE', #4969, 1000.000000000000000 ) ;
#4798 = CLOSED_SHELL ( 'NONE', ( #214, #3219, #791, #1502, #2576, #4541 ) ) ;
#4799 = CARTESIAN_POINT ( 'NONE',  ( -0.7999999999999979350, 0.1000000000000000056, 0.5000000000000024425 ) ) ;
#4800 = CARTESIAN_POINT ( 'NONE',  ( 0.000000000000000000, 1.000000000000000000, 0.000000000000000000 ) ) ;
#4801 = EDGE_CURVE ( 'NONE', #478, #1345, #4279, .T. ) ;
#4802 = CARTESIAN_POINT ( 'NONE',  ( 0.7999999999999962697, 0.8999999999999998002, -0.8500000000000029754 ) ) ;
#4803 = VECTOR ( 'NONE', #4779, 1000.000000000000000 ) ;
#4804 = AXIS2_PLACEMENT_3D ( 'NONE', #886, #3233, #4366 ) ;
#4805 = FACE_OUTER_BOUND ( 'NONE', #1544, .T. ) ;
#4806 = ORIENTED_EDGE ( 'NONE', *, *, #2254, .T. ) ;
#4807 = DIRECTION ( 'NONE',  ( 1.000000000000000000, 0.000000000000000000, -3.614007241618349954E-15 ) ) ;
#4808 = DIRECTION ( 'NONE',  ( 3.491481338843133355E-15, -0.000000000000000000, 1.000000000000000000 ) ) ;
#4809 = ORIENTED_EDGE ( 'NONE', *, *, #889, .T. ) ;
#4810 = AXIS2_PLACEMENT_3D ( 'NONE', #4800, #4774, #2424 ) ;
#4811 = SURFACE_SIDE_STYLE ('',( #2892 ) ) ;
#4812 = DIRECTION ( 'NONE',  ( 3.491481338843133355E-15, -0.000000000000000000, 1.000000000000000000 ) ) ;
#4813 = CARTESIAN_POINT ( 'NONE',  ( -2.967759138016663352E-15, 1.000000000000000000, -0.8500000000000000888 ) ) ;
#4814 = FACE_OUTER_BOUND ( 'NONE', #3016, .T. ) ;
#4815 = ORIENTED_EDGE ( 'NONE', *, *, #3215, .T. ) ;
#4816 = FACE_OUTER_BOUND ( 'NONE', #4426, .T. ) ;
#4817 = CARTESIAN_POINT ( 'NONE',  ( -0.8499999999999972022, 0.8999999999999998002, 0.8292893218813487399 ) ) ;
#4818 = VERTEX_POINT ( 'NONE', #3845 ) ;
#4819 = ORIENTED_EDGE ( 'NONE', *, *, #2994, .T. ) ;
#4820 = PLANE ( 'NONE',  #1758 ) ;
#4821 = LINE ( 'NONE', #2905, #2094 ) ;
#4822 = EDGE_LOOP ( 'NONE', ( #3477, #3265, #3728, #1865 ) ) ;
#4823 =( NAMED_UNIT ( * ) PLANE_ANGLE_UNIT ( ) SI_UNIT ( $, .RADIAN. ) );
#4824 = LINE ( 'NONE', #888, #1153 ) ;
#4825 = DIRECTION ( 'NONE',  ( -3.801253388124706614E-15, -0.000000000000000000, -1.000000000000000000 ) ) ;
#4826 = DIRECTION ( 'NONE',  ( -1.000000000000000000, 0.000000000000000000, 3.491481338843133355E-15 ) ) ;
#4827 = ORIENTED_EDGE ( 'NONE', *, *, #4515, .F. ) ;
#4828 = LINE ( 'NONE', #280, #1966 ) ;
#4829 = DIRECTION ( 'NONE',  ( 0.000000000000000000, 1.000000000000000000, 0.000000000000000000 ) ) ;
#4830 = EDGE_LOOP ( 'NONE', ( #1225, #2510, #1211, #2342 ) ) ;
#4831 = PRESENTATION_STYLE_ASSIGNMENT (( #2205 ) ) ;
#4832 = DIRECTION ( 'NONE',  ( 0.000000000000000000, 1.000000000000000000, 0.000000000000000000 ) ) ;
#4833 = CARTESIAN_POINT ( 'NONE',  ( 0.8000000000000025979, 0.1000000000000000056, 0.7999999999999972689 ) ) ;
#4834 = ORIENTED_EDGE ( 'NONE', *, *, #550, .F. ) ;
#4835 = EDGE_CURVE ( 'NONE', #1018, #832, #4663, .T. ) ;
#4836 =( GEOMETRIC_REPRESENTATION_CONTEXT ( 3 ) GLOBAL_UNCERTAINTY_ASSIGNED_CONTEXT ( ( #4081 ) ) GLOBAL_UNIT_ASSIGNED_CONTEXT ( ( #1010, #4459, #1799 ) ) REPRESENTATION_CONTEXT ( 'NONE', 'WORKASPACE' ) );
#4837 = CARTESIAN_POINT ( 'NONE',  ( -1.100000000000003419, 0.2800000000000015810, -0.7999999999999959366 ) ) ;
#4838 = ADVANCED_FACE ( 'NONE', ( #2747 ), #1954, .F. ) ;
#4839 = CARTESIAN_POINT ( 'NONE',  ( -0.7999999999999974909, 0.7500000000000015543, 0.8000000000000031530 ) ) ;
#4840 = ORIENTED_EDGE ( 'NONE', *, *, #4471, .T. ) ;
#4841 = VECTOR ( 'NONE', #2526, 1000.000000000000000 ) ;
#4842 = ORIENTED_EDGE ( 'NONE', *, *, #2726, .T. ) ;
#4843 = VECTOR ( 'NONE', #2685, 1000.000000000000000 ) ;
#4844 = EDGE_CURVE ( 'NONE', #4518, #1136, #2313, .T. ) ;
#4845 = CARTESIAN_POINT ( 'NONE',  ( 1.099999999999996314, 0.2507106781186556610, -0.8000000000000039302 ) ) ;
#4846 = ORIENTED_EDGE ( 'NONE', *, *, #3585, .F. ) ;
#4847 =( LENGTH_UNIT ( ) NAMED_UNIT ( * ) SI_UNIT ( .MILLI., .METRE. ) );
#4848 = CARTESIAN_POINT ( 'NONE',  ( -0.8500000000000034195, 0.8999999999999998002, -0.8292893218813426337 ) ) ;
#4849 = LINE ( 'NONE', #3665, #3301 ) ;
#4850 = COLOUR_RGB ( '',0.9686274509803921573, 0.8784313725490195957, 0.5999999999999999778 ) ;
#4851 = VERTEX_POINT ( 'NONE', #1980 ) ;
#4852 = DIRECTION ( 'NONE',  ( -3.181709289561560491E-15, 0.000000000000000000, -1.000000000000000000 ) ) ;
#4853 = ORIENTED_EDGE ( 'NONE', *, *, #758, .F. ) ;
#4854 = PLANE ( 'NONE',  #2546 ) ;
#4855 = DIRECTION ( 'NONE',  ( -1.000000000000000000, -0.000000000000000000, 4.111025437406279084E-15 ) ) ;
#4856 = EDGE_CURVE ( 'NONE', #1659, #2913, #1180, .T. ) ;
#4857 = EDGE_CURVE ( 'NONE', #1635, #4851, #2722, .T. ) ;
#4858 = VERTEX_POINT ( 'NONE', #3100 ) ;
#4859 = EDGE_CURVE ( 'NONE', #779, #4518, #2817, .T. ) ;
#4860 = DIRECTION ( 'NONE',  ( 0.000000000000000000, 1.000000000000000000, 0.000000000000000000 ) ) ;
#4861 = DIRECTION ( 'NONE',  ( -1.000000000000000000, -0.000000000000000000, 4.111025437406278295E-15 ) ) ;
#4862 =( BOUNDED_SURFACE ( )  B_SPLINE_SURFACE ( 3, 3, ( 
 ( #4488, #4537, #2267, #2240 ),
 ( #4180, #1011, #697, #322 ),
 ( #4845, #2186, #3730, #1877 ),
 ( #1374, #4462, #2548, #249 ) ),
 .UNSPECIFIED., .F., .F., .T. ) 
 B_SPLINE_SURFACE_WITH_KNOTS ( ( 4, 4 ),
 ( 4, 4 ),
 ( 0.000000000000000000, 1.000000000000000000 ),
 ( 0.000000000000000000, 1.000000000000000000 ),
 .UNSPECIFIED. ) 
 GEOMETRIC_REPRESENTATION_ITEM ( )  RATIONAL_B_SPLINE_SURFACE ( (
 ( 1.000000000000000000, 0.8047378541243649375, 0.8047378541243649375, 1.000000000000000000),
 ( 0.8047378541243578320, 0.6476030138606819753, 0.6476030138606819753, 0.8047378541243578320),
 ( 0.8047378541243578320, 0.6476030138606819753, 0.6476030138606819753, 0.8047378541243578320),
 ( 1.000000000000000000, 0.8047378541243649375, 0.8047378541243649375, 1.000000000000000000) ) ) 
 REPRESENTATION_ITEM ( '' )  SURFACE ( )  );
#4863 = CARTESIAN_POINT ( 'NONE',  ( -0.9757359312880752311, 0.2507106781186556055, -1.099999999999995426 ) ) ;
#4864 = DIRECTION ( 'NONE',  ( 0.000000000000000000, -1.000000000000000000, 0.000000000000000000 ) ) ;
#4865 = ORIENTED_EDGE ( 'NONE', *, *, #4794, .T. ) ;
#4866 = ORIENTED_EDGE ( 'NONE', *, *, #1495, .T. ) ;
#4867 = EDGE_CURVE ( 'NONE', #999, #1196, #3135, .T. ) ;
#4868 = CARTESIAN_POINT ( 'NONE',  ( -0.8000000000000015987, 0.1000000000000000056, -0.4999999999999966693 ) ) ;
#4869 = ORIENTED_EDGE ( 'NONE', *, *, #2780, .F. ) ;
#4870 = CARTESIAN_POINT ( 'NONE',  ( 0.4999999999999907851, 0.1000000000000000056, -0.9750000000000018652 ) ) ;
#4871 = CARTESIAN_POINT ( 'NONE',  ( 0.8000000000000025979, 0.1000000000000000056, 0.7999999999999972689 ) ) ;
#4872 = CARTESIAN_POINT ( 'NONE',  ( 1.150000000000002576, 0.000000000000000000, 0.7999999999999961586 ) ) ;
#4873 = ORIENTED_EDGE ( 'NONE', *, *, #2105, .T. ) ;
#4874 = CARTESIAN_POINT ( 'NONE',  ( 2.793185071074506684E-15, 0.000000000000000000, 0.8000000000000000444 ) ) ;
#4875 = EDGE_LOOP ( 'NONE', ( #4469, #2730, #2614, #1534 ) ) ;
#4876 = LINE ( 'NONE', #4902, #2133 ) ;
#4877 = FACE_OUTER_BOUND ( 'NONE', #100, .T. ) ;
#4878 = VECTOR ( 'NONE', #2461, 1000.000000000000000 ) ;
#4879 = VERTEX_POINT ( 'NONE', #427 ) ;
#4880 = AXIS2_PLACEMENT_3D ( 'NONE', #4104, #1027, #649 ) ;
#4881 = ADVANCED_FACE ( 'NONE', ( #3175 ), #2671, .F. ) ;
#4882 = FACE_OUTER_BOUND ( 'NONE', #962, .T. ) ;
#4883 = ADVANCED_FACE ( 'NONE', ( #4439 ), #4820, .T. ) ;
#4884 = AXIS2_PLACEMENT_3D ( 'NONE', #3780, #310, #4595 ) ;
#4885 = CARTESIAN_POINT ( 'NONE',  ( -1.062891624136448110, 0.1291723363603947961, -0.7999999999999963807 ) ) ;
#4886 = AXIS2_PLACEMENT_3D ( 'NONE', #639, #4004, #524 ) ;
#4887 = ADVANCED_FACE ( 'NONE', ( #1258 ), #1644, .F. ) ;
#4888 = STYLED_ITEM ( 'NONE', ( #4669 ), #647 ) ;
#4889 = EDGE_CURVE ( 'NONE', #4818, #2796, #4754, .T. ) ;
#4890 = EDGE_CURVE ( 'NONE', #3109, #4559, #4429, .T. ) ;
#4891 = DIRECTION ( 'NONE',  ( -0.000000000000000000, -1.000000000000000000, 0.000000000000000000 ) ) ;
#4892 = DIRECTION ( 'NONE',  ( 0.000000000000000000, 1.000000000000000000, 0.000000000000000000 ) ) ;
#4893 = ORIENTED_EDGE ( 'NONE', *, *, #4209, .F. ) ;
#4894 = VERTEX_POINT ( 'NONE', #907 ) ;
#4895 = DIRECTION ( 'NONE',  ( -3.801253388124705825E-15, 0.000000000000000000, -1.000000000000000000 ) ) ;
#4896 = CARTESIAN_POINT ( 'NONE',  ( 1.099999999999997424, 0.2800000000000015810, -0.8000000000000018208 ) ) ;
#4897 = CARTESIAN_POINT ( 'NONE',  ( 0.7999999999999957145, 0.000000000000000000, -1.150000000000002798 ) ) ;
#4898 = FACE_OUTER_BOUND ( 'NONE', #1230, .T. ) ;
#4899 = ORIENTED_EDGE ( 'NONE', *, *, #3412, .F. ) ;
#4900 = ORIENTED_EDGE ( 'NONE', *, *, #3829, .T. ) ;
#4901 = LINE ( 'NONE', #2074, #3426 ) ;
#4902 = CARTESIAN_POINT ( 'NONE',  ( 1.149999999999998135, 0.1000000000000000056, -0.5000000000000037748 ) ) ;
#4903 = CARTESIAN_POINT ( 'NONE',  ( -1.149999999999997025, 0.1000000000000000056, 0.8000000000000037081 ) ) ;
#4904 = VERTEX_POINT ( 'NONE', #1343 ) ;
#4905 =( NAMED_UNIT ( * ) PLANE_ANGLE_UNIT ( ) SI_UNIT ( $, .RADIAN. ) );
#4906 = CARTESIAN_POINT ( 'NONE',  ( -0.9171572875253847235, 0.2800000000000033573, -0.9999999999999970024 ) ) ;
#4907 = AXIS2_PLACEMENT_3D ( 'NONE', #4253, #4987, #2290 ) ;
#4908 = DIRECTION ( 'NONE',  ( -3.491481338843133355E-15, 0.000000000000000000, -1.000000000000000000 ) ) ;
#4909 = FACE_OUTER_BOUND ( 'NONE', #533, .T. ) ;
#4910 = DIRECTION ( 'NONE',  ( -3.491481338843133355E-15, -0.000000000000000000, -1.000000000000000000 ) ) ;
#4911 = EDGE_LOOP ( 'NONE', ( #1982, #1400, #2285, #4300 ) ) ;
#4912 = ORIENTED_EDGE ( 'NONE', *, *, #3890, .F. ) ;
#4913 = VECTOR ( 'NONE', #2496, 1000.000000000000000 ) ;
#4914 = PLANE ( 'NONE',  #1588 ) ;
#4915 = VECTOR ( 'NONE', #3055, 1000.000000000000000 ) ;
#4916 = LINE ( 'NONE', #3122, #4591 ) ;
#4917 = DIRECTION ( 'NONE',  ( -1.000000000000000000, -0.000000000000000000, 3.491481338843133355E-15 ) ) ;
#4918 = FACE_OUTER_BOUND ( 'NONE', #394, .T. ) ;
#4919 = VECTOR ( 'NONE', #3531, 1000.000000000000000 ) ;
#4920 = EDGE_CURVE ( 'NONE', #158, #2808, #4793, .T. ) ;
#4921 = EDGE_LOOP ( 'NONE', ( #1964, #1759, #70, #1920 ) ) ;
#4922 = CARTESIAN_POINT ( 'NONE',  ( 0.8000000000000031530, 0.9999999999999997780, 0.8499999999999974243 ) ) ;
#4923 = VECTOR ( 'NONE', #3443, 1000.000000000000000 ) ;
#4924 = ORIENTED_EDGE ( 'NONE', *, *, #3258, .T. ) ;
#4925 = CARTESIAN_POINT ( 'NONE',  ( -0.7999999999999992673, 0.000000000000000000, 0.1500000000000027700 ) ) ;
#4926 = DIRECTION ( 'NONE',  ( -1.000000000000000000, 0.000000000000000000, 3.430248998885765781E-15 ) ) ;
#4927 = CARTESIAN_POINT ( 'NONE',  ( -1.149999999999995692, 0.000000000000000000, 1.150000000000003242 ) ) ;
#4928 = ORIENTED_EDGE ( 'NONE', *, *, #2193, .F. ) ;
#4929 = AXIS2_PLACEMENT_3D ( 'NONE', #2505, #4852, #1738 ) ;
#4930 = CARTESIAN_POINT ( 'NONE',  ( 2.793185071074505895E-15, 0.000000000000000000, 0.7999999999999997113 ) ) ;
#4931 = DIRECTION ( 'NONE',  ( -1.000000000000000000, 0.000000000000000000, 3.614007241618349165E-15 ) ) ;
#4932 = EDGE_CURVE ( 'NONE', #3522, #690, #4115, .T. ) ;
#4933 = DIRECTION ( 'NONE',  ( 3.355956067282445301E-15, -0.000000000000000000, 1.000000000000000000 ) ) ;
#4934 = DIRECTION ( 'NONE',  ( -1.000000000000000000, 0.000000000000000000, 3.614007241618347587E-15 ) ) ;
#4935 = CARTESIAN_POINT ( 'NONE',  ( -0.9390431872924165368, 0.2300000000000000655, -1.121330222933822451 ) ) ;
#4936 = ORIENTED_EDGE ( 'NONE', *, *, #4198, .F. ) ;
#4937 = VERTEX_POINT ( 'NONE', #2850 ) ;
#4938 = CARTESIAN_POINT ( 'NONE',  ( 0.9999999999999974465, 5.111269837220810075, -0.8000000000000014877 ) ) ;
#4939 = EDGE_CURVE ( 'NONE', #92, #771, #2735, .T. ) ;
#4940 = EDGE_CURVE ( 'NONE', #4242, #1438, #4413, .T. ) ;
#4941 = CARTESIAN_POINT ( 'NONE',  ( -0.8000000000000014877, 0.1000000000000000056, -0.4999999999999966693 ) ) ;
#4942 = ADVANCED_FACE ( 'NONE', ( #938 ), #3978, .T. ) ;
#4943 = CARTESIAN_POINT ( 'NONE',  ( -0.9171572875253760637, 0.1914739966757364742, 1.000000000000000666 ) ) ;
#4944 = LINE ( 'NONE', #4613, #582 ) ;
#4945 = EDGE_CURVE ( 'NONE', #1498, #4544, #502, .T. ) ;
#4946 = DIRECTION ( 'NONE',  ( -1.000000000000000000, 0.000000000000000000, 3.491481338843133355E-15 ) ) ;
#4947 = ORIENTED_EDGE ( 'NONE', *, *, #1235, .F. ) ;
#4948 = ADVANCED_FACE ( 'NONE', ( #2801 ), #148, .T. ) ;
#4949 = ORIENTED_EDGE ( 'NONE', *, *, #2178, .F. ) ;
#4950 = FILL_AREA_STYLE ('',( #375 ) ) ;
#4951 = FACE_OUTER_BOUND ( 'NONE', #2462, .T. ) ;
#4952 = FACE_OUTER_BOUND ( 'NONE', #2549, .T. ) ;
#4953 = DIRECTION ( 'NONE',  ( -0.000000000000000000, -1.000000000000000000, 0.000000000000000000 ) ) ;
#4954 = ORIENTED_EDGE ( 'NONE', *, *, #2041, .T. ) ;
#4955 = FACE_OUTER_BOUND ( 'NONE', #2211, .T. ) ;
#4956 = PLANE ( 'NONE',  #3389 ) ;
#4957 = VECTOR ( 'NONE', #1906, 1000.000000000000000 ) ;
#4958 = VECTOR ( 'NONE', #3919, 1000.000000000000000 ) ;
#4959 = CIRCLE ( 'NONE', #741, 0.1499999999999999667 ) ;
#4960 = AXIS2_PLACEMENT_3D ( 'NONE', #38, #1577, #4682 ) ;
#4961 = DIRECTION ( 'NONE',  ( 0.000000000000000000, 1.000000000000000000, 0.000000000000000000 ) ) ;
#4962 = CARTESIAN_POINT ( 'NONE',  ( 0.8000000000000003775, 0.1000000000000000056, 0.1499999999999972744 ) ) ;
#4963 = CARTESIAN_POINT ( 'NONE',  ( 1.149999999999999245, 0.1000000000000000056, -0.1500000000000037415 ) ) ;
#4964 = ORIENTED_EDGE ( 'NONE', *, *, #3922, .T. ) ;
#4965 = ORIENTED_EDGE ( 'NONE', *, *, #77, .T. ) ;
#4966 = AXIS2_PLACEMENT_3D ( 'NONE', #917, #4417, #942 ) ;
#4967 = PLANE ( 'NONE',  #3144 ) ;
#4968 = SURFACE_SIDE_STYLE ('',( #3427 ) ) ;
#4969 = DIRECTION ( 'NONE',  ( -0.000000000000000000, -1.000000000000000000, -0.000000000000000000 ) ) ;
#4970 = CARTESIAN_POINT ( 'NONE',  ( 1.149999999999995692, 0.1000000000000000056, -1.150000000000003908 ) ) ;
#4971 = ORIENTED_EDGE ( 'NONE', *, *, #2265, .F. ) ;
#4972 = ORIENTED_EDGE ( 'NONE', *, *, #822, .F. ) ;
#4973 = CARTESIAN_POINT ( 'NONE',  ( 0.8000000000000002665, 0.1000000000000000056, 0.1499999999999972744 ) ) ;
#4974 = CARTESIAN_POINT ( 'NONE',  ( -0.9171572875253773960, 0.7499999999999997780, 1.000000000000003553 ) ) ;
#4975 = DIRECTION ( 'NONE',  ( -1.000000000000000000, 0.000000000000000000, 3.491481338843133355E-15 ) ) ;
#4976 = VERTEX_POINT ( 'NONE', #4011 ) ;
#4977 = DIRECTION ( 'NONE',  ( 0.000000000000000000, 1.000000000000000000, 0.000000000000000000 ) ) ;
#4978 = DIRECTION ( 'NONE',  ( -0.000000000000000000, -1.000000000000000000, 0.000000000000000000 ) ) ;
#4979 = CARTESIAN_POINT ( 'NONE',  ( -0.7999999999999979350, 0.1000000000000000056, 0.5000000000000024425 ) ) ;
#4980 = DIRECTION ( 'NONE',  ( -1.000000000000000000, 0.000000000000000000, 3.614007241618345221E-15 ) ) ;
#4981 = DIRECTION ( 'NONE',  ( -3.491481338843133355E-15, 0.000000000000000000, -1.000000000000000000 ) ) ;
#4982 = VERTEX_POINT ( 'NONE', #531 ) ;
#4983 = VERTEX_POINT ( 'NONE', #3228 ) ;
#4984 = EDGE_CURVE ( 'NONE', #1618, #2245, #171, .T. ) ;
#4985 = DIRECTION ( 'NONE',  ( 1.000000000000000000, -0.000000000000000000, -2.871937240279988021E-15 ) ) ;
#4986 = DIRECTION ( 'NONE',  ( -1.000000000000000000, 0.000000000000000000, 3.491481338843133355E-15 ) ) ;
#4987 = DIRECTION ( 'NONE',  ( 1.000000000000000000, 0.000000000000000000, -3.801253388124706614E-15 ) ) ;
#4988 = EDGE_CURVE ( 'NONE', #1884, #903, #2115, .T. ) ;
#4989 = EDGE_LOOP ( 'NONE', ( #1332, #1436, #3878, #2439 ) ) ;
#4990 = VERTEX_POINT ( 'NONE', #4768 ) ;
#4991 = DIRECTION ( 'NONE',  ( 1.000000000000000000, 0.000000000000000000, -3.491481338843133355E-15 ) ) ;
#4992 = CARTESIAN_POINT ( 'NONE',  ( -1.049999999999997158, 0.1681966011250106419, 0.8840309863421775827 ) ) ;
#4993 = CARTESIAN_POINT ( 'NONE',  ( 0.7999999999999941602, 0.2299999999999999545, -1.150000000000003020 ) ) ;
#4994 = VECTOR ( 'NONE', #798, 1000.000000000000000 ) ;
#4995 = ORIENTED_EDGE ( 'NONE', *, *, #454, .F. ) ;
#4996 = UNCERTAINTY_MEASURE_WITH_UNIT (LENGTH_MEASURE( 1.000000000000000082E-05 ), #1521, 'distance_accuracy_value', 'NONE');
#4997 = VECTOR ( 'NONE', #792, 1000.000000000000000 ) ;
#4998 = PLANE ( 'NONE',  #3146 ) ;
#4999 = CARTESIAN_POINT ( 'NONE',  ( 0.8000000000000014877, 0.1000000000000000056, 0.4999999999999971689 ) ) ;
#5000 = EDGE_CURVE ( 'NONE', #4693, #2252, #2132, .T. ) ;
#5001 = EDGE_CURVE ( 'NONE', #967, #1369, #296, .T. ) ;
#5002 = STYLED_ITEM ( 'NONE', ( #565 ), #3879 ) ;
#5003 = LINE ( 'NONE', #3115, #4923 ) ;
#5004 = VECTOR ( 'NONE', #616, 1000.000000000000000 ) ;
#5005 = CARTESIAN_POINT ( 'NONE',  ( -0.7999999999999963807, 0.2299999999999999545, 1.150000000000002576 ) ) ;
#5006 = CARTESIAN_POINT ( 'NONE',  ( 1.000000000000002887, 0.2800000000000037459, 0.7999999999999969358 ) ) ;
#5007 = ORIENTED_EDGE ( 'NONE', *, *, #3453, .F. ) ;
#5008 = ADVANCED_FACE ( 'NONE', ( #1752 ), #627, .T. ) ;
#5009 = ORIENTED_EDGE ( 'NONE', *, *, #4361, .F. ) ;
#5010 = CARTESIAN_POINT ( 'NONE',  ( 0.7999999999999980460, 0.1000000000000000056, -0.5000000000000027756 ) ) ;
#5011 = EDGE_LOOP ( 'NONE', ( #3653, #823, #712, #3830 ) ) ;
#5012 = EDGE_CURVE ( 'NONE', #3226, #3632, #2569, .T. ) ;
#5013 = CARTESIAN_POINT ( 'NONE',  ( 1.149999999999998135, 0.000000000000000000, -0.5000000000000037748 ) ) ;
#5014 = CARTESIAN_POINT ( 'NONE',  ( 1.149999999999996581, 0.1300000000000000044, -1.030000000000003801 ) ) ;
ENDSEC;
END-ISO-10303-21;
